Timestamp,User Count,Type,Name,Requests/s,Failures/s,50%,66%,75%,80%,90%,95%,98%,99%,99.9%,99.99%,100%,Total Request Count,Total Failure Count,Total Median Response Time,Total Average Response Time,Total Min Response Time,Total Max Response Time,Total Average Content Size
1790263774,0,,Aggregated,0.000000,0.000000,N/A,N/A,N/A,N/A,N/A,N/A,N/A,N/A,N/A,N/A,N/A,0,0,0,0.0,0,0,0
1790263775,50,POST,POST /webhooks/im/messages,0.000000,0.000000,0,0,0,0,0,0,0,0,0,0,0,250,0,52,72.5970951913041,4.307708004489541,220.76141700381413,74.0
1790263775,50,,Aggregated,0.000000,0.000000,0,0,0,0,0,0,0,0,0,0,0,250,0,52,72.5970951913041,4.307708004489541,220.76141700381413,74.0
1790263776,50,POST,POST /webhooks/im/messages,0.000000,0.000000,0,0,0,0,0,0,0,0,0,0,0,463,0,130.0,124.83978543360038,4.307708004489541,406.5118330036057,74.0
1790263776,50,,Aggregated,0.000000,0.000000,130,160,180,200,230,250,270,320,410,410,410,463,0,130.0,124.83978543360038,4.307708004489541,406.5118330036057,74.0
1790263777,50,POST,POST /webhooks/im/messages,0.000000,0.000000,130,160,170,190,230,250,270,320,410,410,410,719,0,110.0,113.82361868963015,4.307708004489541,406.5118330036057,74.0
1790263777,50,,Aggregated,0.000000,0.000000,110,140,160,170,210,240,260,270,410,410,410,719,0,110.0,113.82361868963015,4.307708004489541,406.5118330036057,74.0
1790263778,50,POST,POST /webhooks/im/messages,125.000000,0.000000,110,150,160,170,220,240,260,280,410,410,410,965,0,100.0,110.56764185886439,4.307708004489541,406.5118330036057,74.0
1790263778,50,,Aggregated,125.000000,0.000000,100,130,150,170,200,230,250,270,410,410,410,965,0,100.0,110.56764185886439,4.307708004489541,406.5118330036057,74.0
1790263779,50,POST,POST /webhooks/im/messages,164.666667,0.000000,110,130,150,160,200,230,250,270,410,410,410,1230,0,98,107.22682396157236,4.307708004489541,406.5118330036057,74.0
1790263779,50,,Aggregated,164.666667,0.000000,99,120,150,160,190,220,250,270,340,410,410,1230,0,98,107.22682396157236,4.307708004489541,406.5118330036057,74.0
1790263780,50,POST,POST /webhooks/im/messages,187.250000,0.000000,100,130,150,160,200,230,250,270,340,410,410,1472,0,96,106.0149127008374,4.307708004489541,406.5118330036057,74.0
1790263780,50,,Aggregated,187.250000,0.000000,96,120,140,160,190,220,250,260,340,410,410,1472,0,96,106.0149127008374,4.307708004489541,406.5118330036057,74.0
1790263781,50,POST,POST /webhooks/im/messages,200.800000,0.000000,97,120,140,160,190,220,250,260,340,410,410,1726,0,94,102.41140093030364,4.307708004489541,406.5118330036057,74.0
1790263781,50,,Aggregated,200.800000,0.000000,94,120,140,150,190,220,250,260,340,410,410,1726,0,94,102.41140093030364,4.307708004489541,406.5118330036057,74.0
1790263782,50,POST,POST /webhooks/im/messages,208.500000,0.000000,94,120,140,150,190,220,250,260,340,410,410,1982,0,89,100.00916236567976,4.307708004489541,406.5118330036057,74.0
1790263782,50,,Aggregated,208.500000,0.000000,89,110,140,150,180,210,240,260,340,410,410,1982,0,89,100.00916236567976,4.307708004489541,406.5118330036057,74.0
1790263783,50,POST,POST /webhooks/im/messages,215.285714,0.000000,91,120,140,150,190,220,250,260,340,410,410,2200,0,88,98.67318845710543,4.307708004489541,406.5118330036057,74.0
1790263783,50,,Aggregated,215.285714,0.000000,88,110,140,150,180,210,240,260,330,410,410,2200,0,88,98.67318845710543,4.307708004489541,406.5118330036057,74.0
1790263784,50,POST,POST /webhooks/im/messages,219.500000,0.000000,97,120,150,160,190,220,250,270,380,460,460,2449,0,95,103.68675428610744,4.307708004489541,458.85845900920685,74.0
1790263784,50,,Aggregated,219.500000,0.000000,95,120,140,160,190,220,250,270,380,460,460,2449,0,95,103.68675428610744,4.307708004489541,458.85845900920685,74.0
1790263785,50,POST,POST /webhooks/im/messages,223.000000,0.000000,100,130,150,160,200,230,260,280,380,460,460,2675,0,98,107.82940541107368,4.307708004489541,458.85845900920685,74.0
1790263785,50,,Aggregated,223.000000,0.000000,100,130,150,160,200,230,260,280,380,460,460,2675,0,98,107.82940541107368,4.307708004489541,458.85845900920685,74.0
1790263786,50,POST,POST /webhooks/im/messages,224.100000,0.000000,100,130,150,160,200,230,270,290,410,480,480,2902,0,100.0,114.29467111388222,4.307708004489541,480.9764579986222,74.0
1790263786,50,,Aggregated,224.100000,0.000000,100,130,150,160,200,230,270,290,410,480,480,2902,0,100.0,114.29467111388222,4.307708004489541,480.9764579986222,74.0
1790263787,50,POST,POST /webhooks/im/messages,247.500000,0.000000,110,140,160,170,210,240,280,310,460,540,540,3132,0,110.0,117.66337808955865,4.307708004489541,540.3227500064531,74.0
1790263787,50,,Aggregated,247.500000,0.000000,110,140,160,170,210,240,280,310,460,540,540,3132,0,110.0,117.66337808955865,4.307708004489541,540.3227500064531,74.0
1790263788,50,POST,POST /webhooks/im/messages,243.900000,0.000000,110,140,160,170,210,250,280,320,460,540,540,3378,0,110.0,117.1163049459405,4.307708004489541,540.3227500064531,74.0
1790263788,50,,Aggregated,243.900000,0.000000,110,140,160,170,210,250,280,320,460,540,540,3378,0,110.0,117.1163049459405,4.307708004489541,540.3227500064531,74.0
1790263789,50,POST,POST /webhooks/im/messages,243.300000,0.000000,110,140,160,180,220,250,290,320,460,540,540,3648,0,110.0,115.96739116015941,4.307708004489541,540.3227500064531,74.0
1790263789,50,,Aggregated,243.300000,0.000000,110,140,160,180,220,250,290,320,460,540,540,3648,0,110.0,115.96739116015941,4.307708004489541,540.3227500064531,74.0
1790263790,50,POST,POST /webhooks/im/messages,240.800000,0.000000,110,150,160,180,210,250,290,320,460,540,540,3878,0,110.0,115.02236345028908,4.307708004489541,540.3227500064531,74.0
1790263790,50,,Aggregated,240.800000,0.000000,110,150,160,180,210,250,290,320,460,540,540,3878,0,110.0,115.02236345028908,4.307708004489541,540.3227500064531,74.0
1790263791,50,POST,POST /webhooks/im/messages,238.200000,0.000000,110,150,160,180,210,250,290,320,460,540,540,4135,0,100.0,112.39922892196276,4.307708004489541,540.3227500064531,74.0
1790263791,50,,Aggregated,238.200000,0.000000,110,150,160,180,210,250,290,320,460,540,540,4135,0,100.0,112.39922892196276,4.307708004489541,540.3227500064531,74.0
1790263792,50,POST,POST /webhooks/im/messages,240.500000,0.000000,120,150,170,190,220,260,290,330,460,540,540,4370,0,110.0,115.53216311677764,4.307708004489541,540.3227500064531,74.0
1790263792,50,,Aggregated,240.500000,0.000000,120,150,170,190,220,260,290,330,460,540,540,4370,0,110.0,115.53216311677764,4.307708004489541,540.3227500064531,74.0
1790263793,50,POST,POST /webhooks/im/messages,239.200000,0.000000,130,160,170,190,230,260,300,340,460,540,540,4618,0,110.0,116.63996945811023,4.307708004489541,540.3227500064531,74.0
1790263793,50,,Aggregated,239.200000,0.000000,130,160,170,190,230,260,300,340,460,540,540,4618,0,110.0,116.63996945811023,4.307708004489541,540.3227500064531,74.0
1790263794,50,POST,POST /webhooks/im/messages,238.400000,0.000000,130,150,170,180,230,260,290,330,420,540,540,4882,0,110.0,117.0779186676678,4.307708004489541,540.3227500064531,74.0
1790263794,50,,Aggregated,238.400000,0.000000,130,150,170,180,230,260,290,330,420,540,540,4882,0,110.0,117.0779186676678,4.307708004489541,540.3227500064531,74.0
1790263795,50,POST,POST /webhooks/im/messages,237.200000,0.000000,120,150,170,180,220,250,290,330,420,540,540,5119,0,110.0,116.8476011888474,4.307708004489541,540.3227500064531,74.0
1790263795,50,,Aggregated,237.200000,0.000000,120,150,170,180,220,250,290,330,420,540,540,5119,0,110.0,116.8476011888474,4.307708004489541,540.3227500064531,74.0
1790263796,50,POST,POST /webhooks/im/messages,238.600000,0.000000,110,150,170,180,210,240,290,320,410,430,430,5325,0,110.0,117.70831208898,4.307708004489541,540.3227500064531,74.0
1790263796,50,,Aggregated,238.600000,0.000000,110,150,170,180,210,240,290,320,410,430,430,5325,0,110.0,117.70831208898,4.307708004489541,540.3227500064531,74.0
1790263797,50,POST,POST /webhooks/im/messages,242.100000,0.000000,110,150,170,180,210,240,290,310,420,430,430,5586,0,110.0,119.8846093469086,4.307708004489541,540.3227500064531,74.0
1790263797,50,,Aggregated,242.100000,0.000000,110,150,170,180,210,240,290,310,420,430,430,5586,0,110.0,119.8846093469086,4.307708004489541,540.3227500064531,74.0
1790263798,50,POST,POST /webhooks/im/messages,244.200000,0.000000,120,150,170,190,220,260,290,320,430,440,440,5814,0,110.0,121.36769102509571,4.307708004489541,540.3227500064531,74.0
1790263798,50,,Aggregated,244.200000,0.000000,120,150,170,190,220,260,290,320,430,440,440,5814,0,110.0,121.36769102509571,4.307708004489541,540.3227500064531,74.0
1790263799,50,POST,POST /webhooks/im/messages,241.600000,0.000000,120,150,170,180,210,250,290,320,430,440,440,6061,0,110.0,119.48226810212577,4.307708004489541,540.3227500064531,74.0
1790263799,50,,Aggregated,241.600000,0.000000,120,150,170,180,210,250,290,320,430,440,440,6061,0,110.0,119.48226810212577,4.307708004489541,540.3227500064531,74.0
1790263800,50,POST,POST /webhooks/im/messages,243.900000,0.000000,110,150,170,180,210,250,290,330,430,440,440,6294,0,110.0,117.69036508261175,4.307708004489541,540.3227500064531,74.0
1790263800,50,,Aggregated,243.900000,0.000000,110,150,170,180,210,250,290,330,430,440,440,6294,0,110.0,117.69036508261175,4.307708004489541,540.3227500064531,74.0
1790263801,50,POST,POST /webhooks/im/messages,243.700000,0.000000,120,150,180,190,230,270,310,340,430,440,440,6537,0,110.0,119.36631881059469,4.307708004489541,540.3227500064531,74.0
1790263801,50,,Aggregated,243.700000,0.000000,120,150,180,190,230,270,310,340,430,440,440,6537,0,110.0,119.36631881059469,4.307708004489541,540.3227500064531,74.0
1790263802,50,POST,POST /webhooks/im/messages,241.400000,0.000000,110,140,170,180,220,260,300,330,430,440,440,6806,0,110.0,118.87337837862349,4.307708004489541,540.3227500064531,74.0
1790263802,50,,Aggregated,241.400000,0.000000,110,140,170,180,220,260,300,330,430,440,440,6806,0,110.0,118.87337837862349,4.307708004489541,540.3227500064531,74.0
1790263803,50,POST,POST /webhooks/im/messages,239.500000,0.000000,110,140,170,180,210,260,300,330,430,440,440,7055,0,110.0,117.74528695703656,4.307708004489541,540.3227500064531,74.0
1790263803,50,,Aggregated,239.500000,0.000000,110,140,170,180,210,260,300,330,430,440,440,7055,0,110.0,117.74528695703656,4.307708004489541,540.3227500064531,74.0
1790263804,50,POST,POST /webhooks/im/messages,239.800000,0.000000,110,140,170,180,210,260,290,330,430,440,440,7278,0,110.0,118.81173541217541,4.307708004489541,540.3227500064531,74.0
1790263804,50,,Aggregated,239.800000,0.000000,110,140,170,180,210,260,290,330,430,440,440,7278,0,110.0,118.81173541217541,4.307708004489541,540.3227500064531,74.0
1790263805,50,POST,POST /webhooks/im/messages,242.700000,0.000000,120,150,170,180,220,270,300,340,430,440,440,7501,0,110.0,120.31794769201981,4.307708004489541,540.3227500064531,74.0
1790263805,50,,Aggregated,242.700000,0.000000,120,150,170,180,220,270,300,340,430,440,440,7501,0,110.0,120.31794769201981,4.307708004489541,540.3227500064531,74.0
1790263806,50,POST,POST /webhooks/im/messages,243.000000,0.000000,120,150,160,180,210,270,300,340,430,440,440,7769,0,110.0,119.9635453025747,4.307708004489541,540.3227500064531,74.0
1790263806,50,,Aggregated,243.000000,0.000000,120,150,160,180,210,270,300,340,430,440,440,7769,0,110.0,119.9635453025747,4.307708004489541,540.3227500064531,74.0
1790263807,50,POST,POST /webhooks/im/messages,238.200000,0.000000,110,140,150,170,200,260,290,330,420,440,440,8018,0,110.0,119.03195607316631,4.307708004489541,540.3227500064531,74.0
1790263807,50,,Aggregated,238.200000,0.000000,110,140,150,170,200,260,290,330,420,440,440,8018,0,110.0,119.03195607316631,4.307708004489541,540.3227500064531,74.0
1790263808,50,POST,POST /webhooks/im/messages,237.400000,0.000000,100,130,150,160,190,240,280,300,410,440,440,8279,0,110.0,117.84501483350859,4.307708004489541,540.3227500064531,74.0
1790263808,50,,Aggregated,237.400000,0.000000,100,130,150,160,190,240,280,300,410,440,440,8279,0,110.0,117.84501483350859,4.307708004489541,540.3227500064531,74.0
1790263809,50,POST,POST /webhooks/im/messages,242.800000,0.000000,100,130,150,160,190,240,280,300,410,440,440,8521,0,110.0,117.08413133488115,4.307708004489541,540.3227500064531,74.0
1790263809,50,,Aggregated,242.800000,0.000000,100,130,150,160,190,240,280,300,410,440,440,8521,0,110.0,117.08413133488115,4.307708004489541,540.3227500064531,74.0
1790263810,50,POST,POST /webhooks/im/messages,242.300000,0.000000,110,140,160,170,200,260,290,320,410,440,440,8749,0,110.0,118.10254202851192,4.307708004489541,540.3227500064531,74.0
1790263810,50,,Aggregated,242.300000,0.000000,110,140,160,170,200,260,290,320,410,440,440,8749,0,110.0,118.10254202851192,4.307708004489541,540.3227500064531,74.0
1790263812,50,POST,POST /webhooks/im/messages,245.600000,0.000000,110,140,160,170,200,240,280,290,390,420,420,8990,0,110.0,118.65815033498461,4.307708004489541,540.3227500064531,74.0
1790263812,50,,Aggregated,245.600000,0.000000,110,140,160,170,200,240,280,290,390,420,420,8990,0,110.0,118.65815033498461,4.307708004489541,540.3227500064531,74.0
1790263813,50,POST,POST /webhooks/im/messages,245.100000,0.000000,110,140,160,170,200,240,280,290,390,420,420,9256,0,110.0,117.56997151993093,4.307708004489541,540.3227500064531,74.0
1790263813,50,,Aggregated,245.100000,0.000000,110,140,160,170,200,240,280,290,390,420,420,9256,0,110.0,117.56997151993093,4.307708004489541,540.3227500064531,74.0
1790263814,50,POST,POST /webhooks/im/messages,245.200000,0.000000,100,130,150,160,200,250,280,300,410,430,430,9483,0,110.0,117.4004211163539,4.307708004489541,540.3227500064531,74.0
1790263814,50,,Aggregated,245.200000,0.000000,100,130,150,160,200,250,280,300,410,430,430,9483,0,110.0,117.4004211163539,4.307708004489541,540.3227500064531,74.0
1790263815,50,POST,POST /webhooks/im/messages,245.000000,0.000000,100,130,140,160,190,230,260,280,360,430,430,9715,0,110.0,117.65532340859245,4.307708004489541,540.3227500064531,74.0
1790263815,50,,Aggregated,245.000000,0.000000,100,130,140,160,190,230,260,280,360,430,430,9715,0,110.0,117.65532340859245,4.307708004489541,540.3227500064531,74.0
1790263816,50,POST,POST /webhooks/im/messages,245.000000,0.000000,100,130,140,160,190,220,260,280,350,430,430,9966,0,110.0,117.69936521480032,4.025208996608853,540.3227500064531,74.0
1790263816,50,,Aggregated,245.000000,0.000000,100,130,140,160,190,220,260,280,350,430,430,9966,0,110.0,117.69936521480032,4.025208996608853,540.3227500064531,74.0
1790263817,50,POST,POST /webhooks/im/messages,243.500000,0.000000,100,130,140,160,180,220,250,280,350,430,430,10222,0,110.0,116.95633327838685,3.4604160027811304,540.3227500064531,74.0
1790263817,50,,Aggregated,243.500000,0.000000,100,130,140,160,180,220,250,280,350,430,430,10222,0,110.0,116.95633327838685,3.4604160027811304,540.3227500064531,74.0
1790263818,50,POST,POST /webhooks/im/messages,243.500000,0.000000,110,130,150,160,190,220,260,280,350,430,430,10485,0,110.0,116.38567923497033,3.4604160027811304,540.3227500064531,74.0
1790263818,50,,Aggregated,243.500000,0.000000,110,130,150,160,190,220,260,280,350,430,430,10485,0,110.0,116.38567923497033,3.4604160027811304,540.3227500064531,74.0
1790263819,50,POST,POST /webhooks/im/messages,244.900000,0.000000,110,130,150,160,190,230,260,290,350,430,430,10684,0,110.0,116.05718386040755,3.4604160027811304,540.3227500064531,74.0
1790263819,50,,Aggregated,244.900000,0.000000,110,130,150,160,190,230,260,290,350,430,430,10684,0,110.0,116.05718386040755,3.4604160027811304,540.3227500064531,74.0
1790263820,50,POST,POST /webhooks/im/messages,246.600000,0.000000,100,130,140,160,190,230,280,310,380,430,430,10968,0,110.0,116.50789396951393,3.4604160027811304,540.3227500064531,74.0
1790263820,50,,Aggregated,246.600000,0.000000,100,130,140,160,190,230,280,310,380,430,430,10968,0,110.0,116.50789396951393,3.4604160027811304,540.3227500064531,74.0
1790263821,50,POST,POST /webhooks/im/messages,240.100000,0.000000,99,120,140,150,180,220,280,310,380,430,430,11226,0,110.0,116.11520842807249,3.4604160027811304,540.3227500064531,74.0
1790263821,50,,Aggregated,240.100000,0.000000,99,120,140,150,180,220,280,310,380,430,430,11226,0,110.0,116.11520842807249,3.4604160027811304,540.3227500064531,74.0
1790263822,50,POST,POST /webhooks/im/messages,244.100000,0.000000,98,120,140,150,180,220,280,310,380,430,430,11474,0,110.0,115.14728239781769,3.4604160027811304,540.3227500064531,74.0
1790263822,50,,Aggregated,244.100000,0.000000,98,120,140,150,180,220,280,310,380,430,430,11474,0,110.0,115.14728239781769,3.4604160027811304,540.3227500064531,74.0
1790263823,50,POST,POST /webhooks/im/messages,247.400000,0.000000,95,120,140,150,170,210,270,290,380,390,390,11705,0,110.0,114.22435178433615,2.8424579941201955,540.3227500064531,74.0
1790263823,50,,Aggregated,247.400000,0.000000,95,120,140,150,170,210,270,290,380,390,390,11705,0,110.0,114.22435178433615,2.8424579941201955,540.3227500064531,74.0
1790263824,50,POST,POST /webhooks/im/messages,247.300000,0.000000,95,120,140,150,180,230,280,310,390,420,420,11957,0,110.0,114.98593553145898,2.8424579941201955,540.3227500064531,74.0
1790263824,50,,Aggregated,247.300000,0.000000,95,120,140,150,180,230,280,310,390,420,420,11957,0,110.0,114.98593553145898,2.8424579941201955,540.3227500064531,74.0
1790263825,50,POST,POST /webhooks/im/messages,244.300000,0.000000,95,120,140,150,190,230,280,320,390,420,420,12183,0,110.0,115.35101337541661,2.8424579941201955,540.3227500064531,74.0
1790263825,50,,Aggregated,244.300000,0.000000,95,120,140,150,190,230,280,320,390,420,420,12183,0,110.0,115.35101337541661,2.8424579941201955,540.3227500064531,74.0
1790263826,50,POST,POST /webhooks/im/messages,247.100000,0.000000,100,130,150,170,210,260,300,350,420,570,570,12402,0,110.0,116.41426002561512,2.8424579941201955,569.7922090039356,74.0
1790263826,50,,Aggregated,247.100000,0.000000,100,130,150,170,210,260,300,350,420,570,570,12402,0,110.0,116.41426002561512,2.8424579941201955,569.7922090039356,74.0
1790263827,50,POST,POST /webhooks/im/messages,246.300000,0.000000,100,130,150,170,210,260,300,350,420,570,570,12661,0,110.0,116.08034793946838,2.8424579941201955,569.7922090039356,74.0
1790263827,50,,Aggregated,246.300000,0.000000,100,130,150,170,210,260,300,350,420,570,570,12661,0,110.0,116.08034793946838,2.8424579941201955,569.7922090039356,74.0
1790263828,50,POST,POST /webhooks/im/messages,242.000000,0.000000,99,130,150,170,210,260,300,340,420,570,570,12895,0,110.0,115.66803719648134,2.8424579941201955,569.7922090039356,74.0
1790263828,50,,Aggregated,242.000000,0.000000,99,130,150,170,210,260,300,340,420,570,570,12895,0,110.0,115.66803719648134,2.8424579941201955,569.7922090039356,74.0
1790263829,50,POST,POST /webhooks/im/messages,243.400000,0.000000,97,120,140,160,200,230,280,330,420,570,570,13130,0,110.0,115.42138324406339,2.8424579941201955,569.7922090039356,74.0
1790263829,50,,Aggregated,243.400000,0.000000,97,120,140,160,200,230,280,330,420,570,570,13130,0,110.0,115.42138324406339,2.8424579941201955,569.7922090039356,74.0
1790263830,50,POST,POST /webhooks/im/messages,239.100000,0.000000,100,130,150,160,200,230,280,330,420,570,570,13372,0,110.0,115.63451340596892,2.8424579941201955,569.7922090039356,74.0
1790263830,50,,Aggregated,239.100000,0.000000,100,130,150,160,200,230,280,330,420,570,570,13372,0,110.0,115.63451340596892,2.8424579941201955,569.7922090039356,74.0
1790263831,50,POST,POST /webhooks/im/messages,244.800000,0.000000,110,140,170,180,220,270,320,370,490,790,790,13601,0,110.0,117.10234099138256,2.8424579941201955,786.4237089961534,74.0
1790263831,50,,Aggregated,244.800000,0.000000,110,140,170,180,220,270,320,370,490,790,790,13601,0,110.0,117.10234099138256,2.8424579941201955,786.4237089961534,74.0
1790263832,50,POST,POST /webhooks/im/messages,240.600000,0.000000,120,150,170,180,220,270,310,370,490,790,790,13876,0,110.0,117.01869681290269,2.8424579941201955,786.4237089961534,74.0
1790263832,50,,Aggregated,240.600000,0.000000,120,150,170,180,220,270,310,370,490,790,790,13876,0,110.0,117.01869681290269,2.8424579941201955,786.4237089961534,74.0
1790263833,50,POST,POST /webhooks/im/messages,236.700000,0.000000,110,140,160,180,210,260,310,370,490,790,790,14128,0,110.0,116.11452125317506,2.8424579941201955,786.4237089961534,74.0
1790263833,50,,Aggregated,236.700000,0.000000,110,140,160,180,210,260,310,370,490,790,790,14128,0,110.0,116.11452125317506,2.8424579941201955,786.4237089961534,74.0
1790263834,50,POST,POST /webhooks/im/messages,239.800000,0.000000,100,130,150,170,200,250,310,370,490,790,790,14379,0,110.0,115.33413338228577,2.8424579941201955,786.4237089961534,74.0
1790263834,50,,Aggregated,239.800000,0.000000,100,130,150,170,200,250,310,370,490,790,790,14379,0,110.0,115.33413338228577,2.8424579941201955,786.4237089961534,74.0
1790263835,50,POST,POST /webhooks/im/messages,241.200000,0.000000,96,120,140,160,200,220,290,310,420,790,790,14596,0,110.0,115.26659221731457,2.8424579941201955,786.4237089961534,74.0
1790263835,50,,Aggregated,241.200000,0.000000,96,120,140,160,200,220,290,310,420,790,790,14596,0,110.0,115.26659221731457,2.8424579941201955,786.4237089961534,74.0
1790263836,50,POST,POST /webhooks/im/messages,240.400000,0.000000,95,120,150,160,200,230,290,320,420,790,790,14827,0,110.0,115.03994021454676,2.8424579941201955,786.4237089961534,74.0
1790263836,50,,Aggregated,240.400000,0.000000,95,120,150,160,200,230,290,320,420,790,790,14827,0,110.0,115.03994021454676,2.8424579941201955,786.4237089961534,74.0
1790263837,50,POST,POST /webhooks/im/messages,240.800000,0.000000,100,130,150,170,200,230,290,320,420,790,790,15087,0,110.0,115.2539893998262,2.8424579941201955,786.4237089961534,74.0
1790263837,50,,Aggregated,240.800000,0.000000,100,130,150,170,200,230,290,320,420,790,790,15087,0,110.0,115.2539893998262,2.8424579941201955,786.4237089961534,74.0
1790263838,50,POST,POST /webhooks/im/messages,243.400000,0.000000,97,130,150,160,200,230,290,320,420,790,790,15361,0,100.0,114.78354440962244,2.8424579941201955,786.4237089961534,74.0
1790263838,50,,Aggregated,243.400000,0.000000,97,130,150,160,200,230,290,320,420,790,790,15361,0,100.0,114.78354440962244,2.8424579941201955,786.4237089961534,74.0
1790263839,50,POST,POST /webhooks/im/messages,242.500000,0.000000,96,120,150,160,200,230,290,320,420,790,790,15601,0,100.0,114.64360805091158,2.8424579941201955,786.4237089961534,74.0
1790263839,50,,Aggregated,242.500000,0.000000,96,120,150,160,200,230,290,320,420,790,790,15601,0,100.0,114.64360805091158,2.8424579941201955,786.4237089961534,74.0
1790263840,50,POST,POST /webhooks/im/messages,246.200000,0.000000,94,120,130,150,180,210,240,270,330,340,340,15844,0,110.0,114.80291595363764,2.8424579941201955,786.4237089961534,74.0
1790263840,50,,Aggregated,246.200000,0.000000,94,120,130,150,180,210,240,270,330,340,340,15844,0,110.0,114.80291595363764,2.8424579941201955,786.4237089961534,74.0
1790263841,50,POST,POST /webhooks/im/messages,244.800000,0.000000,98,120,150,160,200,230,270,300,380,400,400,16044,0,110.0,115.81152478243756,2.8424579941201955,786.4237089961534,74.0
1790263841,50,,Aggregated,244.800000,0.000000,98,120,150,160,200,230,270,300,380,400,400,16044,0,110.0,115.81152478243756,2.8424579941201955,786.4237089961534,74.0
1790263842,50,POST,POST /webhooks/im/messages,246.700000,0.000000,110,140,160,180,220,260,290,330,380,420,420,16281,0,110.0,117.00086426136816,2.8424579941201955,786.4237089961534,74.0
1790263842,50,,Aggregated,246.700000,0.000000,110,140,160,180,220,260,290,330,380,420,420,16281,0,110.0,117.00086426136816,2.8424579941201955,786.4237089961534,74.0
1790263843,50,POST,POST /webhooks/im/messages,244.500000,0.000000,120,150,170,190,220,260,300,330,380,420,420,16538,0,110.0,117.44165944258438,2.8424579941201955,786.4237089961534,74.0
1790263843,50,,Aggregated,244.500000,0.000000,120,150,170,190,220,260,300,330,380,420,420,16538,0,110.0,117.44165944258438,2.8424579941201955,786.4237089961534,74.0
1790263844,50,POST,POST /webhooks/im/messages,239.200000,0.000000,120,150,170,180,220,260,290,330,380,420,420,16762,0,110.0,117.03217001721464,2.8424579941201955,786.4237089961534,74.0
1790263844,50,,Aggregated,239.200000,0.000000,120,150,170,180,220,260,290,330,380,420,420,16762,0,110.0,117.03217001721464,2.8424579941201955,786.4237089961534,74.0
1790263845,50,POST,POST /webhooks/im/messages,239.400000,0.000000,130,160,180,190,220,260,300,330,380,420,420,17023,0,110.0,117.64852837352741,2.8424579941201955,786.4237089961534,74.0
1790263845,50,,Aggregated,239.400000,0.000000,130,160,180,190,220,260,300,330,380,420,420,17023,0,110.0,117.64852837352741,2.8424579941201955,786.4237089961534,74.0
1790263846,50,POST,POST /webhooks/im/messages,240.000000,0.000000,140,170,180,200,220,260,300,340,380,420,420,17257,0,110.0,118.4720348234695,2.8424579941201955,786.4237089961534,74.0
1790263846,50,,Aggregated,240.000000,0.000000,140,170,180,200,220,260,300,340,380,420,420,17257,0,110.0,118.4720348234695,2.8424579941201955,786.4237089961534,74.0
1790263847,50,POST,POST /webhooks/im/messages,242.500000,0.000000,150,170,190,200,240,270,310,340,380,420,420,17509,0,110.0,119.04105671846004,2.8424579941201955,786.4237089961534,74.0
1790263847,50,,Aggregated,242.500000,0.000000,150,170,190,200,240,270,310,340,380,420,420,17509,0,110.0,119.04105671846004,2.8424579941201955,786.4237089961534,74.0
1790263848,50,POST,POST /webhooks/im/messages,240.900000,0.000000,140,170,190,200,230,270,310,340,380,420,420,17761,0,110.0,118.68180188218572,2.8424579941201955,786.4237089961534,74.0
1790263848,50,,Aggregated,240.900000,0.000000,140,170,190,200,230,270,310,340,380,420,420,17761,0,110.0,118.68180188218572,2.8424579941201955,786.4237089961534,74.0
1790263849,50,POST,POST /webhooks/im/messages,239.700000,0.000000,150,170,200,210,240,280,310,340,380,420,420,17989,0,110.0,118.70964352191176,2.8424579941201955,786.4237089961534,74.0
1790263849,50,,Aggregated,239.700000,0.000000,150,170,200,210,240,280,310,340,380,420,420,17989,0,110.0,118.70964352191176,2.8424579941201955,786.4237089961534,74.0
1790263850,50,POST,POST /webhooks/im/messages,238.600000,0.000000,130,160,180,200,230,260,310,320,370,420,420,18257,0,110.0,118.15778237501789,2.8424579941201955,786.4237089961534,74.0
1790263850,50,,Aggregated,238.600000,0.000000,130,160,180,200,230,260,310,320,370,420,420,18257,0,110.0,118.15778237501789,2.8424579941201955,786.4237089961534,74.0
1790263851,50,POST,POST /webhooks/im/messages,240.500000,0.000000,120,150,170,180,220,240,290,310,360,420,420,18493,0,110.0,118.12670214203776,2.8424579941201955,786.4237089961534,74.0
1790263851,50,,Aggregated,240.500000,0.000000,120,150,170,180,220,240,290,310,360,420,420,18493,0,110.0,118.12670214203776,2.8424579941201955,786.4237089961534,74.0
1790263852,50,POST,POST /webhooks/im/messages,239.400000,0.000000,120,150,170,180,220,240,290,310,370,400,400,18730,0,110.0,118.31233641242483,2.8424579941201955,786.4237089961534,74.0
1790263852,50,,Aggregated,239.400000,0.000000,120,150,170,180,220,240,290,310,370,400,400,18730,0,110.0,118.31233641242483,2.8424579941201955,786.4237089961534,74.0
1790263853,50,POST,POST /webhooks/im/messages,243.000000,0.000000,130,160,170,180,220,240,290,310,370,400,400,18972,0,110.0,118.53130896746403,2.8424579941201955,786.4237089961534,74.0
1790263853,50,,Aggregated,243.000000,0.000000,130,160,170,180,220,240,290,310,370,400,400,18972,0,110.0,118.53130896746403,2.8424579941201955,786.4237089961534,74.0
1790263854,50,POST,POST /webhooks/im/messages,243.900000,0.000000,120,150,160,170,210,240,280,310,360,400,400,19246,0,110.0,118.35041222813888,2.8424579941201955,786.4237089961534,74.0
1790263854,50,,Aggregated,243.900000,0.000000,120,150,160,170,210,240,280,310,360,400,400,19246,0,110.0,118.35041222813888,2.8424579941201955,786.4237089961534,74.0
1790263855,50,POST,POST /webhooks/im/messages,243.700000,0.000000,110,140,160,170,200,230,280,310,370,400,400,19465,0,110.0,118.27899089236384,2.8424579941201955,786.4237089961534,74.0
1790263855,50,,Aggregated,243.700000,0.000000,110,140,160,170,200,230,280,310,370,400,400,19465,0,110.0,118.27899089236384,2.8424579941201955,786.4237089961534,74.0
1790263856,50,POST,POST /webhooks/im/messages,245.200000,0.000000,110,140,160,160,200,230,270,300,400,430,430,19697,0,110.0,118.80915707873302,2.8424579941201955,786.4237089961534,74.0
1790263856,50,,Aggregated,245.200000,0.000000,110,140,160,160,200,230,270,300,400,430,430,19697,0,110.0,118.80915707873302,2.8424579941201955,786.4237089961534,74.0
1790263857,50,POST,POST /webhooks/im/messages,242.200000,0.000000,110,140,160,170,200,230,270,300,400,430,430,19935,0,110.0,118.7301520756347,2.8424579941201955,786.4237089961534,74.0
1790263857,50,,Aggregated,242.200000,0.000000,110,140,160,170,200,230,270,300,400,430,430,19935,0,110.0,118.7301520756347,2.8424579941201955,786.4237089961534,74.0
1790263858,50,POST,POST /webhooks/im/messages,243.000000,0.000000,110,140,160,170,200,230,260,300,400,430,430,20176,0,110.0,118.88005281972357,2.8424579941201955,786.4237089961534,74.0
1790263858,50,,Aggregated,243.000000,0.000000,110,140,160,170,200,230,260,300,400,430,430,20176,0,110.0,118.88005281972357,2.8424579941201955,786.4237089961534,74.0
1790263859,50,POST,POST /webhooks/im/messages,243.100000,0.000000,120,150,160,180,210,240,270,320,410,440,440,20416,0,110.0,119.3796967946094,2.8424579941201955,786.4237089961534,74.0
1790263859,50,,Aggregated,243.100000,0.000000,120,150,160,180,210,240,270,320,410,440,440,20416,0,110.0,119.3796967946094,2.8424579941201955,786.4237089961534,74.0
1790263860,50,POST,POST /webhooks/im/messages,242.000000,0.000000,120,150,160,170,210,240,280,320,410,440,440,20677,0,110.0,119.29598011029887,2.8424579941201955,786.4237089961534,74.0
1790263860,50,,Aggregated,242.000000,0.000000,120,150,160,170,210,240,280,320,410,440,440,20677,0,110.0,119.29598011029887,2.8424579941201955,786.4237089961534,74.0
1790263861,50,POST,POST /webhooks/im/messages,239.700000,0.000000,130,160,170,180,220,250,280,320,430,440,440,20899,0,110.0,120.09162310214485,2.8424579941201955,786.4237089961534,74.0
1790263861,50,,Aggregated,239.700000,0.000000,130,160,170,180,220,250,280,320,430,440,440,20899,0,110.0,120.09162310214485,2.8424579941201955,786.4237089961534,74.0
1790263862,50,POST,POST /webhooks/im/messages,241.900000,0.000000,130,150,170,190,220,260,290,320,430,440,440,21166,0,110.0,120.29367723654805,2.8424579941201955,786.4237089961534,74.0
1790263862,50,,Aggregated,241.900000,0.000000,130,150,170,190,220,260,290,320,430,440,440,21166,0,110.0,120.29367723654805,2.8424579941201955,786.4237089961534,74.0
1790263863,50,POST,POST /webhooks/im/messages,239.100000,0.000000,130,160,170,190,230,260,290,330,430,440,440,21402,0,110.0,120.32355307274031,2.8424579941201955,786.4237089961534,74.0
1790263863,50,,Aggregated,239.100000,0.000000,130,160,170,190,230,260,290,330,430,440,440,21402,0,110.0,120.32355307274031,2.8424579941201955,786.4237089961534,74.0
1790263864,50,POST,POST /webhooks/im/messages,242.600000,0.000000,130,160,170,180,220,250,280,320,430,440,440,21641,0,110.0,120.11430051410319,2.8424579941201955,786.4237089961534,74.0
1790263864,50,,Aggregated,242.600000,0.000000,130,160,170,180,220,250,280,320,430,440,440,21641,0,110.0,120.11430051410319,2.8424579941201955,786.4237089961534,74.0
1790263865,50,POST,POST /webhooks/im/messages,242.000000,0.000000,130,150,170,180,220,250,280,320,410,440,440,21911,0,110.0,120.33630296352322,2.8424579941201955,786.4237089961534,74.0
1790263865,50,,Aggregated,242.000000,0.000000,130,150,170,180,220,250,280,320,410,440,440,21911,0,110.0,120.33630296352322,2.8424579941201955,786.4237089961534,74.0
1790263866,50,POST,POST /webhooks/im/messages,241.800000,0.000000,130,160,170,190,220,250,270,310,400,440,440,22150,0,110.0,120.20081575962762,2.8424579941201955,786.4237089961534,74.0
1790263866,50,,Aggregated,241.800000,0.000000,130,160,170,190,220,250,270,310,400,440,440,22150,0,110.0,120.20081575962762,2.8424579941201955,786.4237089961534,74.0
1790263867,50,POST,POST /webhooks/im/messages,243.400000,0.000000,130,150,170,180,220,250,270,310,400,440,440,22366,0,110.0,120.0431721064963,2.8424579941201955,786.4237089961534,74.0
1790263867,50,,Aggregated,243.400000,0.000000,130,150,170,180,220,250,270,310,400,440,440,22366,0,110.0,120.0431721064963,2.8424579941201955,786.4237089961534,74.0
1790263868,50,POST,POST /webhooks/im/messages,244.700000,0.000000,120,150,170,180,210,240,270,300,400,440,440,22654,0,110.0,119.90705704524655,2.8424579941201955,786.4237089961534,74.0
1790263868,50,,Aggregated,244.700000,0.000000,120,150,170,180,210,240,270,300,400,440,440,22654,0,110.0,119.90705704524655,2.8424579941201955,786.4237089961534,74.0
1790263869,50,POST,POST /webhooks/im/messages,242.700000,0.000000,120,150,170,180,210,240,270,300,400,440,440,22868,0,110.0,119.9812422317648,2.8424579941201955,786.4237089961534,74.0
1790263869,50,,Aggregated,242.700000,0.000000,120,150,170,180,210,240,270,300,400,440,440,22868,0,110.0,119.9812422317648,2.8424579941201955,786.4237089961534,74.0
1790263870,50,POST,POST /webhooks/im/messages,245.800000,0.000000,110,140,160,170,200,220,250,280,360,410,410,23114,0,110.0,119.90505429354049,2.8424579941201955,786.4237089961534,74.0
1790263870,50,,Aggregated,245.800000,0.000000,110,140,160,170,200,220,250,280,360,410,410,23114,0,110.0,119.90505429354049,2.8424579941201955,786.4237089961534,74.0
1790263871,50,POST,POST /webhooks/im/messages,244.600000,0.000000,100,130,150,160,190,210,250,280,340,410,410,23360,0,110.0,119.64759248171183,2.8424579941201955,786.4237089961534,74.0
1790263871,50,,Aggregated,244.600000,0.000000,100,130,150,160,190,210,250,280,340,410,410,23360,0,110.0,119.64759248171183,2.8424579941201955,786.4237089961534,74.0
1790263872,50,POST,POST /webhooks/im/messages,242.200000,0.000000,110,140,150,160,200,220,250,290,360,410,410,23594,0,110.0,119.81328935364131,2.8424579941201955,786.4237089961534,74.0
1790263872,50,,Aggregated,242.200000,0.000000,110,140,150,160,200,220,250,290,360,410,410,23594,0,110.0,119.81328935364131,2.8424579941201955,786.4237089961534,74.0
1790263873,50,POST,POST /webhooks/im/messages,248.100000,0.000000,120,150,170,180,220,240,280,320,380,410,410,23818,0,110.0,120.65427783557563,2.8424579941201955,786.4237089961534,74.0
1790263873,50,,Aggregated,248.100000,0.000000,120,150,170,180,220,240,280,320,380,410,410,23818,0,110.0,120.65427783557563,2.8424579941201955,786.4237089961534,74.0
1790263874,50,POST,POST /webhooks/im/messages,245.000000,0.000000,120,150,170,190,220,270,310,330,410,420,420,24054,0,110.0,121.29751126289632,2.8424579941201955,786.4237089961534,74.0
1790263874,50,,Aggregated,245.000000,0.000000,120,150,170,190,220,270,310,330,410,420,420,24054,0,110.0,121.29751126289632,2.8424579941201955,786.4237089961534,74.0
1790263875,50,POST,POST /webhooks/im/messages,241.800000,0.000000,130,160,180,190,230,280,320,350,460,520,520,24258,0,110.0,121.63804020358558,2.8424579941201955,786.4237089961534,74.0
1790263875,50,,Aggregated,241.800000,0.000000,130,160,180,190,230,280,320,350,460,520,520,24258,0,110.0,121.63804020358558,2.8424579941201955,786.4237089961534,74.0
1790263876,50,POST,POST /webhooks/im/messages,238.400000,0.000000,140,170,200,210,250,290,330,360,460,520,520,24480,0,110.0,122.4902926178288,2.8424579941201955,786.4237089961534,74.0
1790263876,50,,Aggregated,238.400000,0.000000,140,170,200,210,250,290,330,360,460,520,520,24480,0,110.0,122.4902926178288,2.8424579941201955,786.4237089961534,74.0
1790263877,50,POST,POST /webhooks/im/messages,235.900000,0.000000,150,180,200,210,250,290,330,360,460,520,520,24722,0,110.0,122.59394767989414,2.8424579941201955,786.4237089961534,74.0
1790263877,50,,Aggregated,235.900000,0.000000,150,180,200,210,250,290,330,360,460,520,520,24722,0,110.0,122.59394767989414,2.8424579941201955,786.4237089961534,74.0
1790263878,50,POST,POST /webhooks/im/messages,232.300000,0.000000,150,180,200,210,250,290,330,360,460,520,520,24979,0,110.0,122.81385409472834,2.8424579941201955,786.4237089961534,74.0
1790263878,50,,Aggregated,232.300000,0.000000,150,180,200,210,250,290,330,360,460,520,520,24979,0,110.0,122.81385409472834,2.8424579941201955,786.4237089961534,74.0
1790263879,50,POST,POST /webhooks/im/messages,237.000000,0.000000,160,190,210,220,260,300,340,370,460,520,520,25191,0,110.0,123.47735353527929,2.8424579941201955,786.4237089961534,74.0
1790263879,50,,Aggregated,237.000000,0.000000,160,190,210,220,260,300,340,370,460,520,520,25191,0,110.0,123.47735353527929,2.8424579941201955,786.4237089961534,74.0
1790263880,50,POST,POST /webhooks/im/messages,233.700000,0.000000,170,200,230,240,280,330,400,430,650,710,710,25350,0,110.0,124.53786195791439,2.8424579941201955,786.4237089961534,74.0
1790263880,50,,Aggregated,233.700000,0.000000,170,200,230,240,280,330,400,430,650,710,710,25350,0,110.0,124.53786195791439,2.8424579941201955,786.4237089961534,74.0
1790263881,50,POST,POST /webhooks/im/messages,232.200000,0.000000,180,210,230,240,280,340,410,440,650,710,710,25591,0,120.0,125.13967258966225,2.8424579941201955,786.4237089961534,74.0
1790263881,50,,Aggregated,232.200000,0.000000,180,210,230,240,280,340,410,440,650,710,710,25591,0,120.0,125.13967258966225,2.8424579941201955,786.4237089961534,74.0
1790263882,50,POST,POST /webhooks/im/messages,224.600000,0.000000,170,200,220,230,280,340,410,440,650,710,710,25838,0,120.0,125.01721280025365,2.8424579941201955,786.4237089961534,74.0
1790263882,50,,Aggregated,224.600000,0.000000,170,200,220,230,280,340,410,440,650,710,710,25838,0,120.0,125.01721280025365,2.8424579941201955,786.4237089961534,74.0
1790263883,50,POST,POST /webhooks/im/messages,220.300000,0.000000,160,190,210,220,260,320,400,440,650,710,710,26088,0,120.0,124.96437162304676,2.8424579941201955,786.4237089961534,74.0
1790263883,50,,Aggregated,220.300000,0.000000,160,190,210,220,260,320,400,440,650,710,710,26088,0,120.0,124.96437162304676,2.8424579941201955,786.4237089961534,74.0
1790263884,50,POST,POST /webhooks/im/messages,225.100000,0.000000,160,190,210,220,260,310,390,430,650,710,710,26336,0,120.0,125.43801358258463,2.8424579941201955,786.4237089961534,74.0
1790263884,50,,Aggregated,225.100000,0.000000,160,190,210,220,260,310,390,430,650,710,710,26336,0,120.0,125.43801358258463,2.8424579941201955,786.4237089961534,74.0
1790263885,50,POST,POST /webhooks/im/messages,228.700000,0.000000,160,180,200,220,250,290,390,420,650,710,710,26580,0,120.0,125.85477820056343,2.8424579941201955,786.4237089961534,74.0
1790263885,50,,Aggregated,228.700000,0.000000,160,180,200,220,250,290,390,420,650,710,710,26580,0,120.0,125.85477820056343,2.8424579941201955,786.4237089961534,74.0
1790263886,50,POST,POST /webhooks/im/messages,227.200000,0.000000,170,190,200,210,250,300,390,420,650,710,710,26805,0,120.0,126.26999700156567,2.8424579941201955,786.4237089961534,74.0
1790263886,50,,Aggregated,227.200000,0.000000,170,190,200,210,250,300,390,420,650,710,710,26805,0,120.0,126.26999700156567,2.8424579941201955,786.4237089961534,74.0
1790263887,50,POST,POST /webhooks/im/messages,229.200000,0.000000,160,190,200,210,250,300,390,420,650,710,710,27084,0,120.0,126.38658730490809,2.8424579941201955,786.4237089961534,74.0
1790263887,50,,Aggregated,229.200000,0.000000,160,190,200,210,250,300,390,420,650,710,710,27084,0,120.0,126.38658730490809,2.8424579941201955,786.4237089961534,74.0
1790263888,50,POST,POST /webhooks/im/messages,232.300000,0.000000,160,180,200,210,250,290,390,420,650,710,710,27292,0,120.0,126.30901270977135,2.8424579941201955,786.4237089961534,74.0
1790263888,50,,Aggregated,232.300000,0.000000,160,180,200,210,250,290,390,420,650,710,710,27292,0,120.0,126.30901270977135,2.8424579941201955,786.4237089961534,74.0
1790263889,50,POST,POST /webhooks/im/messages,230.900000,0.000000,160,180,200,210,240,270,320,350,450,580,580,27496,0,120.0,126.95318640213456,2.8424579941201955,786.4237089961534,74.0
1790263889,50,,Aggregated,230.900000,0.000000,160,180,200,210,240,270,320,350,450,580,580,27496,0,120.0,126.95318640213456,2.8424579941201955,786.4237089961534,74.0
1790263890,50,POST,POST /webhooks/im/messages,232.200000,0.000000,160,180,200,210,240,280,340,380,520,590,590,27698,0,120.0,127.69963232428256,2.8424579941201955,786.4237089961534,74.0
1790263890,50,,Aggregated,232.200000,0.000000,160,180,200,210,240,280,340,380,520,590,590,27698,0,120.0,127.69963232428256,2.8424579941201955,786.4237089961534,74.0
1790263891,50,POST,POST /webhooks/im/messages,230.600000,0.000000,170,190,210,220,260,310,360,430,580,830,830,27928,0,120.0,128.4028884249826,2.8424579941201955,833.8489590096287,74.0
1790263891,50,,Aggregated,230.600000,0.000000,170,190,210,220,260,310,360,430,580,830,830,27928,0,120.0,128.4028884249826,2.8424579941201955,833.8489590096287,74.0
1790263892,50,POST,POST /webhooks/im/messages,234.100000,0.000000,160,190,210,220,260,310,360,430,580,830,830,28162,0,120.0,128.19469634000316,2.8424579941201955,833.8489590096287,74.0
1790263892,50,,Aggregated,234.100000,0.000000,160,190,210,220,260,310,360,430,580,830,830,28162,0,120.0,128.19469634000316,2.8424579941201955,833.8489590096287,74.0
1790263893,50,POST,POST /webhooks/im/messages,231.800000,0.000000,170,190,210,230,270,310,370,430,580,830,830,28387,0,120.0,128.677896905493,2.8424579941201955,833.8489590096287,74.0
1790263893,50,,Aggregated,231.800000,0.000000,170,190,210,230,270,310,370,430,580,830,830,28387,0,120.0,128.677896905493,2.8424579941201955,833.8489590096287,74.0
1790263894,50,POST,POST /webhooks/im/messages,228.700000,0.000000,170,200,220,230,270,320,370,440,580,830,830,28603,0,120.0,129.25574447279237,2.8424579941201955,833.8489590096287,74.0
1790263894,50,,Aggregated,228.700000,0.000000,170,200,220,230,270,320,370,440,580,830,830,28603,0,120.0,129.25574447279237,2.8424579941201955,833.8489590096287,74.0
1790263895,50,POST,POST /webhooks/im/messages,226.100000,0.000000,180,210,220,240,280,320,400,440,590,830,830,28821,0,120.0,129.8783999501849,2.8424579941201955,833.8489590096287,74.0
1790263895,50,,Aggregated,226.100000,0.000000,180,210,220,240,280,320,400,440,590,830,830,28821,0,120.0,129.8783999501849,2.8424579941201955,833.8489590096287,74.0
1790263896,50,POST,POST /webhooks/im/messages,227.500000,0.000000,180,210,230,240,290,330,400,450,610,830,830,29059,0,120.0,130.2662358640159,2.8424579941201955,833.8489590096287,74.0
1790263896,50,,Aggregated,227.500000,0.000000,180,210,230,240,290,330,400,450,610,830,830,29059,0,120.0,130.2662358640159,2.8424579941201955,833.8489590096287,74.0
1790263897,50,POST,POST /webhooks/im/messages,224.900000,0.000000,190,220,240,250,300,350,430,480,640,830,830,29233,0,120.0,130.9564194657895,2.8424579941201955,833.8489590096287,74.0
1790263897,50,,Aggregated,224.900000,0.000000,190,220,240,250,300,350,430,480,640,830,830,29233,0,120.0,130.9564194657895,2.8424579941201955,833.8489590096287,74.0
1790263898,50,POST,POST /webhooks/im/messages,224.500000,0.000000,190,220,240,260,300,360,430,480,630,830,830,29455,0,120.0,131.36805344503057,2.8424579941201955,833.8489590096287,74.0
1790263898,50,,Aggregated,224.500000,0.000000,190,220,240,260,300,360,430,480,630,830,830,29455,0,120.0,131.36805344503057,2.8424579941201955,833.8489590096287,74.0
1790263899,50,POST,POST /webhooks/im/messages,218.000000,0.000000,170,210,230,240,290,340,410,440,630,830,830,29737,0,120.0,131.2628206118046,2.8424579941201955,833.8489590096287,74.0
1790263899,50,,Aggregated,218.000000,0.000000,170,210,230,240,290,340,410,440,630,830,830,29737,0,120.0,131.2628206118046,2.8424579941201955,833.8489590096287,74.0
1790263900,50,POST,POST /webhooks/im/messages,215.300000,0.000000,160,200,220,230,270,330,400,440,630,640,640,29960,0,120.0,131.3749116353542,2.8424579941201955,833.8489590096287,74.0
1790263900,50,,Aggregated,215.300000,0.000000,160,200,220,230,270,330,400,440,630,640,640,29960,0,120.0,131.3749116353542,2.8424579941201955,833.8489590096287,74.0
1790263901,50,POST,POST /webhooks/im/messages,220.600000,0.000000,170,200,220,230,280,330,400,440,630,640,640,30229,0,120.0,131.3312851918081,2.8424579941201955,833.8489590096287,74.0
1790263901,50,,Aggregated,220.600000,0.000000,170,200,220,230,280,330,400,440,630,640,640,30229,0,120.0,131.3312851918081,2.8424579941201955,833.8489590096287,74.0
1790263902,50,POST,POST /webhooks/im/messages,223.100000,0.000000,160,200,210,230,280,320,400,440,630,640,640,30456,0,120.0,131.36674165701356,2.8424579941201955,833.8489590096287,74.0
1790263902,50,,Aggregated,223.100000,0.000000,160,200,210,230,280,320,400,440,630,640,640,30456,0,120.0,131.36674165701356,2.8424579941201955,833.8489590096287,74.0
1790263903,50,POST,POST /webhooks/im/messages,227.000000,0.000000,160,190,210,220,270,310,390,420,630,640,640,30673,0,120.0,131.68933178942729,2.8424579941201955,833.8489590096287,74.0
1790263903,50,,Aggregated,227.000000,0.000000,160,190,210,220,270,310,390,420,630,640,640,30673,0,120.0,131.68933178942729,2.8424579941201955,833.8489590096287,74.0
1790263904,50,POST,POST /webhooks/im/messages,226.200000,0.000000,150,180,200,210,250,300,360,420,620,640,640,30929,0,120.0,131.7271874879638,2.8424579941201955,833.8489590096287,74.0
1790263904,50,,Aggregated,226.200000,0.000000,150,180,200,210,250,300,360,420,620,640,640,30929,0,120.0,131.7271874879638,2.8424579941201955,833.8489590096287,74.0
1790263905,50,POST,POST /webhooks/im/messages,227.600000,0.000000,140,160,190,200,240,280,360,410,620,640,640,31177,0,120.0,131.64723739154658,2.8424579941201955,833.8489590096287,74.0
1790263905,50,,Aggregated,227.600000,0.000000,140,160,190,200,240,280,360,410,620,640,640,31177,0,120.0,131.64723739154658,2.8424579941201955,833.8489590096287,74.0
1790263906,50,POST,POST /webhooks/im/messages,230.900000,0.000000,130,150,170,190,230,280,360,410,620,640,640,31449,0,120.0,131.24128538672687,2.8424579941201955,833.8489590096287,74.0
1790263906,50,,Aggregated,230.900000,0.000000,130,150,170,190,230,280,360,410,620,640,640,31449,0,120.0,131.24128538672687,2.8424579941201955,833.8489590096287,74.0
1790263907,50,POST,POST /webhooks/im/messages,235.400000,0.000000,130,150,170,180,210,250,280,310,420,440,440,31692,0,120.0,131.3253204098851,2.8424579941201955,833.8489590096287,74.0
1790263907,50,,Aggregated,235.400000,0.000000,130,150,170,180,210,250,280,310,420,440,440,31692,0,120.0,131.3253204098851,2.8424579941201955,833.8489590096287,74.0
1790263908,50,POST,POST /webhooks/im/messages,237.500000,0.000000,120,150,160,180,200,230,270,300,370,440,440,31935,0,120.0,131.0997698666728,2.8424579941201955,833.8489590096287,74.0
1790263908,50,,Aggregated,237.500000,0.000000,120,150,160,180,200,230,270,300,370,440,440,31935,0,120.0,131.0997698666728,2.8424579941201955,833.8489590096287,74.0
1790263909,50,POST,POST /webhooks/im/messages,240.400000,0.000000,120,150,160,180,200,220,270,290,370,440,440,32164,0,120.0,131.07221189846206,2.8424579941201955,833.8489590096287,74.0
1790263909,50,,Aggregated,240.400000,0.000000,120,150,160,180,200,220,270,290,370,440,440,32164,0,120.0,131.07221189846206,2.8424579941201955,833.8489590096287,74.0
1790263910,50,POST,POST /webhooks/im/messages,243.900000,0.000000,130,150,170,180,210,230,280,300,370,440,440,32401,0,120.0,131.24872821768315,2.8424579941201955,833.8489590096287,74.0
1790263910,50,,Aggregated,243.900000,0.000000,130,150,170,180,210,230,280,300,370,440,440,32401,0,120.0,131.24872821768315,2.8424579941201955,833.8489590096287,74.0
1790263911,50,POST,POST /webhooks/im/messages,243.000000,0.000000,130,160,180,190,220,240,290,320,400,440,440,32636,0,120.0,131.6546771650694,2.8424579941201955,833.8489590096287,74.0
1790263911,50,,Aggregated,243.000000,0.000000,130,160,180,190,220,240,290,320,400,440,440,32636,0,120.0,131.6546771650694,2.8424579941201955,833.8489590096287,74.0
1790263912,50,POST,POST /webhooks/im/messages,243.000000,0.000000,120,150,170,180,210,240,290,320,400,440,440,32882,0,120.0,131.37482124777307,2.8424579941201955,833.8489590096287,74.0
1790263912,50,,Aggregated,243.000000,0.000000,120,150,170,180,210,240,290,320,400,440,440,32882,0,120.0,131.37482124777307,2.8424579941201955,833.8489590096287,74.0
1790263913,50,POST,POST /webhooks/im/messages,242.800000,0.000000,120,150,170,180,200,230,280,310,380,400,400,33130,0,120.0,131.32853070854594,2.8424579941201955,833.8489590096287,74.0
1790263913,50,,Aggregated,242.800000,0.000000,120,150,170,180,200,230,280,310,380,400,400,33130,0,120.0,131.32853070854594,2.8424579941201955,833.8489590096287,74.0
1790263914,50,POST,POST /webhooks/im/messages,244.700000,0.000000,110,140,160,170,200,230,280,310,380,400,400,33399,0,120.0,131.03696227324343,2.8424579941201955,833.8489590096287,74.0
1790263914,50,,Aggregated,244.700000,0.000000,110,140,160,170,200,230,280,310,380,400,400,33399,0,120.0,131.03696227324343,2.8424579941201955,833.8489590096287,74.0
1790263915,50,POST,POST /webhooks/im/messages,246.000000,0.000000,110,140,160,170,200,230,280,310,380,400,400,33642,0,120.0,130.73757982774546,2.8424579941201955,833.8489590096287,74.0
1790263915,50,,Aggregated,246.000000,0.000000,110,140,160,170,200,230,280,310,380,400,400,33642,0,120.0,130.73757982774546,2.8424579941201955,833.8489590096287,74.0
1790263916,50,POST,POST /webhooks/im/messages,245.200000,0.000000,110,140,150,160,190,220,260,290,380,400,400,33911,0,120.0,130.3223641265992,2.8424579941201955,833.8489590096287,74.0
1790263916,50,,Aggregated,245.200000,0.000000,110,140,150,160,190,220,260,290,380,400,400,33911,0,120.0,130.3223641265992,2.8424579941201955,833.8489590096287,74.0
1790263917,50,POST,POST /webhooks/im/messages,244.000000,0.000000,100,140,150,160,190,220,270,300,380,400,400,34149,0,120.0,130.03398747298473,2.8424579941201955,833.8489590096287,74.0
1790263917,50,,Aggregated,244.000000,0.000000,100,140,150,160,190,220,270,300,380,400,400,34149,0,120.0,130.03398747298473,2.8424579941201955,833.8489590096287,74.0
1790263918,50,POST,POST /webhooks/im/messages,244.900000,0.000000,110,140,150,160,190,220,260,290,380,400,400,34403,0,120.0,129.85893627171785,2.8424579941201955,833.8489590096287,74.0
1790263918,50,,Aggregated,244.900000,0.000000,110,140,150,160,190,220,260,290,380,400,400,34403,0,120.0,129.85893627171785,2.8424579941201955,833.8489590096287,74.0
1790263919,50,POST,POST /webhooks/im/messages,247.800000,0.000000,94,120,140,150,180,210,240,280,360,400,400,34655,0,120.0,129.43888581191558,2.8424579941201955,833.8489590096287,74.0
1790263919,50,,Aggregated,247.800000,0.000000,94,120,140,150,180,210,240,280,360,400,400,34655,0,120.0,129.43888581191558,2.8424579941201955,833.8489590096287,74.0
1790263920,50,POST,POST /webhooks/im/messages,245.900000,0.000000,89,120,140,150,170,210,240,270,360,400,400,34875,0,120.0,129.46284992418924,2.8424579941201955,833.8489590096287,74.0
1790263920,50,,Aggregated,245.900000,0.000000,89,120,140,150,170,210,240,270,360,400,400,34875,0,120.0,129.46284992418924,2.8424579941201955,833.8489590096287,74.0
1790263921,50,POST,POST /webhooks/im/messages,247.900000,0.000000,94,120,140,150,180,210,240,270,360,380,380,35131,0,120.0,129.6127216242359,2.8424579941201955,833.8489590096287,74.0
1790263921,50,,Aggregated,247.900000,0.000000,94,120,140,150,180,210,240,270,360,380,380,35131,0,120.0,129.6127216242359,2.8424579941201955,833.8489590096287,74.0
1790263922,50,POST,POST /webhooks/im/messages,247.000000,0.000000,89,110,130,140,170,200,240,270,360,380,380,35377,0,120.0,129.33927409249048,2.8424579941201955,833.8489590096287,74.0
1790263922,50,,Aggregated,247.000000,0.000000,89,110,130,140,170,200,240,270,360,380,380,35377,0,120.0,129.33927409249048,2.8424579941201955,833.8489590096287,74.0
1790263923,50,POST,POST /webhooks/im/messages,246.300000,0.000000,88,110,130,140,180,210,250,280,340,380,380,35594,0,120.0,129.17906983112587,2.8424579941201955,833.8489590096287,74.0
1790263923,50,,Aggregated,246.300000,0.000000,88,110,130,140,180,210,250,280,340,380,380,35594,0,120.0,129.17906983112587,2.8424579941201955,833.8489590096287,74.0
1790263924,50,POST,POST /webhooks/im/messages,247.200000,0.000000,90,120,130,150,190,220,260,290,440,500,500,35842,0,120.0,129.20889000589247,2.8424579941201955,833.8489590096287,74.0
1790263924,50,,Aggregated,247.200000,0.000000,90,120,130,150,190,220,260,290,440,500,500,35842,0,120.0,129.20889000589247,2.8424579941201955,833.8489590096287,74.0
1790263925,50,POST,POST /webhooks/im/messages,249.000000,0.000000,100,130,160,170,200,240,270,300,440,500,500,36062,0,120.0,129.47802723155422,2.8424579941201955,833.8489590096287,74.0
1790263925,50,,Aggregated,249.000000,0.000000,100,130,160,170,200,240,270,300,440,500,500,36062,0,120.0,129.47802723155422,2.8424579941201955,833.8489590096287,74.0
1790263926,50,POST,POST /webhooks/im/messages,245.000000,0.000000,110,140,160,170,210,250,280,310,440,500,500,36345,0,120.0,129.42968867490066,2.8424579941201955,833.8489590096287,74.0
1790263926,50,,Aggregated,245.000000,0.000000,110,140,160,170,210,250,280,310,440,500,500,36345,0,120.0,129.42968867490066,2.8424579941201955,833.8489590096287,74.0
1790263927,50,POST,POST /webhooks/im/messages,244.200000,0.000000,100,130,160,170,210,250,280,310,440,500,500,36579,0,120.0,129.21865202726414,2.8424579941201955,833.8489590096287,74.0
1790263927,50,,Aggregated,244.200000,0.000000,100,130,160,170,210,250,280,310,440,500,500,36579,0,120.0,129.21865202726414,2.8424579941201955,833.8489590096287,74.0
1790263928,50,POST,POST /webhooks/im/messages,242.600000,0.000000,110,150,170,180,230,260,300,340,440,500,500,36813,0,120.0,129.49723314286754,2.8424579941201955,833.8489590096287,74.0
1790263928,50,,Aggregated,242.600000,0.000000,110,150,170,180,230,260,300,340,440,500,500,36813,0,120.0,129.49723314286754,2.8424579941201955,833.8489590096287,74.0
1790263929,50,POST,POST /webhooks/im/messages,242.200000,0.000000,120,150,170,180,230,260,300,340,440,500,500,37042,0,120.0,129.6476726238458,2.8424579941201955,833.8489590096287,74.0
1790263929,50,,Aggregated,242.200000,0.000000,120,150,170,180,230,260,300,340,440,500,500,37042,0,120.0,129.6476726238458,2.8424579941201955,833.8489590096287,74.0
1790263930,50,POST,POST /webhooks/im/messages,238.300000,0.000000,130,160,180,190,250,290,330,380,480,500,500,37251,0,120.0,130.10095907971655,2.8424579941201955,833.8489590096287,74.0
1790263930,50,,Aggregated,238.300000,0.000000,130,160,180,190,250,290,330,380,480,500,500,37251,0,120.0,130.10095907971655,2.8424579941201955,833.8489590096287,74.0
1790263931,50,POST,POST /webhooks/im/messages,238.000000,0.000000,120,150,170,180,250,280,330,380,480,500,500,37522,0,120.0,129.81954919336474,2.8424579941201955,833.8489590096287,74.0
1790263931,50,,Aggregated,238.000000,0.000000,120,150,170,180,250,280,330,380,480,500,500,37522,0,120.0,129.81954919336474,2.8424579941201955,833.8489590096287,74.0
1790263932,50,POST,POST /webhooks/im/messages,235.600000,0.000000,130,160,170,190,250,290,330,380,480,500,500,37743,0,120.0,129.56878427055284,2.8424579941201955,833.8489590096287,74.0
1790263932,50,,Aggregated,235.600000,0.000000,130,160,170,190,250,290,330,380,480,500,500,37743,0,120.0,129.56878427055284,2.8424579941201955,833.8489590096287,74.0
1790263933,50,POST,POST /webhooks/im/messages,239.400000,0.000000,130,160,180,190,250,290,330,390,470,490,490,37959,0,120.0,129.9598631867191,2.8424579941201955,833.8489590096287,74.0
1790263933,50,,Aggregated,239.400000,0.000000,130,160,180,190,250,290,330,390,470,490,490,37959,0,120.0,129.9598631867191,2.8424579941201955,833.8489590096287,74.0
1790263934,50,POST,POST /webhooks/im/messages,238.100000,0.000000,120,160,170,190,250,290,330,390,470,490,490,38233,0,120.0,129.84372856892674,2.8424579941201955,833.8489590096287,74.0
1790263934,50,,Aggregated,238.100000,0.000000,120,160,170,190,250,290,330,390,470,490,490,38233,0,120.0,129.84372856892674,2.8424579941201955,833.8489590096287,74.0
1790263935,50,POST,POST /webhooks/im/messages,232.500000,0.000000,120,160,170,190,240,290,330,390,470,490,490,38485,0,120.0,129.83163575922347,2.8424579941201955,833.8489590096287,74.0
1790263935,50,,Aggregated,232.500000,0.000000,120,160,170,190,240,290,330,390,470,490,490,38485,0,120.0,129.83163575922347,2.8424579941201955,833.8489590096287,74.0
1790263936,50,POST,POST /webhooks/im/messages,236.300000,0.000000,130,160,180,190,240,290,330,390,470,490,490,38729,0,120.0,129.72916405310326,2.8424579941201955,833.8489590096287,74.0
1790263936,50,,Aggregated,236.300000,0.000000,130,160,180,190,240,290,330,390,470,490,490,38729,0,120.0,129.72916405310326,2.8424579941201955,833.8489590096287,74.0
1790263937,50,POST,POST /webhooks/im/messages,235.900000,0.000000,120,160,170,180,220,270,320,370,470,490,490,38969,0,120.0,129.5634193204497,2.8424579941201955,833.8489590096287,74.0
1790263937,50,,Aggregated,235.900000,0.000000,120,160,170,180,220,270,320,370,470,490,490,38969,0,120.0,129.5634193204497,2.8424579941201955,833.8489590096287,74.0
1790263938,50,POST,POST /webhooks/im/messages,236.000000,0.000000,110,150,170,180,220,270,320,360,470,490,490,39216,0,120.0,129.36768018690117,2.8424579941201955,833.8489590096287,74.0
1790263938,50,,Aggregated,236.000000,0.000000,110,150,170,180,220,270,320,360,470,490,490,39216,0,120.0,129.36768018690117,2.8424579941201955,833.8489590096287,74.0
1790263939,50,POST,POST /webhooks/im/messages,236.200000,0.000000,100,140,160,170,200,240,280,320,410,480,480,39468,0,120.0,129.2600331590041,2.8424579941201955,833.8489590096287,74.0
1790263939,50,,Aggregated,236.200000,0.000000,100,140,160,170,200,240,280,320,410,480,480,39468,0,120.0,129.2600331590041,2.8424579941201955,833.8489590096287,74.0
1790263940,50,POST,POST /webhooks/im/messages,240.800000,0.000000,110,150,170,180,220,270,320,360,430,440,440,39656,0,120.0,129.47633587587637,2.8424579941201955,833.8489590096287,74.0
1790263940,50,,Aggregated,240.800000,0.000000,110,150,170,180,220,270,320,360,430,440,440,39656,0,120.0,129.47633587587637,2.8424579941201955,833.8489590096287,74.0
1790263941,50,POST,POST /webhooks/im/messages,239.500000,0.000000,120,160,180,190,220,270,320,360,430,440,440,39896,0,120.0,129.63853680521282,2.8424579941201955,833.8489590096287,74.0
1790263941,50,,Aggregated,239.500000,0.000000,120,160,180,190,220,270,320,360,430,440,440,39896,0,120.0,129.63853680521282,2.8424579941201955,833.8489590096287,74.0
1790263942,50,POST,POST /webhooks/im/messages,241.000000,0.000000,120,150,170,180,220,270,320,350,430,440,440,40175,0,120.0,129.63427438222013,2.8424579941201955,833.8489590096287,74.0
1790263942,50,,Aggregated,241.000000,0.000000,120,150,170,180,220,270,320,350,430,440,440,40175,0,120.0,129.63427438222013,2.8424579941201955,833.8489590096287,74.0
1790263943,50,POST,POST /webhooks/im/messages,239.700000,0.000000,120,150,170,180,210,240,300,320,430,440,440,40398,0,120.0,129.74227387142327,2.8424579941201955,833.8489590096287,74.0
1790263943,50,,Aggregated,239.700000,0.000000,120,150,170,180,210,240,300,320,430,440,440,40398,0,120.0,129.74227387142327,2.8424579941201955,833.8489590096287,74.0
1790263944,50,POST,POST /webhooks/im/messages,238.200000,0.000000,130,160,180,190,220,270,310,340,430,440,440,40624,0,120.0,130.16593476343462,2.8424579941201955,833.8489590096287,74.0
1790263944,50,,Aggregated,238.200000,0.000000,130,160,180,190,220,270,310,340,430,440,440,40624,0,120.0,130.16593476343462,2.8424579941201955,833.8489590096287,74.0
1790263945,50,POST,POST /webhooks/im/messages,241.800000,0.000000,130,160,180,190,220,280,320,350,430,440,440,40873,0,120.0,130.25209353022365,2.8424579941201955,833.8489590096287,74.0
1790263945,50,,Aggregated,241.800000,0.000000,130,160,180,190,220,280,320,350,430,440,440,40873,0,120.0,130.25209353022365,2.8424579941201955,833.8489590096287,74.0
1790263946,50,POST,POST /webhooks/im/messages,237.500000,0.000000,140,170,190,200,240,290,340,380,470,660,660,41068,0,120.0,130.58655181540044,2.8424579941201955,833.8489590096287,74.0
1790263946,50,,Aggregated,237.500000,0.000000,140,170,190,200,240,290,340,380,470,660,660,41068,0,120.0,130.58655181540044,2.8424579941201955,833.8489590096287,74.0
1790263947,50,POST,POST /webhooks/im/messages,239.700000,0.000000,150,180,200,210,260,310,350,390,470,660,660,41274,0,120.0,131.0246500365109,2.8424579941201955,833.8489590096287,74.0
1790263947,50,,Aggregated,239.700000,0.000000,150,180,200,210,260,310,350,390,470,660,660,41274,0,120.0,131.0246500365109,2.8424579941201955,833.8489590096287,74.0
1790263948,50,POST,POST /webhooks/im/messages,238.000000,0.000000,160,190,210,220,270,310,360,390,470,660,660,41514,0,120.0,131.41001818949923,2.8424579941201955,833.8489590096287,74.0
1790263948,50,,Aggregated,238.000000,0.000000,160,190,210,220,270,310,360,390,470,660,660,41514,0,120.0,131.41001818949923,2.8424579941201955,833.8489590096287,74.0
1790263949,50,POST,POST /webhooks/im/messages,233.100000,0.000000,160,190,210,220,270,310,360,390,470,660,660,41781,0,120.0,131.44404242121448,2.8424579941201955,833.8489590096287,74.0
1790263949,50,,Aggregated,233.100000,0.000000,160,190,210,220,270,310,360,390,470,660,660,41781,0,120.0,131.44404242121448,2.8424579941201955,833.8489590096287,74.0
1790263950,50,POST,POST /webhooks/im/messages,229.900000,0.000000,150,180,200,210,250,300,350,380,470,660,660,42004,0,120.0,131.44529944463932,2.8424579941201955,833.8489590096287,74.0
1790263950,50,,Aggregated,229.900000,0.000000,150,180,200,210,250,300,350,380,470,660,660,42004,0,120.0,131.44529944463932,2.8424579941201955,833.8489590096287,74.0
1790263951,50,POST,POST /webhooks/im/messages,231.700000,0.000000,170,200,220,230,290,330,370,390,530,660,660,42169,0,120.0,132.05769867446722,2.8424579941201955,833.8489590096287,74.0
1790263951,50,,Aggregated,231.700000,0.000000,170,200,220,230,290,330,370,390,530,660,660,42169,0,120.0,132.05769867446722,2.8424579941201955,833.8489590096287,74.0
1790263952,50,POST,POST /webhooks/im/messages,233.300000,0.000000,180,210,240,250,310,340,380,400,580,680,680,42313,0,120.0,132.5491711552157,2.8424579941201955,833.8489590096287,74.0
1790263952,50,,Aggregated,233.300000,0.000000,180,210,240,250,310,340,380,400,580,680,680,42313,0,120.0,132.5491711552157,2.8424579941201955,833.8489590096287,74.0
1790263953,50,POST,POST /webhooks/im/messages,227.300000,0.000000,190,220,250,270,320,380,410,470,580,680,680,42518,0,120.0,133.29698616441718,2.8424579941201955,833.8489590096287,74.0
1790263953,50,,Aggregated,227.300000,0.000000,190,220,250,270,320,380,410,470,580,680,680,42518,0,120.0,133.29698616441718,2.8424579941201955,833.8489590096287,74.0
1790263954,50,POST,POST /webhooks/im/messages,220.000000,0.000000,190,230,260,290,330,380,420,470,660,680,680,42729,0,120.0,133.7229081909217,2.8424579941201955,833.8489590096287,74.0
1790263954,50,,Aggregated,220.000000,0.000000,190,230,260,290,330,380,420,470,660,680,680,42729,0,120.0,133.7229081909217,2.8424579941201955,833.8489590096287,74.0
1790263955,50,POST,POST /webhooks/im/messages,211.800000,0.000000,200,240,270,290,340,380,430,470,660,680,680,42944,0,120.0,134.05003167359763,2.8424579941201955,833.8489590096287,74.0
1790263955,50,,Aggregated,211.800000,0.000000,200,240,270,290,340,380,430,470,660,680,680,42944,0,120.0,134.05003167359763,2.8424579941201955,833.8489590096287,74.0
1790263956,50,POST,POST /webhooks/im/messages,209.600000,0.000000,200,240,270,290,330,370,420,470,580,680,680,43154,0,120.0,134.3514147811111,2.8424579941201955,833.8489590096287,74.0
1790263956,50,,Aggregated,209.600000,0.000000,200,240,270,290,330,370,420,470,580,680,680,43154,0,120.0,134.3514147811111,2.8424579941201955,833.8489590096287,74.0
1790263957,50,POST,POST /webhooks/im/messages,207.100000,0.000000,190,230,260,280,320,370,420,470,580,680,680,43390,0,130.0,134.62408501458805,2.8424579941201955,833.8489590096287,74.0
1790263957,50,,Aggregated,207.100000,0.000000,190,230,260,280,320,370,420,470,580,680,680,43390,0,130.0,134.62408501458805,2.8424579941201955,833.8489590096287,74.0
1790263958,50,POST,POST /webhooks/im/messages,207.800000,0.000000,180,220,250,280,320,370,410,470,580,680,680,43668,0,130.0,134.64625208878712,2.8424579941201955,833.8489590096287,74.0
1790263958,50,,Aggregated,207.800000,0.000000,180,220,250,280,320,370,410,470,580,680,680,43668,0,130.0,134.64625208878712,2.8424579941201955,833.8489590096287,74.0
1790263959,50,POST,POST /webhooks/im/messages,209.000000,0.000000,190,230,260,280,320,370,410,470,580,680,680,43913,0,130.0,134.63538000649336,2.8424579941201955,833.8489590096287,74.0
1790263959,50,,Aggregated,209.000000,0.000000,190,230,260,280,320,370,410,470,580,680,680,43913,0,130.0,134.63538000649336,2.8424579941201955,833.8489590096287,74.0
1790263960,50,POST,POST /webhooks/im/messages,212.300000,0.000000,190,220,250,270,310,360,410,460,580,680,680,44135,0,130.0,134.87362123994805,2.8424579941201955,833.8489590096287,74.0
1790263960,50,,Aggregated,212.300000,0.000000,190,220,250,270,310,360,410,460,580,680,680,44135,0,130.0,134.87362123994805,2.8424579941201955,833.8489590096287,74.0
1790263961,50,POST,POST /webhooks/im/messages,210.000000,0.000000,170,200,230,240,300,340,400,440,580,680,680,44391,0,130.0,134.7751829423517,2.8424579941201955,833.8489590096287,74.0
1790263961,50,,Aggregated,210.000000,0.000000,170,200,230,240,300,340,400,440,580,680,680,44391,0,130.0,134.7751829423517,2.8424579941201955,833.8489590096287,74.0
1790263962,50,POST,POST /webhooks/im/messages,210.500000,0.000000,160,190,210,220,270,310,340,380,530,580,580,44631,0,130.0,134.6897481448746,2.8424579941201955,833.8489590096287,74.0
1790263962,50,,Aggregated,210.500000,0.000000,160,190,210,220,270,310,340,380,530,580,580,44631,0,130.0,134.6897481448746,2.8424579941201955,833.8489590096287,74.0
1790263963,50,POST,POST /webhooks/im/messages,216.400000,0.000000,160,180,200,210,250,290,330,350,530,580,580,44857,0,130.0,134.65759744708475,2.8424579941201955,833.8489590096287,74.0
1790263963,50,,Aggregated,216.400000,0.000000,160,180,200,210,250,290,330,350,530,580,580,44857,0,130.0,134.65759744708475,2.8424579941201955,833.8489590096287,74.0
1790263964,50,POST,POST /webhooks/im/messages,223.200000,0.000000,150,180,200,210,250,290,320,350,450,580,580,45083,0,130.0,134.87919295219467,2.8424579941201955,833.8489590096287,74.0
1790263964,50,,Aggregated,223.200000,0.000000,150,180,200,210,250,290,320,350,450,580,580,45083,0,130.0,134.87919295219467,2.8424579941201955,833.8489590096287,74.0
1790263965,50,POST,POST /webhooks/im/messages,233.700000,0.000000,150,180,200,210,250,290,320,350,440,450,450,45287,0,130.0,135.0654645274095,2.8424579941201955,833.8489590096287,74.0
1790263965,50,,Aggregated,233.700000,0.000000,150,180,200,210,250,290,320,350,440,450,450,45287,0,130.0,135.0654645274095,2.8424579941201955,833.8489590096287,74.0
1790263966,50,POST,POST /webhooks/im/messages,234.600000,0.000000,140,170,190,210,240,280,300,350,410,450,450,45531,0,130.0,135.21145669055787,2.8424579941201955,833.8489590096287,74.0
1790263966,50,,Aggregated,234.600000,0.000000,140,170,190,210,240,280,300,350,410,450,450,45531,0,130.0,135.21145669055787,2.8424579941201955,833.8489590096287,74.0
1790263967,50,POST,POST /webhooks/im/messages,236.600000,0.000000,140,170,190,210,240,270,300,330,410,450,450,45757,0,130.0,135.30549317898496,2.8424579941201955,833.8489590096287,74.0
1790263967,50,,Aggregated,236.600000,0.000000,140,170,190,210,240,270,300,330,410,450,450,45757,0,130.0,135.30549317898496,2.8424579941201955,833.8489590096287,74.0
1790263968,50,POST,POST /webhooks/im/messages,235.700000,0.000000,140,170,190,210,250,280,310,370,440,450,450,46014,0,130.0,135.43334287122943,2.8424579941201955,833.8489590096287,74.0
1790263968,50,,Aggregated,235.700000,0.000000,140,170,190,210,250,280,310,370,440,450,450,46014,0,130.0,135.43334287122943,2.8424579941201955,833.8489590096287,74.0
1790263969,50,POST,POST /webhooks/im/messages,238.100000,0.000000,150,170,190,210,250,280,310,370,450,530,530,46248,0,130.0,135.60238105993375,2.8424579941201955,833.8489590096287,74.0
1790263969,50,,Aggregated,238.100000,0.000000,150,170,190,210,250,280,310,370,450,530,530,46248,0,130.0,135.60238105993375,2.8424579941201955,833.8489590096287,74.0
1790263970,50,POST,POST /webhooks/im/messages,237.100000,0.000000,150,170,190,210,250,280,310,360,450,530,530,46489,0,130.0,135.78026578609354,2.8424579941201955,833.8489590096287,74.0
1790263970,50,,Aggregated,237.100000,0.000000,150,170,190,210,250,280,310,360,450,530,530,46489,0,130.0,135.78026578609354,2.8424579941201955,833.8489590096287,74.0
1790263971,50,POST,POST /webhooks/im/messages,235.500000,0.000000,150,180,200,210,250,280,310,360,450,530,530,46724,0,130.0,135.86467453331687,2.8424579941201955,833.8489590096287,74.0
1790263971,50,,Aggregated,235.500000,0.000000,150,180,200,210,250,280,310,360,450,530,530,46724,0,130.0,135.86467453331687,2.8424579941201955,833.8489590096287,74.0
1790263972,50,POST,POST /webhooks/im/messages,236.700000,0.000000,150,180,200,210,250,280,310,360,450,530,530,46988,0,130.0,135.80188835521196,2.8424579941201955,833.8489590096287,74.0
1790263972,50,,Aggregated,236.700000,0.000000,150,180,200,210,250,280,310,360,450,530,530,46988,0,130.0,135.80188835521196,2.8424579941201955,833.8489590096287,74.0
1790263973,50,POST,POST /webhooks/im/messages,236.700000,0.000000,150,170,190,210,240,270,310,360,450,530,530,47228,0,130.0,135.53194761329422,2.8424579941201955,833.8489590096287,74.0
1790263973,50,,Aggregated,236.700000,0.000000,150,170,190,210,240,270,310,360,450,530,530,47228,0,130.0,135.53194761329422,2.8424579941201955,833.8489590096287,74.0
1790263974,50,POST,POST /webhooks/im/messages,237.700000,0.000000,140,160,180,200,240,260,290,330,450,530,530,47508,0,130.0,135.24731459048377,2.8424579941201955,833.8489590096287,74.0
1790263974,50,,Aggregated,237.700000,0.000000,140,160,180,200,240,260,290,330,450,530,530,47508,0,130.0,135.24731459048377,2.8424579941201955,833.8489590096287,74.0
1790263975,50,POST,POST /webhooks/im/messages,236.000000,0.000000,130,150,170,180,220,250,270,300,450,530,530,47726,0,130.0,135.09831660982556,2.8424579941201955,833.8489590096287,74.0
1790263975,50,,Aggregated,236.000000,0.000000,130,150,170,180,220,250,270,300,450,530,530,47726,0,130.0,135.09831660982556,2.8424579941201955,833.8489590096287,74.0
1790263976,50,POST,POST /webhooks/im/messages,242.400000,0.000000,130,160,180,190,220,240,280,310,460,530,530,47947,0,130.0,135.3430131889072,2.8424579941201955,833.8489590096287,74.0
1790263976,50,,Aggregated,242.400000,0.000000,130,160,180,190,220,240,280,310,460,530,530,47947,0,130.0,135.3430131889072,2.8424579941201955,833.8489590096287,74.0
1790263977,50,POST,POST /webhooks/im/messages,241.600000,0.000000,140,160,180,190,220,250,300,320,490,530,530,48180,0,130.0,135.60125482445977,2.8424579941201955,833.8489590096287,74.0
1790263977,50,,Aggregated,241.600000,0.000000,140,160,180,190,220,250,300,320,490,530,530,48180,0,130.0,135.60125482445977,2.8424579941201955,833.8489590096287,74.0
1790263978,50,POST,POST /webhooks/im/messages,241.200000,0.000000,140,170,180,200,230,260,300,320,490,530,530,48431,0,130.0,135.78016672268646,2.8424579941201955,833.8489590096287,74.0
1790263978,50,,Aggregated,241.200000,0.000000,140,170,180,200,230,260,300,320,490,530,530,48431,0,130.0,135.78016672268646,2.8424579941201955,833.8489590096287,74.0
1790263979,50,POST,POST /webhooks/im/messages,238.500000,0.000000,120,150,170,180,220,250,290,310,480,530,530,48698,0,130.0,135.45508887300124,2.8424579941201955,833.8489590096287,74.0
1790263979,50,,Aggregated,238.500000,0.000000,120,150,170,180,220,250,290,310,480,530,530,48698,0,130.0,135.45508887300124,2.8424579941201955,833.8489590096287,74.0
1790263980,50,POST,POST /webhooks/im/messages,237.100000,0.000000,120,150,170,190,230,270,330,370,530,560,560,48872,0,130.0,135.6937634686835,2.8424579941201955,833.8489590096287,74.0
1790263980,50,,Aggregated,237.100000,0.000000,120,150,170,190,230,270,330,370,530,560,560,48872,0,130.0,135.6937634686835,2.8424579941201955,833.8489590096287,74.0
1790263981,50,POST,POST /webhooks/im/messages,243.000000,0.000000,120,150,170,180,230,270,330,370,530,560,560,49115,0,130.0,135.60719926571517,2.8424579941201955,833.8489590096287,74.0
1790263981,50,,Aggregated,243.000000,0.000000,120,150,170,180,230,270,330,370,530,560,560,49115,0,130.0,135.60719926571517,2.8424579941201955,833.8489590096287,74.0
1790263982,50,POST,POST /webhooks/im/messages,239.600000,0.000000,130,160,180,190,240,270,330,370,530,560,560,49355,0,130.0,135.77739650235128,2.8424579941201955,833.8489590096287,74.0
1790263982,50,,Aggregated,239.600000,0.000000,130,160,180,190,240,270,330,370,530,560,560,49355,0,130.0,135.77739650235128,2.8424579941201955,833.8489590096287,74.0
1790263983,50,POST,POST /webhooks/im/messages,237.000000,0.000000,140,170,190,210,250,290,350,390,530,560,560,49574,0,130.0,136.05005305497968,2.8424579941201955,833.8489590096287,74.0
1790263983,50,,Aggregated,237.000000,0.000000,140,170,190,210,250,290,350,390,530,560,560,49574,0,130.0,136.05005305497968,2.8424579941201955,833.8489590096287,74.0
1790263984,50,POST,POST /webhooks/im/messages,236.900000,0.000000,150,180,210,220,260,310,360,440,530,560,560,49789,0,130.0,136.2858490304034,2.8424579941201955,833.8489590096287,74.0
1790263984,50,,Aggregated,236.900000,0.000000,150,180,210,220,260,310,360,440,530,560,560,49789,0,130.0,136.2858490304034,2.8424579941201955,833.8489590096287,74.0
1790263985,50,POST,POST /webhooks/im/messages,233.400000,0.000000,160,190,210,230,270,320,380,440,530,560,560,49999,0,130.0,136.63195747702412,2.8424579941201955,833.8489590096287,74.0
1790263985,50,,Aggregated,233.400000,0.000000,160,190,210,230,270,320,380,440,530,560,560,49999,0,130.0,136.63195747702412,2.8424579941201955,833.8489590096287,74.0
1790263986,50,POST,POST /webhooks/im/messages,227.000000,0.000000,160,180,210,230,270,320,370,410,530,560,560,50212,0,130.0,136.76484019761565,2.8424579941201955,833.8489590096287,74.0
1790263986,50,,Aggregated,227.000000,0.000000,160,180,210,230,270,320,370,410,530,560,560,50212,0,130.0,136.76484019761565,2.8424579941201955,833.8489590096287,74.0
1790263987,50,POST,POST /webhooks/im/messages,227.000000,0.000000,160,180,210,230,280,330,380,440,530,560,560,50462,0,130.0,137.0371257129449,2.8424579941201955,833.8489590096287,74.0
1790263987,50,,Aggregated,227.000000,0.000000,160,180,210,230,280,330,380,440,530,560,560,50462,0,130.0,137.0371257129449,2.8424579941201955,833.8489590096287,74.0
1790263988,50,POST,POST /webhooks/im/messages,226.500000,0.000000,160,190,220,230,280,340,380,440,550,560,560,50703,0,130.0,137.18887505566667,2.8424579941201955,833.8489590096287,74.0
1790263988,50,,Aggregated,226.500000,0.000000,160,190,220,230,280,340,380,440,550,560,560,50703,0,130.0,137.18887505566667,2.8424579941201955,833.8489590096287,74.0
1790263989,50,POST,POST /webhooks/im/messages,225.700000,0.000000,160,190,220,230,280,340,380,440,550,560,560,50958,0,130.0,137.0448700230423,2.8424579941201955,833.8489590096287,74.0
1790263989,50,,Aggregated,225.700000,0.000000,160,190,220,230,280,340,380,440,550,560,560,50958,0,130.0,137.0448700230423,2.8424579941201955,833.8489590096287,74.0
1790263990,50,POST,POST /webhooks/im/messages,226.300000,0.000000,160,190,210,230,270,330,370,400,510,560,560,51185,0,130.0,136.95566209952358,2.8424579941201955,833.8489590096287,74.0
1790263990,50,,Aggregated,226.300000,0.000000,160,190,210,230,270,330,370,400,510,560,560,51185,0,130.0,136.95566209952358,2.8424579941201955,833.8489590096287,74.0
1790263991,50,POST,POST /webhooks/im/messages,225.200000,0.000000,160,190,210,230,270,330,370,410,510,560,560,51413,0,130.0,136.81389525087206,2.8424579941201955,833.8489590096287,74.0
1790263991,50,,Aggregated,225.200000,0.000000,160,190,210,230,270,330,370,410,510,560,560,51413,0,130.0,136.81389525087206,2.8424579941201955,833.8489590096287,74.0
1790263992,50,POST,POST /webhooks/im/messages,230.400000,0.000000,150,180,210,220,270,320,360,390,510,560,560,51658,0,130.0,136.90208139196417,2.8424579941201955,833.8489590096287,74.0
1790263992,50,,Aggregated,230.400000,0.000000,150,180,210,220,270,320,360,390,510,560,560,51658,0,130.0,136.90208139196417,2.8424579941201955,833.8489590096287,74.0
1790263993,50,POST,POST /webhooks/im/messages,230.500000,0.000000,150,180,200,220,260,310,350,390,510,560,560,51893,0,130.0,136.99638599121477,2.8424579941201955,833.8489590096287,74.0
1790263993,50,,Aggregated,230.500000,0.000000,150,180,200,220,260,310,350,390,510,560,560,51893,0,130.0,136.99638599121477,2.8424579941201955,833.8489590096287,74.0
1790263994,50,POST,POST /webhooks/im/messages,229.900000,0.000000,150,170,200,210,250,300,350,380,470,560,560,52119,0,130.0,137.1422396961,2.8424579941201955,833.8489590096287,74.0
1790263994,50,,Aggregated,229.900000,0.000000,150,170,200,210,250,300,350,380,470,560,560,52119,0,130.0,137.1422396961,2.8424579941201955,833.8489590096287,74.0
1790263995,50,POST,POST /webhooks/im/messages,229.500000,0.000000,140,170,190,210,250,300,340,380,470,560,560,52386,0,130.0,137.15878110386555,2.8424579941201955,833.8489590096287,74.0
1790263995,50,,Aggregated,229.500000,0.000000,140,170,190,210,250,300,340,380,470,560,560,52386,0,130.0,137.15878110386555,2.8424579941201955,833.8489590096287,74.0
1790263996,50,POST,POST /webhooks/im/messages,234.900000,0.000000,140,170,190,210,240,280,320,350,460,560,560,52573,0,130.0,137.28776707243617,2.8424579941201955,833.8489590096287,74.0
1790263996,50,,Aggregated,234.900000,0.000000,140,170,190,210,240,280,320,350,460,560,560,52573,0,130.0,137.28776707243617,2.8424579941201955,833.8489590096287,74.0
1790263997,50,POST,POST /webhooks/im/messages,231.400000,0.000000,140,170,200,210,240,280,330,360,530,590,590,52803,0,130.0,137.5867592889424,2.8424579941201955,833.8489590096287,74.0
1790263997,50,,Aggregated,231.400000,0.000000,140,170,200,210,240,280,330,360,530,590,590,52803,0,130.0,137.5867592889424,2.8424579941201955,833.8489590096287,74.0
1790263998,50,POST,POST /webhooks/im/messages,233.200000,0.000000,150,180,200,210,240,280,330,370,510,590,590,53048,0,130.0,137.7663092428756,2.8424579941201955,833.8489590096287,74.0
1790263998,50,,Aggregated,233.200000,0.000000,150,180,200,210,240,280,330,370,510,590,590,53048,0,130.0,137.7663092428756,2.8424579941201955,833.8489590096287,74.0
1790263999,50,POST,POST /webhooks/im/messages,234.100000,0.000000,160,190,210,220,260,310,360,410,530,590,590,53255,0,130.0,137.96768606977633,2.8424579941201955,833.8489590096287,74.0
1790263999,50,,Aggregated,234.100000,0.000000,160,190,210,220,260,310,360,410,530,590,590,53255,0,130.0,137.96768606977633,2.8424579941201955,833.8489590096287,74.0
1790264000,50,POST,POST /webhooks/im/messages,237.400000,0.000000,160,190,210,220,260,310,360,410,530,590,590,53460,0,130.0,138.1493586364935,2.8424579941201955,833.8489590096287,74.0
1790264000,50,,Aggregated,237.400000,0.000000,160,190,210,220,260,310,360,410,530,590,590,53460,0,130.0,138.1493586364935,2.8424579941201955,833.8489590096287,74.0
1790264001,50,POST,POST /webhooks/im/messages,232.000000,0.000000,160,190,210,230,270,310,380,410,540,590,590,53691,0,130.0,138.2324809917286,2.8424579941201955,833.8489590096287,74.0
1790264001,50,,Aggregated,232.000000,0.000000,160,190,210,230,270,310,380,410,540,590,590,53691,0,130.0,138.2324809917286,2.8424579941201955,833.8489590096287,74.0
1790264002,50,POST,POST /webhooks/im/messages,226.300000,0.000000,170,200,220,230,280,340,390,440,560,680,680,53929,0,130.0,138.5491600739312,2.8424579941201955,833.8489590096287,74.0
1790264002,50,,Aggregated,226.300000,0.000000,170,200,220,230,280,340,390,440,560,680,680,53929,0,130.0,138.5491600739312,2.8424579941201955,833.8489590096287,74.0
1790264003,50,POST,POST /webhooks/im/messages,227.000000,0.000000,170,200,220,230,280,340,390,440,560,680,680,54158,0,130.0,138.60012145589067,2.8424579941201955,833.8489590096287,74.0
1790264003,50,,Aggregated,227.000000,0.000000,170,200,220,230,280,340,390,440,560,680,680,54158,0,130.0,138.60012145589067,2.8424579941201955,833.8489590096287,74.0
1790264004,50,POST,POST /webhooks/im/messages,222.900000,0.000000,160,190,210,220,270,330,390,430,560,680,680,54419,0,130.0,138.6614026120115,2.8424579941201955,833.8489590096287,74.0
1790264004,50,,Aggregated,222.900000,0.000000,160,190,210,220,270,330,390,430,560,680,680,54419,0,130.0,138.6614026120115,2.8424579941201955,833.8489590096287,74.0
1790264005,50,POST,POST /webhooks/im/messages,225.100000,0.000000,170,200,220,230,290,340,400,450,560,680,680,54599,0,130.0,138.86744137110637,2.8424579941201955,833.8489590096287,74.0
1790264005,50,,Aggregated,225.100000,0.000000,170,200,220,230,290,340,400,450,560,680,680,54599,0,130.0,138.86744137110637,2.8424579941201955,833.8489590096287,74.0
1790264006,50,POST,POST /webhooks/im/messages,225.300000,0.000000,170,200,210,220,280,330,390,450,560,680,680,54815,0,130.0,139.06094205177746,2.8424579941201955,833.8489590096287,74.0
1790264006,50,,Aggregated,225.300000,0.000000,170,200,210,220,280,330,390,450,560,680,680,54815,0,130.0,139.06094205177746,2.8424579941201955,833.8489590096287,74.0
1790264007,50,POST,POST /webhooks/im/messages,226.500000,0.000000,160,190,210,230,290,330,400,440,540,680,680,55095,0,130.0,139.06315422710142,2.8424579941201955,833.8489590096287,74.0
1790264007,50,,Aggregated,226.500000,0.000000,160,190,210,230,290,330,400,440,540,680,680,55095,0,130.0,139.06315422710142,2.8424579941201955,833.8489590096287,74.0
1790264008,50,POST,POST /webhooks/im/messages,224.900000,0.000000,160,190,210,220,290,330,390,430,540,680,680,55319,0,130.0,138.84896221141125,2.8424579941201955,833.8489590096287,74.0
1790264008,50,,Aggregated,224.900000,0.000000,160,190,210,220,290,330,390,430,540,680,680,55319,0,130.0,138.84896221141125,2.8424579941201955,833.8489590096287,74.0
1790264009,50,POST,POST /webhooks/im/messages,225.700000,0.000000,150,180,200,210,260,310,360,400,540,680,680,55598,0,130.0,138.7589631612856,2.8424579941201955,833.8489590096287,74.0
1790264009,50,,Aggregated,225.700000,0.000000,150,180,200,210,260,310,360,400,540,680,680,55598,0,130.0,138.7589631612856,2.8424579941201955,833.8489590096287,74.0
1790264010,50,POST,POST /webhooks/im/messages,225.300000,0.000000,140,170,190,200,250,300,350,400,520,680,680,55830,0,130.0,138.62782511288285,2.8424579941201955,833.8489590096287,74.0
1790264010,50,,Aggregated,225.300000,0.000000,140,170,190,200,250,300,350,400,520,680,680,55830,0,130.0,138.62782511288285,2.8424579941201955,833.8489590096287,74.0
1790264011,50,POST,POST /webhooks/im/messages,227.900000,0.000000,130,160,180,190,230,280,310,340,510,680,680,56087,0,130.0,138.3816732260457,2.8424579941201955,833.8489590096287,74.0
1790264011,50,,Aggregated,227.900000,0.000000,130,160,180,190,230,280,310,340,510,680,680,56087,0,130.0,138.3816732260457,2.8424579941201955,833.8489590096287,74.0
1790264012,50,POST,POST /webhooks/im/messages,233.700000,0.000000,120,160,170,190,220,280,310,340,450,520,520,56346,0,130.0,138.1627901902728,2.8424579941201955,833.8489590096287,74.0
1790264012,50,,Aggregated,233.700000,0.000000,120,160,170,190,220,280,310,340,450,520,520,56346,0,130.0,138.1627901902728,2.8424579941201955,833.8489590096287,74.0
1790264013,50,POST,POST /webhooks/im/messages,235.400000,0.000000,110,150,170,180,220,270,310,330,450,520,520,56600,0,130.0,137.90491816148543,2.8424579941201955,833.8489590096287,74.0
1790264013,50,,Aggregated,235.400000,0.000000,110,150,170,180,220,270,310,330,450,520,520,56600,0,130.0,137.90491816148543,2.8424579941201955,833.8489590096287,74.0
1790264014,50,POST,POST /webhooks/im/messages,239.300000,0.000000,98,140,160,170,210,260,300,330,450,520,520,56845,0,130.0,137.56232399866278,2.8424579941201955,833.8489590096287,74.0
1790264014,50,,Aggregated,239.300000,0.000000,98,140,160,170,210,260,300,330,450,520,520,56845,0,130.0,137.56232399866278,2.8424579941201955,833.8489590096287,74.0
1790264015,50,POST,POST /webhooks/im/messages,240.300000,0.000000,92,120,140,160,180,220,280,300,400,430,430,57105,0,130.0,137.42715143913907,2.8424579941201955,833.8489590096287,74.0
1790264015,50,,Aggregated,240.300000,0.000000,92,120,140,160,180,220,280,300,400,430,430,57105,0,130.0,137.42715143913907,2.8424579941201955,833.8489590096287,74.0
1790264016,50,POST,POST /webhooks/im/messages,241.300000,0.000000,81,110,130,140,160,180,210,230,300,340,340,57337,0,130.0,137.08401371376485,2.8424579941201955,833.8489590096287,74.0
1790264016,50,,Aggregated,241.300000,0.000000,81,110,130,140,160,180,210,230,300,340,340,57337,0,130.0,137.08401371376485,2.8424579941201955,833.8489590096287,74.0
1790264017,50,POST,POST /webhooks/im/messages,244.800000,0.000000,83,110,130,140,170,190,260,280,420,430,430,57538,0,130.0,137.1511315021597,2.8424579941201955,833.8489590096287,74.0
1790264017,50,,Aggregated,244.800000,0.000000,83,110,130,140,170,190,260,280,420,430,430,57538,0,130.0,137.1511315021597,2.8424579941201955,833.8489590096287,74.0
1790264018,50,POST,POST /webhooks/im/messages,249.200000,0.000000,89,110,130,140,180,210,270,300,430,470,470,57770,0,130.0,137.18507068873598,2.8424579941201955,833.8489590096287,74.0
1790264018,50,,Aggregated,249.200000,0.000000,89,110,130,140,180,210,270,300,430,470,470,57770,0,130.0,137.18507068873598,2.8424579941201955,833.8489590096287,74.0
1790264019,50,POST,POST /webhooks/im/messages,250.500000,0.000000,93,120,140,160,200,250,290,340,450,470,470,57997,0,130.0,137.4572997467668,2.8424579941201955,833.8489590096287,74.0
1790264019,50,,Aggregated,250.500000,0.000000,93,120,140,160,200,250,290,340,450,470,470,57997,0,130.0,137.4572997467668,2.8424579941201955,833.8489590096287,74.0
1790264020,50,POST,POST /webhooks/im/messages,245.900000,0.000000,95,130,170,190,240,270,340,400,520,590,590,58189,0,130.0,137.79469981837298,2.8424579941201955,833.8489590096287,74.0
1790264020,50,,Aggregated,245.900000,0.000000,95,130,170,190,240,270,340,400,520,590,590,58189,0,130.0,137.79469981837298,2.8424579941201955,833.8489590096287,74.0
1790264021,50,POST,POST /webhooks/im/messages,244.400000,0.000000,100,160,190,200,250,310,370,420,520,590,590,58393,0,130.0,138.0948629529967,2.8424579941201955,833.8489590096287,74.0
1790264021,50,,Aggregated,244.400000,0.000000,100,160,190,200,250,310,370,420,520,590,590,58393,0,130.0,138.0948629529967,2.8424579941201955,833.8489590096287,74.0
1790264022,50,POST,POST /webhooks/im/messages,239.900000,0.000000,120,180,200,220,260,310,380,430,590,600,600,58634,0,130.0,138.24067831054185,2.8424579941201955,833.8489590096287,74.0
1790264022,50,,Aggregated,239.900000,0.000000,120,180,200,220,260,310,380,430,590,600,600,58634,0,130.0,138.24067831054185,2.8424579941201955,833.8489590096287,74.0
1790264023,50,POST,POST /webhooks/im/messages,234.600000,0.000000,130,180,210,220,270,320,390,430,590,640,640,58879,0,130.0,138.3300596907265,2.8424579941201955,833.8489590096287,74.0
1790264023,50,,Aggregated,234.600000,0.000000,130,180,210,220,270,320,390,430,590,640,640,58879,0,130.0,138.3300596907265,2.8424579941201955,833.8489590096287,74.0
1790264024,50,POST,POST /webhooks/im/messages,229.900000,0.000000,130,180,210,220,270,320,390,430,590,640,640,59123,0,130.0,138.15775802885852,2.8424579941201955,833.8489590096287,74.0
1790264024,50,,Aggregated,229.900000,0.000000,130,180,210,220,270,320,390,430,590,640,640,59123,0,130.0,138.15775802885852,2.8424579941201955,833.8489590096287,74.0
1790264025,50,POST,POST /webhooks/im/messages,227.400000,0.000000,150,190,220,240,290,330,400,430,590,640,640,59308,0,130.0,138.22028890571565,2.8424579941201955,833.8489590096287,74.0
1790264025,50,,Aggregated,227.400000,0.000000,150,190,220,240,290,330,400,430,590,640,640,59308,0,130.0,138.22028890571565,2.8424579941201955,833.8489590096287,74.0
1790264026,50,POST,POST /webhooks/im/messages,229.300000,0.000000,170,210,230,250,290,330,410,440,590,640,640,59534,0,130.0,138.42864116626183,2.8424579941201955,833.8489590096287,74.0
1790264026,50,,Aggregated,229.300000,0.000000,170,210,230,250,290,330,410,440,590,640,640,59534,0,130.0,138.42864116626183,2.8424579941201955,833.8489590096287,74.0
1790264027,50,POST,POST /webhooks/im/messages,229.300000,0.000000,170,210,230,240,290,330,400,430,590,640,640,59778,0,130.0,138.61144589670516,2.8424579941201955,833.8489590096287,74.0
1790264027,50,,Aggregated,229.300000,0.000000,170,210,230,240,290,330,400,430,590,640,640,59778,0,130.0,138.61144589670516,2.8424579941201955,833.8489590096287,74.0
1790264028,50,POST,POST /webhooks/im/messages,220.300000,0.000000,170,210,230,240,290,330,400,430,590,640,640,60032,0,130.0,138.67845173051313,2.8424579941201955,833.8489590096287,74.0
1790264028,50,,Aggregated,220.300000,0.000000,170,210,230,240,290,330,400,430,590,640,640,60032,0,130.0,138.67845173051313,2.8424579941201955,833.8489590096287,74.0
1790264029,50,POST,POST /webhooks/im/messages,218.500000,0.000000,160,200,220,230,280,320,390,430,590,640,640,60274,0,130.0,138.64658613279587,2.8424579941201955,833.8489590096287,74.0
1790264029,50,,Aggregated,218.500000,0.000000,160,200,220,230,280,320,390,430,590,640,640,60274,0,130.0,138.64658613279587,2.8424579941201955,833.8489590096287,74.0
1790264030,50,POST,POST /webhooks/im/messages,220.300000,0.000000,150,190,210,220,270,310,360,420,590,640,640,60481,0,130.0,138.7512259055926,2.8424579941201955,833.8489590096287,74.0
1790264030,50,,Aggregated,220.300000,0.000000,150,190,210,220,270,310,360,420,590,640,640,60481,0,130.0,138.7512259055926,2.8424579941201955,833.8489590096287,74.0
1790264031,50,POST,POST /webhooks/im/messages,222.200000,0.000000,150,190,210,220,270,300,350,400,600,640,640,60694,0,130.0,139.01944459935643,2.8424579941201955,833.8489590096287,74.0
1790264031,50,,Aggregated,222.200000,0.000000,150,190,210,220,270,300,350,400,600,640,640,60694,0,130.0,139.01944459935643,2.8424579941201955,833.8489590096287,74.0
1790264032,50,POST,POST /webhooks/im/messages,225.200000,0.000000,150,190,220,230,270,310,370,420,600,640,640,60901,0,130.0,139.2840335791272,2.8424579941201955,833.8489590096287,74.0
1790264032,50,,Aggregated,225.200000,0.000000,150,190,220,230,270,310,370,420,600,640,640,60901,0,130.0,139.2840335791272,2.8424579941201955,833.8489590096287,74.0
1790264033,50,POST,POST /webhooks/im/messages,226.900000,0.000000,150,190,220,230,270,310,360,420,500,630,630,61134,0,130.0,139.20435881096074,2.8424579941201955,833.8489590096287,74.0
1790264033,50,,Aggregated,226.900000,0.000000,150,190,220,230,270,310,360,420,500,630,630,61134,0,130.0,139.20435881096074,2.8424579941201955,833.8489590096287,74.0
1790264034,50,POST,POST /webhooks/im/messages,227.900000,0.000000,170,210,230,240,290,330,380,420,500,630,630,61350,0,130.0,139.49008806495672,2.8424579941201955,833.8489590096287,74.0
1790264034,50,,Aggregated,227.900000,0.000000,170,210,230,240,290,330,380,420,500,630,630,61350,0,130.0,139.49008806495672,2.8424579941201955,833.8489590096287,74.0
1790264035,50,POST,POST /webhooks/im/messages,229.300000,0.000000,170,200,220,240,280,330,370,420,500,630,630,61558,0,130.0,139.68528812001753,2.8424579941201955,833.8489590096287,74.0
1790264035,50,,Aggregated,229.300000,0.000000,170,200,220,240,280,330,370,420,500,630,630,61558,0,130.0,139.68528812001753,2.8424579941201955,833.8489590096287,74.0
1790264036,50,POST,POST /webhooks/im/messages,221.000000,0.000000,180,210,230,240,290,340,380,430,530,630,630,61755,0,130.0,140.0022346157894,2.8424579941201955,833.8489590096287,74.0
1790264036,50,,Aggregated,221.000000,0.000000,180,210,230,240,290,340,380,430,530,630,630,61755,0,130.0,140.0022346157894,2.8424579941201955,833.8489590096287,74.0
1790264037,50,POST,POST /webhooks/im/messages,219.900000,0.000000,180,210,230,250,290,340,380,430,530,630,630,61972,0,130.0,140.20998585737337,2.8424579941201955,833.8489590096287,74.0
1790264037,50,,Aggregated,219.900000,0.000000,180,210,230,250,290,340,380,430,530,630,630,61972,0,130.0,140.20998585737337,2.8424579941201955,833.8489590096287,74.0
1790264038,50,POST,POST /webhooks/im/messages,222.200000,0.000000,180,210,240,250,300,350,390,430,540,630,630,62220,0,130.0,140.417859012314,2.8424579941201955,833.8489590096287,74.0
1790264038,50,,Aggregated,222.200000,0.000000,180,210,240,250,300,350,390,430,540,630,630,62220,0,130.0,140.417859012314,2.8424579941201955,833.8489590096287,74.0
1790264039,50,POST,POST /webhooks/im/messages,221.400000,0.000000,190,220,250,260,320,350,410,440,540,630,630,62416,0,130.0,140.6652220248055,2.8424579941201955,833.8489590096287,74.0
1790264039,50,,Aggregated,221.400000,0.000000,190,220,250,260,320,350,410,440,540,630,630,62416,0,130.0,140.6652220248055,2.8424579941201955,833.8489590096287,74.0
1790264040,50,POST,POST /webhooks/im/messages,220.200000,0.000000,190,230,250,270,320,350,410,460,540,600,600,62628,0,130.0,140.8916688273804,2.8424579941201955,833.8489590096287,74.0
1790264040,50,,Aggregated,220.200000,0.000000,190,230,250,270,320,350,410,460,540,600,600,62628,0,130.0,140.8916688273804,2.8424579941201955,833.8489590096287,74.0
1790264041,50,POST,POST /webhooks/im/messages,219.700000,0.000000,190,230,250,270,320,350,410,440,540,560,560,62841,0,130.0,141.15301815525032,2.8424579941201955,833.8489590096287,74.0
1790264041,50,,Aggregated,219.700000,0.000000,190,230,250,270,320,350,410,440,540,560,560,62841,0,130.0,141.15301815525032,2.8424579941201955,833.8489590096287,74.0
1790264042,50,POST,POST /webhooks/im/messages,214.800000,0.000000,200,230,250,270,320,350,390,430,540,560,560,63055,0,130.0,141.42173734029245,2.8424579941201955,833.8489590096287,74.0
1790264042,50,,Aggregated,214.800000,0.000000,200,230,250,270,320,350,390,430,540,560,560,63055,0,130.0,141.42173734029245,2.8424579941201955,833.8489590096287,74.0
1790264043,50,POST,POST /webhooks/im/messages,213.900000,0.000000,200,230,250,260,310,350,390,430,560,570,570,63305,0,130.0,141.50113395084276,2.8424579941201955,833.8489590096287,74.0
1790264043,50,,Aggregated,213.900000,0.000000,200,230,250,260,310,350,390,430,560,570,570,63305,0,130.0,141.50113395084276,2.8424579941201955,833.8489590096287,74.0
1790264044,50,POST,POST /webhooks/im/messages,213.600000,0.000000,190,220,240,260,300,340,390,430,560,570,570,63543,0,130.0,141.4068052543658,2.8424579941201955,833.8489590096287,74.0
1790264044,50,,Aggregated,213.600000,0.000000,190,220,240,260,300,340,390,430,560,570,570,63543,0,130.0,141.4068052543658,2.8424579941201955,833.8489590096287,74.0
1790264045,50,POST,POST /webhooks/im/messages,213.600000,0.000000,180,210,230,250,300,330,380,430,560,570,570,63778,0,130.0,141.36190174722077,2.8424579941201955,833.8489590096287,74.0
1790264045,50,,Aggregated,213.600000,0.000000,180,210,230,250,300,330,380,430,560,570,570,63778,0,130.0,141.36190174722077,2.8424579941201955,833.8489590096287,74.0
1790264046,50,POST,POST /webhooks/im/messages,220.100000,0.000000,180,200,230,240,290,330,380,410,560,570,570,63990,0,130.0,141.49167180270734,2.8424579941201955,833.8489590096287,74.0
1790264046,50,,Aggregated,220.100000,0.000000,180,200,230,240,290,330,380,410,560,570,570,63990,0,130.0,141.49167180270734,2.8424579941201955,833.8489590096287,74.0
1790264047,50,POST,POST /webhooks/im/messages,218.000000,0.000000,170,200,220,240,280,320,350,400,560,570,570,64262,0,130.0,141.56501078921045,2.8424579941201955,833.8489590096287,74.0
1790264047,50,,Aggregated,218.000000,0.000000,170,200,220,240,280,320,350,400,560,570,570,64262,0,130.0,141.56501078921045,2.8424579941201955,833.8489590096287,74.0
1790264048,50,POST,POST /webhooks/im/messages,221.000000,0.000000,160,190,220,230,280,320,350,400,560,570,570,64506,0,130.0,141.52088355574983,2.8424579941201955,833.8489590096287,74.0
1790264048,50,,Aggregated,221.000000,0.000000,160,190,220,230,280,320,350,400,560,570,570,64506,0,130.0,141.52088355574983,2.8424579941201955,833.8489590096287,74.0
1790264049,50,POST,POST /webhooks/im/messages,223.600000,0.000000,160,180,210,220,260,300,350,380,560,570,570,64736,0,130.0,141.6177435648029,2.8424579941201955,833.8489590096287,74.0
1790264049,50,,Aggregated,223.600000,0.000000,160,180,210,220,260,300,350,380,560,570,570,64736,0,130.0,141.6177435648029,2.8424579941201955,833.8489590096287,74.0
1790264050,50,POST,POST /webhooks/im/messages,227.700000,0.000000,150,180,200,220,260,290,340,370,450,570,570,64942,0,130.0,141.65633629771253,2.8424579941201955,833.8489590096287,74.0
1790264050,50,,Aggregated,227.700000,0.000000,150,180,200,220,260,290,340,370,450,570,570,64942,0,130.0,141.65633629771253,2.8424579941201955,833.8489590096287,74.0
1790264051,50,POST,POST /webhooks/im/messages,227.800000,0.000000,140,170,190,210,250,290,340,380,560,590,590,65185,0,130.0,141.70784570369065,2.8424579941201955,833.8489590096287,74.0
1790264051,50,,Aggregated,227.800000,0.000000,140,170,190,210,250,290,340,380,560,590,590,65185,0,130.0,141.70784570369065,2.8424579941201955,833.8489590096287,74.0
1790264052,50,POST,POST /webhooks/im/messages,233.000000,0.000000,130,160,180,190,240,280,330,370,530,590,590,65449,0,130.0,141.65123398126934,2.8424579941201955,833.8489590096287,74.0
1790264052,50,,Aggregated,233.000000,0.000000,130,160,180,190,240,280,330,370,530,590,590,65449,0,130.0,141.65123398126934,2.8424579941201955,833.8489590096287,74.0
1790264053,50,POST,POST /webhooks/im/messages,230.600000,0.000000,140,170,190,200,250,280,330,370,530,590,590,65647,0,130.0,141.87255352655959,2.8424579941201955,833.8489590096287,74.0
1790264053,50,,Aggregated,230.600000,0.000000,140,170,190,200,250,280,330,370,530,590,590,65647,0,130.0,141.87255352655959,2.8424579941201955,833.8489590096287,74.0
1790264054,50,POST,POST /webhooks/im/messages,235.100000,0.000000,150,180,200,220,260,290,330,380,530,590,590,65853,0,130.0,142.1346814951342,2.8424579941201955,833.8489590096287,74.0
1790264054,50,,Aggregated,235.100000,0.000000,150,180,200,220,260,290,330,380,530,590,590,65853,0,130.0,142.1346814951342,2.8424579941201955,833.8489590096287,74.0
1790264055,50,POST,POST /webhooks/im/messages,236.400000,0.000000,160,190,210,230,270,300,340,390,530,590,590,66066,0,130.0,142.37726108340135,2.8424579941201955,833.8489590096287,74.0
1790264055,50,,Aggregated,236.400000,0.000000,160,190,210,230,270,300,340,390,530,590,590,66066,0,130.0,142.37726108340135,2.8424579941201955,833.8489590096287,74.0
1790264056,50,POST,POST /webhooks/im/messages,230.800000,0.000000,160,190,210,230,270,300,330,390,530,590,590,66297,0,130.0,142.49438556106628,2.8424579941201955,833.8489590096287,74.0
1790264056,50,,Aggregated,230.800000,0.000000,160,190,210,230,270,300,330,390,530,590,590,66297,0,130.0,142.49438556106628,2.8424579941201955,833.8489590096287,74.0
1790264057,50,POST,POST /webhooks/im/messages,231.700000,0.000000,160,190,220,230,270,300,330,390,530,590,590,66538,0,130.0,142.5437380353501,2.8424579941201955,833.8489590096287,74.0
1790264057,50,,Aggregated,231.700000,0.000000,160,190,220,230,270,300,330,390,530,590,590,66538,0,130.0,142.5437380353501,2.8424579941201955,833.8489590096287,74.0
1790264058,50,POST,POST /webhooks/im/messages,230.300000,0.000000,160,200,220,240,270,310,360,410,530,590,590,66786,0,130.0,142.54672613203397,2.8424579941201955,833.8489590096287,74.0
1790264058,50,,Aggregated,230.300000,0.000000,160,200,220,240,270,310,360,410,530,590,590,66786,0,130.0,142.54672613203397,2.8424579941201955,833.8489590096287,74.0
1790264059,50,POST,POST /webhooks/im/messages,229.800000,0.000000,160,200,220,240,270,310,360,410,530,590,590,67012,0,130.0,142.60548520078774,2.8424579941201955,833.8489590096287,74.0
1790264059,50,,Aggregated,229.800000,0.000000,160,200,220,240,270,310,360,410,530,590,590,67012,0,130.0,142.60548520078774,2.8424579941201955,833.8489590096287,74.0
1790264060,50,POST,POST /webhooks/im/messages,225.500000,0.000000,170,200,220,240,280,310,360,390,530,590,590,67193,0,130.0,142.84189481251047,2.8424579941201955,833.8489590096287,74.0
1790264060,50,,Aggregated,225.500000,0.000000,170,200,220,240,280,310,360,390,530,590,590,67193,0,130.0,142.84189481251047,2.8424579941201955,833.8489590096287,74.0
1790264061,50,POST,POST /webhooks/im/messages,228.500000,0.000000,170,210,230,250,290,320,380,450,580,660,660,67421,0,130.0,143.0907181866179,2.8424579941201955,833.8489590096287,74.0
1790264061,50,,Aggregated,228.500000,0.000000,170,210,230,250,290,320,380,450,580,660,660,67421,0,130.0,143.0907181866179,2.8424579941201955,833.8489590096287,74.0
1790264062,50,POST,POST /webhooks/im/messages,225.300000,0.000000,180,220,240,250,290,320,390,450,580,660,660,67648,0,130.0,143.20670323039656,2.8424579941201955,833.8489590096287,74.0
1790264062,50,,Aggregated,225.300000,0.000000,180,220,240,250,290,320,390,450,580,660,660,67648,0,130.0,143.20670323039656,2.8424579941201955,833.8489590096287,74.0
1790264063,50,POST,POST /webhooks/im/messages,223.900000,0.000000,170,210,230,250,300,330,390,470,580,660,660,67875,0,130.0,143.27516510032902,2.8424579941201955,833.8489590096287,74.0
1790264063,50,,Aggregated,223.900000,0.000000,170,210,230,250,300,330,390,470,580,660,660,67875,0,130.0,143.27516510032902,2.8424579941201955,833.8489590096287,74.0
1790264064,50,POST,POST /webhooks/im/messages,221.800000,0.000000,160,200,230,240,290,330,390,470,580,660,660,68097,0,130.0,143.35229472286287,2.8424579941201955,833.8489590096287,74.0
1790264064,50,,Aggregated,221.800000,0.000000,160,200,230,240,290,330,390,470,580,660,660,68097,0,130.0,143.35229472286287,2.8424579941201955,833.8489590096287,74.0
1790264065,50,POST,POST /webhooks/im/messages,220.400000,0.000000,150,180,210,230,270,330,380,470,580,660,660,68353,0,130.0,143.19527582549162,2.8424579941201955,833.8489590096287,74.0
1790264065,50,,Aggregated,220.400000,0.000000,150,180,210,230,270,330,380,470,580,660,660,68353,0,130.0,143.19527582549162,2.8424579941201955,833.8489590096287,74.0
1790264066,50,POST,POST /webhooks/im/messages,224.500000,0.000000,150,180,210,220,270,330,380,470,580,660,660,68596,0,130.0,143.17326585880696,2.8424579941201955,833.8489590096287,74.0
1790264066,50,,Aggregated,224.500000,0.000000,150,180,210,220,270,330,380,470,580,660,660,68596,0,130.0,143.17326585880696,2.8424579941201955,833.8489590096287,74.0
1790264067,50,POST,POST /webhooks/im/messages,224.600000,0.000000,150,180,210,230,270,330,380,470,580,660,660,68830,0,130.0,143.256377093153,2.8424579941201955,833.8489590096287,74.0
1790264067,50,,Aggregated,224.600000,0.000000,150,180,210,230,270,330,380,470,580,660,660,68830,0,130.0,143.256377093153,2.8424579941201955,833.8489590096287,74.0
1790264068,50,POST,POST /webhooks/im/messages,225.800000,0.000000,150,180,210,230,270,320,380,430,580,660,660,69058,0,130.0,143.22601998024567,2.8424579941201955,833.8489590096287,74.0
1790264068,50,,Aggregated,225.800000,0.000000,150,180,210,230,270,320,380,430,580,660,660,69058,0,130.0,143.22601998024567,2.8424579941201955,833.8489590096287,74.0
1790264069,50,POST,POST /webhooks/im/messages,227.000000,0.000000,150,180,210,220,270,320,380,430,580,660,660,69293,0,130.0,143.3057189576683,2.8424579941201955,833.8489590096287,74.0
1790264069,50,,Aggregated,227.000000,0.000000,150,180,210,220,270,320,380,430,580,660,660,69293,0,130.0,143.3057189576683,2.8424579941201955,833.8489590096287,74.0
1790264070,50,POST,POST /webhooks/im/messages,230.400000,0.000000,150,190,210,230,260,310,380,420,590,660,660,69491,0,130.0,143.55462123635732,2.8424579941201955,833.8489590096287,74.0
1790264070,50,,Aggregated,230.400000,0.000000,150,190,210,230,260,310,380,420,590,660,660,69491,0,130.0,143.55462123635732,2.8424579941201955,833.8489590096287,74.0
