Timestamp,User Count,Type,Name,Requests/s,Failures/s,50%,66%,75%,80%,90%,95%,98%,99%,99.9%,99.99%,100%,Total Request Count,Total Failure Count,Total Median Response Time,Total Average Response Time,Total Min Response Time,Total Max Response Time,Total Average Content Size
1790263252,0,,Aggregated,0.000000,0.000000,N/A,N/A,N/A,N/A,N/A,N/A,N/A,N/A,N/A,N/A,N/A,0,0,0,0.0,0,0,0
1790263253,50,POST,POST /webhooks/im/messages,0.000000,0.000000,0,0,0,0,0,0,0,0,0,0,0,202,0,65,119.03619081214748,2.0605830068234354,468.3636250119889,74.0
1790263253,50,,Aggregated,0.000000,0.000000,0,0,0,0,0,0,0,0,0,0,0,202,0,65,119.03619081214748,2.0605830068234354,468.3636250119889,74.0
1790263254,50,POST,POST /webhooks/im/messages,0.000000,0.000000,63,120,150,180,300,340,370,410,420,420,420,395,0,85,133.47884488853484,2.0605830068234354,468.3636250119889,74.0
1790263254,50,,Aggregated,0.000000,0.000000,63,120,150,180,300,340,370,410,420,420,420,395,0,85,133.47884488853484,2.0605830068234354,468.3636250119889,74.0
1790263255,50,POST,POST /webhooks/im/messages,108.000000,0.000000,87,120,150,180,260,310,350,370,420,420,420,627,0,94,127.7355993521614,2.0605830068234354,468.3636250119889,74.0
1790263255,50,,Aggregated,108.000000,0.000000,87,120,150,180,260,310,350,370,420,420,420,627,0,94,127.7355993521614,2.0605830068234354,468.3636250119889,74.0
1790263256,50,POST,POST /webhooks/im/messages,161.500000,0.000000,100,150,170,210,280,330,360,400,420,420,420,871,0,110.0,136.97105201374433,2.0605830068234354,468.3636250119889,74.0
1790263256,50,,Aggregated,161.500000,0.000000,100,150,170,210,280,330,360,400,420,420,420,871,0,110.0,136.97105201374433,2.0605830068234354,468.3636250119889,74.0
1790263257,50,POST,POST /webhooks/im/messages,194.666667,0.000000,98,130,150,180,260,320,360,390,420,460,460,1131,0,100,127.01780116366962,2.0605830068234354,468.3636250119889,74.0
1790263257,50,,Aggregated,194.666667,0.000000,98,130,150,180,260,320,360,390,420,460,460,1131,0,100,127.01780116366962,2.0605830068234354,468.3636250119889,74.0
1790263258,50,POST,POST /webhooks/im/messages,197.250000,0.000000,100,140,160,180,250,310,350,370,420,460,460,1346,0,110.0,127.01451461150923,2.0605830068234354,468.3636250119889,74.0
1790263258,50,,Aggregated,197.250000,0.000000,100,140,160,180,250,310,350,370,420,460,460,1346,0,110.0,127.01451461150923,2.0605830068234354,468.3636250119889,74.0
1790263259,50,POST,POST /webhooks/im/messages,205.200000,0.000000,110,140,170,180,250,310,350,370,430,460,460,1616,0,110.0,130.28724002675284,2.0605830068234354,468.3636250119889,74.0
1790263259,50,,Aggregated,205.200000,0.000000,110,140,170,180,250,310,350,370,430,460,460,1616,0,110.0,130.28724002675284,2.0605830068234354,468.3636250119889,74.0
1790263260,50,POST,POST /webhooks/im/messages,213.333333,0.000000,110,140,170,180,240,300,350,370,430,460,460,1822,0,110.0,128.95957436074892,2.0605830068234354,468.3636250119889,74.0
1790263260,50,,Aggregated,213.333333,0.000000,110,140,170,180,240,300,350,370,430,460,460,1822,0,110.0,128.95957436074892,2.0605830068234354,468.3636250119889,74.0
1790263261,50,POST,POST /webhooks/im/messages,214.142857,0.000000,110,140,170,180,230,290,340,370,430,460,460,2092,0,110.0,123.83476115163471,2.0605830068234354,468.3636250119889,74.0
1790263261,50,,Aggregated,214.142857,0.000000,110,140,170,180,230,290,340,370,430,460,460,2092,0,110.0,123.83476115163471,2.0605830068234354,468.3636250119889,74.0
1790263262,50,POST,POST /webhooks/im/messages,217.250000,0.000000,110,140,170,180,230,290,340,370,420,460,460,2316,0,110.0,126.44011262657972,2.0605830068234354,468.3636250119889,74.0
1790263262,50,,Aggregated,217.250000,0.000000,110,140,170,180,230,290,340,370,420,460,460,2316,0,110.0,126.44011262657972,2.0605830068234354,468.3636250119889,74.0
1790263263,50,POST,POST /webhooks/im/messages,222.777778,0.000000,110,140,170,180,220,260,320,350,420,460,460,2570,0,110.0,124.1442779763416,2.0605830068234354,468.3636250119889,74.0
1790263263,50,,Aggregated,222.777778,0.000000,110,140,170,180,220,260,320,350,420,460,460,2570,0,110.0,124.1442779763416,2.0605830068234354,468.3636250119889,74.0
1790263264,50,POST,POST /webhooks/im/messages,221.400000,0.000000,120,150,170,190,230,270,330,360,440,480,480,2785,0,110.0,125.9463452251985,2.0605830068234354,476.8237090029288,74.0
1790263264,50,,Aggregated,221.400000,0.000000,120,150,170,190,230,270,330,360,440,480,480,2785,0,110.0,125.9463452251985,2.0605830068234354,476.8237090029288,74.0
1790263265,50,POST,POST /webhooks/im/messages,235.000000,0.000000,110,150,170,180,230,270,330,360,440,480,480,3037,0,110.0,123.87304512680119,2.0605830068234354,476.8237090029288,74.0
1790263265,50,,Aggregated,235.000000,0.000000,110,150,170,180,230,270,330,360,440,480,480,3037,0,110.0,123.87304512680119,2.0605830068234354,476.8237090029288,74.0
1790263266,50,POST,POST /webhooks/im/messages,237.400000,0.000000,110,150,170,180,220,250,310,330,430,480,480,3266,0,110.0,123.51378016205295,2.0605830068234354,476.8237090029288,74.0
1790263266,50,,Aggregated,237.400000,0.000000,110,150,170,180,220,250,310,330,430,480,480,3266,0,110.0,123.51378016205295,2.0605830068234354,476.8237090029288,74.0
1790263267,50,POST,POST /webhooks/im/messages,237.500000,0.000000,100,140,170,190,230,270,310,330,430,480,480,3528,0,100,122.85636910554479,2.0605830068234354,476.8237090029288,74.0
1790263267,50,,Aggregated,237.500000,0.000000,100,140,170,190,230,270,310,330,430,480,480,3528,0,100,122.85636910554479,2.0605830068234354,476.8237090029288,74.0
1790263268,50,POST,POST /webhooks/im/messages,237.300000,0.000000,96,140,170,180,230,260,320,340,440,480,480,3769,0,100,123.35905800941399,2.0605830068234354,481.9520840101177,74.0
1790263268,50,,Aggregated,237.300000,0.000000,96,140,170,180,230,260,320,340,440,480,480,3769,0,100,123.35905800941399,2.0605830068234354,481.9520840101177,74.0
1790263269,50,POST,POST /webhooks/im/messages,240.100000,0.000000,100,140,170,190,240,300,360,390,480,510,510,3950,0,110.0,126.64226484974209,2.0605830068234354,508.9912079856731,74.0
1790263269,50,,Aggregated,240.100000,0.000000,100,140,170,190,240,300,360,390,480,510,510,3950,0,110.0,126.64226484974209,2.0605830068234354,508.9912079856731,74.0
1790263270,50,POST,POST /webhooks/im/messages,236.800000,0.000000,110,150,190,210,260,320,380,410,510,540,540,4133,0,110.0,131.36309131005228,2.0605830068234354,538.0229590082308,74.0
1790263270,50,,Aggregated,236.800000,0.000000,110,150,190,210,260,320,380,410,510,540,540,4133,0,110.0,131.36309131005228,2.0605830068234354,538.0229590082308,74.0
1790263271,50,POST,POST /webhooks/im/messages,236.100000,0.000000,120,160,200,210,260,320,380,410,520,540,540,4380,0,110.0,131.71746769873678,2.0605830068234354,538.0229590082308,74.0
1790263271,50,,Aggregated,236.100000,0.000000,120,160,200,210,260,320,380,410,520,540,540,4380,0,110.0,131.71746769873678,2.0605830068234354,538.0229590082308,74.0
1790263272,50,POST,POST /webhooks/im/messages,231.700000,0.000000,120,160,200,220,270,320,380,410,520,540,540,4596,0,110.0,132.336398567985,2.0605830068234354,538.0229590082308,74.0
1790263272,50,,Aggregated,231.700000,0.000000,120,160,200,220,270,320,380,410,520,540,540,4596,0,110.0,132.336398567985,2.0605830068234354,538.0229590082308,74.0
1790263273,50,POST,POST /webhooks/im/messages,227.500000,0.000000,120,170,210,230,280,330,390,420,530,680,680,4872,0,110.0,133.45147313862705,2.0605830068234354,676.2691249896307,74.0
1790263273,50,,Aggregated,227.500000,0.000000,120,170,210,230,280,330,390,420,530,680,680,4872,0,110.0,133.45147313862705,2.0605830068234354,676.2691249896307,74.0
1790263274,50,POST,POST /webhooks/im/messages,233.000000,0.000000,120,170,210,230,280,330,390,420,530,680,680,5082,0,120.0,133.97583842784707,2.0605830068234354,676.2691249896307,74.0
1790263274,50,,Aggregated,233.000000,0.000000,120,170,210,230,280,330,390,420,530,680,680,5082,0,120.0,133.97583842784707,2.0605830068234354,676.2691249896307,74.0
1790263275,50,POST,POST /webhooks/im/messages,227.600000,0.000000,130,180,210,230,290,340,390,420,530,680,680,5309,0,120.0,135.2266411548871,2.0605830068234354,676.2691249896307,74.0
1790263275,50,,Aggregated,227.600000,0.000000,130,180,210,230,290,340,390,420,530,680,680,5309,0,120.0,135.2266411548871,2.0605830068234354,676.2691249896307,74.0
1790263276,50,POST,POST /webhooks/im/messages,227.400000,0.000000,120,160,200,220,280,340,390,420,530,680,680,5523,0,110.0,133.02530093503827,2.0605830068234354,676.2691249896307,74.0
1790263276,50,,Aggregated,227.400000,0.000000,120,160,200,220,280,340,390,420,530,680,680,5523,0,110.0,133.02530093503827,2.0605830068234354,676.2691249896307,74.0
1790263277,50,POST,POST /webhooks/im/messages,225.800000,0.000000,130,170,210,230,280,340,390,420,530,680,680,5762,0,110.0,134.41156688655101,2.0605830068234354,676.2691249896307,74.0
1790263277,50,,Aggregated,225.800000,0.000000,130,170,210,230,280,340,390,420,530,680,680,5762,0,110.0,134.41156688655101,2.0605830068234354,676.2691249896307,74.0
1790263278,50,POST,POST /webhooks/im/messages,230.100000,0.000000,120,160,200,220,270,310,370,410,530,680,680,6010,0,110.0,132.41364355875302,2.0605830068234354,676.2691249896307,74.0
1790263278,50,,Aggregated,230.100000,0.000000,120,160,200,220,270,310,370,410,530,680,680,6010,0,110.0,132.41364355875302,2.0605830068234354,676.2691249896307,74.0
1790263279,50,POST,POST /webhooks/im/messages,224.500000,0.000000,120,160,200,220,280,340,710,800,880,1100,1100,6107,0,110.0,137.74252826856937,2.0605830068234354,1059.9377079925034,74.0
1790263279,50,,Aggregated,224.500000,0.000000,120,160,200,220,280,340,710,800,880,1100,1100,6107,0,110.0,137.74252826856937,2.0605830068234354,1059.9377079925034,74.0
1790263280,50,POST,POST /webhooks/im/messages,228.200000,0.000000,120,170,210,230,290,350,740,810,960,1100,1100,6321,0,120.0,140.35334454564835,2.0605830068234354,1069.913543004077,74.0
1790263280,50,,Aggregated,228.200000,0.000000,120,170,210,230,290,350,740,810,960,1100,1100,6321,0,120.0,140.35334454564835,2.0605830068234354,1069.913543004077,74.0
1790263281,50,POST,POST /webhooks/im/messages,217.800000,0.000000,140,180,210,230,300,380,760,810,1100,1100,1100,6518,0,120.0,142.6031164935591,2.0605830068234354,1069.913543004077,74.0
1790263281,50,,Aggregated,217.800000,0.000000,140,180,210,230,300,380,760,810,1100,1100,1100,6518,0,120.0,142.6031164935591,2.0605830068234354,1069.913543004077,74.0
1790263282,50,POST,POST /webhooks/im/messages,216.700000,0.000000,140,190,220,250,310,390,760,810,1100,1100,1100,6686,0,120.0,145.1562631721439,2.0605830068234354,1069.913543004077,74.0
1790263282,50,,Aggregated,216.700000,0.000000,140,190,220,250,310,390,760,810,1100,1100,1100,6686,0,120.0,145.1562631721439,2.0605830068234354,1069.913543004077,74.0
1790263283,50,POST,POST /webhooks/im/messages,214.400000,0.000000,140,190,230,250,330,410,760,810,1100,1100,1100,6912,0,120.0,146.93829611122862,2.0605830068234354,1069.913543004077,74.0
1790263283,50,,Aggregated,214.400000,0.000000,140,190,230,250,330,410,760,810,1100,1100,1100,6912,0,120.0,146.93829611122862,2.0605830068234354,1069.913543004077,74.0
1790263284,50,POST,POST /webhooks/im/messages,208.600000,0.000000,160,220,250,270,340,440,760,820,1100,1100,1100,7092,0,120.0,148.8936139836267,2.0605830068234354,1069.913543004077,74.0
1790263284,50,,Aggregated,208.600000,0.000000,160,220,250,270,340,440,760,820,1100,1100,1100,7092,0,120.0,148.8936139836267,2.0605830068234354,1069.913543004077,74.0
1790263285,50,POST,POST /webhooks/im/messages,207.300000,0.000000,170,220,250,270,350,460,760,820,1100,1100,1100,7294,0,130.0,150.78889830406192,2.0605830068234354,1069.913543004077,74.0
1790263285,50,,Aggregated,207.300000,0.000000,170,220,250,270,350,460,760,820,1100,1100,1100,7294,0,130.0,150.78889830406192,2.0605830068234354,1069.913543004077,74.0
1790263286,50,POST,POST /webhooks/im/messages,206.300000,0.000000,190,240,260,290,360,460,760,820,1100,1100,1100,7505,0,130.0,153.1667874868588,2.0605830068234354,1069.913543004077,74.0
1790263286,50,,Aggregated,206.300000,0.000000,190,240,260,290,360,460,760,820,1100,1100,1100,7505,0,130.0,153.1667874868588,2.0605830068234354,1069.913543004077,74.0
1790263287,50,POST,POST /webhooks/im/messages,200.100000,0.000000,210,250,280,320,370,480,760,820,1100,1100,1100,7698,0,130.0,154.91126190582668,2.0605830068234354,1069.913543004077,74.0
1790263287,50,,Aggregated,200.100000,0.000000,210,250,280,320,370,480,760,820,1100,1100,1100,7698,0,130.0,154.91126190582668,2.0605830068234354,1069.913543004077,74.0
1790263288,50,POST,POST /webhooks/im/messages,194.300000,0.000000,200,240,270,310,370,470,760,820,1100,1100,1100,7931,0,130.0,153.68074737155627,2.0605830068234354,1069.913543004077,74.0
1790263288,50,,Aggregated,194.300000,0.000000,200,240,270,310,370,470,760,820,1100,1100,1100,7931,0,130.0,153.68074737155627,2.0605830068234354,1069.913543004077,74.0
1790263289,50,POST,POST /webhooks/im/messages,192.000000,0.000000,180,230,250,270,350,400,480,510,680,700,700,8163,0,130.0,152.0385389530436,2.0605830068234354,1069.913543004077,74.0
1790263289,50,,Aggregated,192.000000,0.000000,180,230,250,270,350,400,480,510,680,700,700,8163,0,130.0,152.0385389530436,2.0605830068234354,1069.913543004077,74.0
1790263290,50,POST,POST /webhooks/im/messages,193.300000,0.000000,180,230,250,270,340,390,480,510,680,700,700,8403,0,130.0,152.42903074292923,2.0605830068234354,1069.913543004077,74.0
1790263290,50,,Aggregated,193.300000,0.000000,180,230,250,270,340,390,480,510,680,700,700,8403,0,130.0,152.42903074292923,2.0605830068234354,1069.913543004077,74.0
1790263291,50,POST,POST /webhooks/im/messages,207.300000,0.000000,170,220,240,260,340,380,470,510,680,700,700,8629,0,130.0,153.35079869925488,2.0605830068234354,1069.913543004077,74.0
1790263291,50,,Aggregated,207.300000,0.000000,170,220,240,260,340,380,470,510,680,700,700,8629,0,130.0,153.35079869925488,2.0605830068234354,1069.913543004077,74.0
1790263292,50,POST,POST /webhooks/im/messages,208.000000,0.000000,170,210,240,260,330,370,440,480,630,700,700,8836,0,130.0,154.94807615786044,2.0605830068234354,1069.913543004077,74.0
1790263292,50,,Aggregated,208.000000,0.000000,170,210,240,260,330,370,440,480,630,700,700,8836,0,130.0,154.94807615786044,2.0605830068234354,1069.913543004077,74.0
1790263293,50,POST,POST /webhooks/im/messages,210.500000,0.000000,150,210,230,250,330,370,440,480,630,700,700,9084,0,130.0,152.86935204511852,2.0605830068234354,1069.913543004077,74.0
1790263293,50,,Aggregated,210.500000,0.000000,150,210,230,250,330,370,440,480,630,700,700,9084,0,130.0,152.86935204511852,2.0605830068234354,1069.913543004077,74.0
1790263294,50,POST,POST /webhooks/im/messages,211.100000,0.000000,140,190,220,240,310,350,430,470,570,600,600,9316,0,130.0,152.5683126118373,2.0605830068234354,1069.913543004077,74.0
1790263294,50,,Aggregated,211.100000,0.000000,140,190,220,240,310,350,430,470,570,600,600,9316,0,130.0,152.5683126118373,2.0605830068234354,1069.913543004077,74.0
1790263295,50,POST,POST /webhooks/im/messages,217.800000,0.000000,130,190,210,230,280,340,420,470,570,600,600,9547,0,130.0,152.93557835999263,2.0605830068234354,1069.913543004077,74.0
1790263295,50,,Aggregated,217.800000,0.000000,130,190,210,230,280,340,420,470,570,600,600,9547,0,130.0,152.93557835999263,2.0605830068234354,1069.913543004077,74.0
1790263296,50,POST,POST /webhooks/im/messages,217.100000,0.000000,130,190,210,230,300,340,420,460,540,580,580,9722,0,130.0,154.24002977780515,2.0605830068234354,1069.913543004077,74.0
1790263296,50,,Aggregated,217.100000,0.000000,130,190,210,230,300,340,420,460,540,580,580,9722,0,130.0,154.24002977780515,2.0605830068234354,1069.913543004077,74.0
1790263297,50,POST,POST /webhooks/im/messages,222.000000,0.000000,130,180,210,220,280,340,410,450,540,580,580,9982,0,130.0,153.14732484370046,2.0605830068234354,1069.913543004077,74.0
1790263297,50,,Aggregated,222.000000,0.000000,130,180,210,220,280,340,410,450,540,580,580,9982,0,130.0,153.14732484370046,2.0605830068234354,1069.913543004077,74.0
1790263298,50,POST,POST /webhooks/im/messages,223.900000,0.000000,130,170,200,220,270,330,400,450,540,580,580,10225,0,130.0,151.42124364557307,2.0605830068234354,1069.913543004077,74.0
1790263298,50,,Aggregated,223.900000,0.000000,130,170,200,220,270,330,400,450,540,580,580,10225,0,130.0,151.42124364557307,2.0605830068234354,1069.913543004077,74.0
1790263299,50,POST,POST /webhooks/im/messages,229.100000,0.000000,120,170,200,210,260,330,400,440,540,580,580,10440,0,130.0,151.12453697432488,2.0605830068234354,1069.913543004077,74.0
1790263299,50,,Aggregated,229.100000,0.000000,120,170,200,210,260,330,400,440,540,580,580,10440,0,130.0,151.12453697432488,2.0605830068234354,1069.913543004077,74.0
1790263300,50,POST,POST /webhooks/im/messages,226.900000,0.000000,130,180,210,220,280,340,420,450,570,590,590,10664,0,130.0,152.4997548158173,2.0605830068234354,1069.913543004077,74.0
1790263300,50,,Aggregated,226.900000,0.000000,130,180,210,220,280,340,420,450,570,590,590,10664,0,130.0,152.4997548158173,2.0605830068234354,1069.913543004077,74.0
1790263301,50,POST,POST /webhooks/im/messages,227.000000,0.000000,120,170,200,220,280,340,410,450,570,590,590,10906,0,130.0,152.49458639461784,2.0605830068234354,1069.913543004077,74.0
1790263301,50,,Aggregated,227.000000,0.000000,120,170,200,220,280,340,410,450,570,590,590,10906,0,130.0,152.49458639461784,2.0605830068234354,1069.913543004077,74.0
1790263302,50,POST,POST /webhooks/im/messages,224.900000,0.000000,130,180,210,220,280,330,390,430,530,590,590,11118,0,130.0,153.26486088079477,2.0605830068234354,1069.913543004077,74.0
1790263302,50,,Aggregated,224.900000,0.000000,130,180,210,220,280,330,390,430,530,590,590,11118,0,130.0,153.26486088079477,2.0605830068234354,1069.913543004077,74.0
1790263303,50,POST,POST /webhooks/im/messages,224.400000,0.000000,130,180,200,220,280,330,390,430,530,590,590,11350,0,130.0,152.43795746331764,2.0605830068234354,1069.913543004077,74.0
1790263303,50,,Aggregated,224.400000,0.000000,130,180,200,220,280,330,390,430,530,590,590,11350,0,130.0,152.43795746331764,2.0605830068234354,1069.913543004077,74.0
1790263304,50,POST,POST /webhooks/im/messages,228.900000,0.000000,130,180,210,230,290,330,400,440,530,590,590,11573,0,130.0,152.4409818413993,2.0605830068234354,1069.913543004077,74.0
1790263304,50,,Aggregated,228.900000,0.000000,130,180,210,230,290,330,400,440,530,590,590,11573,0,130.0,152.4409818413993,2.0605830068234354,1069.913543004077,74.0
1790263305,50,POST,POST /webhooks/im/messages,228.300000,0.000000,140,180,220,240,290,340,400,440,530,590,590,11799,0,130.0,153.35954130573592,2.0605830068234354,1069.913543004077,74.0
1790263305,50,,Aggregated,228.300000,0.000000,140,180,220,240,290,340,400,440,530,590,590,11799,0,130.0,153.35954130573592,2.0605830068234354,1069.913543004077,74.0
1790263306,50,POST,POST /webhooks/im/messages,227.900000,0.000000,140,180,210,230,280,320,390,430,530,590,590,11994,0,130.0,153.54050885230248,2.0605830068234354,1069.913543004077,74.0
1790263306,50,,Aggregated,227.900000,0.000000,140,180,210,230,280,320,390,430,530,590,590,11994,0,130.0,153.54050885230248,2.0605830068234354,1069.913543004077,74.0
1790263307,50,POST,POST /webhooks/im/messages,223.400000,0.000000,140,180,210,230,280,330,390,440,570,750,750,12277,0,130.0,152.41082506389537,2.0605830068234354,1069.913543004077,74.0
1790263307,50,,Aggregated,223.400000,0.000000,140,180,210,230,280,330,390,440,570,750,750,12277,0,130.0,152.41082506389537,2.0605830068234354,1069.913543004077,74.0
1790263308,50,POST,POST /webhooks/im/messages,225.400000,0.000000,140,180,210,230,280,330,390,440,570,750,750,12525,0,130.0,151.3949105811113,2.0605830068234354,1069.913543004077,74.0
1790263308,50,,Aggregated,225.400000,0.000000,140,180,210,230,280,330,390,440,570,750,750,12525,0,130.0,151.3949105811113,2.0605830068234354,1069.913543004077,74.0
1790263309,50,POST,POST /webhooks/im/messages,227.100000,0.000000,120,160,190,210,270,300,380,410,520,750,750,12789,0,130.0,149.97783998901892,2.0605830068234354,1069.913543004077,74.0
1790263309,50,,Aggregated,227.100000,0.000000,120,160,190,210,270,300,380,410,520,750,750,12789,0,130.0,149.97783998901892,2.0605830068234354,1069.913543004077,74.0
1790263310,50,POST,POST /webhooks/im/messages,226.900000,0.000000,110,150,180,210,260,300,380,410,510,750,750,13006,0,130.0,149.60478428383414,2.0605830068234354,1069.913543004077,74.0
1790263310,50,,Aggregated,226.900000,0.000000,110,150,180,210,260,300,380,410,510,750,750,13006,0,130.0,149.60478428383414,2.0605830068234354,1069.913543004077,74.0
1790263311,50,POST,POST /webhooks/im/messages,227.300000,0.000000,110,150,180,210,280,330,400,430,500,750,750,13192,0,130.0,149.9226950993429,2.0605830068234354,1069.913543004077,74.0
1790263311,50,,Aggregated,227.300000,0.000000,110,150,180,210,280,330,400,430,500,750,750,13192,0,130.0,149.9226950993429,2.0605830068234354,1069.913543004077,74.0
1790263312,50,POST,POST /webhooks/im/messages,230.000000,0.000000,110,150,170,200,270,320,400,430,500,750,750,13450,0,130.0,149.5151648584034,2.0605830068234354,1069.913543004077,74.0
1790263312,50,,Aggregated,230.000000,0.000000,110,150,170,200,270,320,400,430,500,750,750,13450,0,130.0,149.5151648584034,2.0605830068234354,1069.913543004077,74.0
1790263313,50,POST,POST /webhooks/im/messages,232.400000,0.000000,100,140,170,200,270,330,400,430,500,750,750,13665,0,120.0,149.2608960560995,2.0605830068234354,1069.913543004077,74.0
1790263313,50,,Aggregated,232.400000,0.000000,100,140,170,200,270,330,400,430,500,750,750,13665,0,120.0,149.2608960560995,2.0605830068234354,1069.913543004077,74.0
1790263314,50,POST,POST /webhooks/im/messages,228.200000,0.000000,100,140,170,190,260,320,400,430,500,750,750,13894,0,120.0,148.9684656408286,2.0605830068234354,1069.913543004077,74.0
1790263314,50,,Aggregated,228.200000,0.000000,100,140,170,190,260,320,400,430,500,750,750,13894,0,120.0,148.9684656408286,2.0605830068234354,1069.913543004077,74.0
1790263315,50,POST,POST /webhooks/im/messages,224.800000,0.000000,100,130,160,190,260,320,400,430,550,750,750,14135,0,120.0,149.1470633745742,2.0605830068234354,1069.913543004077,74.0
1790263315,50,,Aggregated,224.800000,0.000000,100,130,160,190,260,320,400,430,550,750,750,14135,0,120.0,149.1470633745742,2.0605830068234354,1069.913543004077,74.0
1790263316,50,POST,POST /webhooks/im/messages,231.200000,0.000000,100,130,170,190,280,330,400,440,520,680,680,14305,0,120.0,149.50443489323123,2.0605830068234354,1069.913543004077,74.0
1790263316,50,,Aggregated,231.200000,0.000000,100,130,170,190,280,330,400,440,520,680,680,14305,0,120.0,149.50443489323123,2.0605830068234354,1069.913543004077,74.0
1790263317,50,POST,POST /webhooks/im/messages,231.800000,0.000000,100,130,170,190,280,330,400,440,520,680,680,14557,0,120.0,148.33092448359938,2.0605830068234354,1069.913543004077,74.0
1790263317,50,,Aggregated,231.800000,0.000000,100,130,170,190,280,330,400,440,520,680,680,14557,0,120.0,148.33092448359938,2.0605830068234354,1069.913543004077,74.0
1790263318,50,POST,POST /webhooks/im/messages,231.400000,0.000000,110,150,180,200,280,330,400,440,520,680,680,14805,0,120.0,148.23464008900984,2.0605830068234354,1069.913543004077,74.0
1790263318,50,,Aggregated,231.400000,0.000000,110,150,180,200,280,330,400,440,520,680,680,14805,0,120.0,148.23464008900984,2.0605830068234354,1069.913543004077,74.0
1790263319,50,POST,POST /webhooks/im/messages,228.500000,0.000000,120,160,190,210,290,340,410,450,550,680,680,15020,0,120.0,148.83305581164004,2.0605830068234354,1069.913543004077,74.0
1790263319,50,,Aggregated,228.500000,0.000000,120,160,190,210,290,340,410,450,550,680,680,15020,0,120.0,148.83305581164004,2.0605830068234354,1069.913543004077,74.0
1790263320,50,POST,POST /webhooks/im/messages,228.300000,0.000000,130,170,210,230,290,340,410,450,550,680,680,15242,0,130.0,149.3547185638947,2.0605830068234354,1069.913543004077,74.0
1790263320,50,,Aggregated,228.300000,0.000000,130,170,210,230,290,340,410,450,550,680,680,15242,0,130.0,149.3547185638947,2.0605830068234354,1069.913543004077,74.0
1790263321,50,POST,POST /webhooks/im/messages,221.500000,0.000000,130,180,200,230,290,320,380,450,550,680,680,15442,0,130.0,149.5505100879314,2.0605830068234354,1069.913543004077,74.0
1790263321,50,,Aggregated,221.500000,0.000000,130,180,200,230,290,320,380,450,550,680,680,15442,0,130.0,149.5505100879314,2.0605830068234354,1069.913543004077,74.0
1790263322,50,POST,POST /webhooks/im/messages,227.200000,0.000000,130,170,200,230,290,320,380,450,550,680,680,15712,0,130.0,149.35844442718385,2.0605830068234354,1069.913543004077,74.0
1790263322,50,,Aggregated,227.200000,0.000000,130,170,200,230,290,320,380,450,550,680,680,15712,0,130.0,149.35844442718385,2.0605830068234354,1069.913543004077,74.0
1790263323,50,POST,POST /webhooks/im/messages,223.900000,0.000000,140,180,210,230,290,320,380,450,550,680,680,15928,0,130.0,149.38934309221884,2.0605830068234354,1069.913543004077,74.0
1790263323,50,,Aggregated,223.900000,0.000000,140,180,210,230,290,320,380,450,550,680,680,15928,0,130.0,149.38934309221884,2.0605830068234354,1069.913543004077,74.0
1790263324,50,POST,POST /webhooks/im/messages,223.400000,0.000000,120,160,190,220,280,310,360,420,510,650,650,16182,0,120.0,148.5038105324324,2.0605830068234354,1069.913543004077,74.0
1790263324,50,,Aggregated,223.400000,0.000000,120,160,190,220,280,310,360,420,510,650,650,16182,0,120.0,148.5038105324324,2.0605830068234354,1069.913543004077,74.0
1790263325,50,POST,POST /webhooks/im/messages,226.600000,0.000000,120,170,190,220,280,310,360,420,510,650,650,16452,0,120.0,147.49066878931504,2.0605830068234354,1069.913543004077,74.0
1790263325,50,,Aggregated,226.600000,0.000000,120,170,190,220,280,310,360,420,510,650,650,16452,0,120.0,147.49066878931504,2.0605830068234354,1069.913543004077,74.0
1790263326,50,POST,POST /webhooks/im/messages,221.800000,0.000000,130,170,190,220,270,300,360,410,540,650,650,16637,0,120.0,148.15031059930305,2.0605830068234354,1069.913543004077,74.0
1790263326,50,,Aggregated,221.800000,0.000000,130,170,190,220,270,300,360,410,540,650,650,16637,0,120.0,148.15031059930305,2.0605830068234354,1069.913543004077,74.0
1790263327,50,POST,POST /webhooks/im/messages,228.000000,0.000000,130,170,200,220,280,310,360,410,540,650,650,16849,0,120.0,148.19676336901665,2.0605830068234354,1069.913543004077,74.0
1790263327,50,,Aggregated,228.000000,0.000000,130,170,200,220,280,310,360,410,540,650,650,16849,0,120.0,148.19676336901665,2.0605830068234354,1069.913543004077,74.0
1790263328,50,POST,POST /webhooks/im/messages,228.800000,0.000000,130,170,200,220,280,310,370,410,520,540,540,17076,0,130.0,148.7938241524089,2.0605830068234354,1069.913543004077,74.0
1790263328,50,,Aggregated,228.800000,0.000000,130,170,200,220,280,310,370,410,520,540,540,17076,0,130.0,148.7938241524089,2.0605830068234354,1069.913543004077,74.0
1790263329,50,POST,POST /webhooks/im/messages,229.200000,0.000000,140,170,200,220,280,320,370,430,540,580,580,17302,0,130.0,149.39562839362878,2.0605830068234354,1069.913543004077,74.0
1790263329,50,,Aggregated,229.200000,0.000000,140,170,200,220,280,320,370,430,540,580,580,17302,0,130.0,149.39562839362878,2.0605830068234354,1069.913543004077,74.0
1790263330,50,POST,POST /webhooks/im/messages,227.100000,0.000000,130,170,190,210,270,310,370,410,540,580,580,17580,0,130.0,148.62621646163535,2.0605830068234354,1069.913543004077,74.0
1790263330,50,,Aggregated,227.100000,0.000000,130,170,190,210,270,310,370,410,540,580,580,17580,0,130.0,148.62621646163535,2.0605830068234354,1069.913543004077,74.0
1790263331,50,POST,POST /webhooks/im/messages,229.700000,0.000000,120,160,180,190,250,300,350,400,540,580,580,17800,0,130.0,147.9608550575651,2.0605830068234354,1069.913543004077,74.0
1790263331,50,,Aggregated,229.700000,0.000000,120,160,180,190,250,300,350,400,540,580,580,17800,0,130.0,147.9608550575651,2.0605830068234354,1069.913543004077,74.0
1790263332,50,POST,POST /webhooks/im/messages,228.100000,0.000000,130,170,190,210,260,300,370,410,540,580,580,18013,0,130.0,148.16036361953553,2.0605830068234354,1069.913543004077,74.0
1790263332,50,,Aggregated,228.100000,0.000000,130,170,190,210,260,300,370,410,540,580,580,18013,0,130.0,148.16036361953553,2.0605830068234354,1069.913543004077,74.0
1790263333,50,POST,POST /webhooks/im/messages,231.800000,0.000000,140,170,190,210,270,320,370,420,560,650,650,18194,0,130.0,148.79390239511662,2.0605830068234354,1069.913543004077,74.0
1790263333,50,,Aggregated,231.800000,0.000000,140,170,190,210,270,320,370,420,560,650,650,18194,0,130.0,148.79390239511662,2.0605830068234354,1069.913543004077,74.0
1790263334,50,POST,POST /webhooks/im/messages,234.500000,0.000000,150,180,210,230,290,340,410,450,590,650,650,18418,0,130.0,149.53352310455503,2.0605830068234354,1069.913543004077,74.0
1790263334,50,,Aggregated,234.500000,0.000000,150,180,210,230,290,340,410,450,590,650,650,18418,0,130.0,149.53352310455503,2.0605830068234354,1069.913543004077,74.0
1790263335,50,POST,POST /webhooks/im/messages,230.400000,0.000000,160,190,220,240,300,350,420,470,590,650,650,18648,0,130.0,150.17308904539635,2.0605830068234354,1069.913543004077,74.0
1790263335,50,,Aggregated,230.400000,0.000000,160,190,220,240,300,350,420,470,590,650,650,18648,0,130.0,150.17308904539635,2.0605830068234354,1069.913543004077,74.0
1790263336,50,POST,POST /webhooks/im/messages,228.900000,0.000000,160,190,220,240,290,340,410,450,590,650,650,18858,0,130.0,150.2351687653812,2.0605830068234354,1069.913543004077,74.0
1790263336,50,,Aggregated,228.900000,0.000000,160,190,220,240,290,340,410,450,590,650,650,18858,0,130.0,150.2351687653812,2.0605830068234354,1069.913543004077,74.0
1790263337,50,POST,POST /webhooks/im/messages,224.100000,0.000000,150,190,210,230,280,340,410,450,590,650,650,19103,0,130.0,150.02783163130013,2.0605830068234354,1069.913543004077,74.0
1790263337,50,,Aggregated,224.100000,0.000000,150,190,210,230,280,340,410,450,590,650,650,19103,0,130.0,150.02783163130013,2.0605830068234354,1069.913543004077,74.0
1790263338,50,POST,POST /webhooks/im/messages,221.600000,0.000000,140,180,210,220,270,330,400,440,590,650,650,19353,0,130.0,149.87801678513304,2.0605830068234354,1069.913543004077,74.0
1790263338,50,,Aggregated,221.600000,0.000000,140,180,210,220,270,330,400,440,590,650,650,19353,0,130.0,149.87801678513304,2.0605830068234354,1069.913543004077,74.0
1790263339,50,POST,POST /webhooks/im/messages,225.400000,0.000000,140,190,220,240,300,340,410,450,590,650,650,19530,0,130.0,150.79136722477145,2.0605830068234354,1069.913543004077,74.0
1790263339,50,,Aggregated,225.400000,0.000000,140,190,220,240,300,340,410,450,590,650,650,19530,0,130.0,150.79136722477145,2.0605830068234354,1069.913543004077,74.0
1790263340,50,POST,POST /webhooks/im/messages,225.600000,0.000000,170,210,240,250,310,360,430,470,600,650,650,19727,0,130.0,151.58006637511158,2.0605830068234354,1069.913543004077,74.0
1790263340,50,,Aggregated,225.600000,0.000000,170,210,240,250,310,360,430,470,600,650,650,19727,0,130.0,151.58006637511158,2.0605830068234354,1069.913543004077,74.0
1790263341,50,POST,POST /webhooks/im/messages,223.800000,0.000000,180,210,240,260,320,370,440,480,640,650,650,19949,0,130.0,151.89092212125618,2.0605830068234354,1069.913543004077,74.0
1790263341,50,,Aggregated,223.800000,0.000000,180,210,240,260,320,370,440,480,640,650,650,19949,0,130.0,151.89092212125618,2.0605830068234354,1069.913543004077,74.0
1790263342,50,POST,POST /webhooks/im/messages,220.100000,0.000000,170,210,240,260,320,370,450,500,640,650,650,20211,0,130.0,152.15302430874007,2.0605830068234354,1069.913543004077,74.0
1790263342,50,,Aggregated,220.100000,0.000000,170,210,240,260,320,370,450,500,640,650,650,20211,0,130.0,152.15302430874007,2.0605830068234354,1069.913543004077,74.0
1790263343,50,POST,POST /webhooks/im/messages,214.400000,0.000000,170,210,230,250,310,360,430,480,540,650,650,20407,0,130.0,152.40647026476094,2.0605830068234354,1069.913543004077,74.0
1790263343,50,,Aggregated,214.400000,0.000000,170,210,230,250,310,360,430,480,540,650,650,20407,0,130.0,152.40647026476094,2.0605830068234354,1069.913543004077,74.0
1790263344,50,POST,POST /webhooks/im/messages,212.900000,0.000000,170,210,240,260,310,360,430,490,600,650,650,20571,0,130.0,152.95626184551284,2.0605830068234354,1069.913543004077,74.0
1790263344,50,,Aggregated,212.900000,0.000000,170,210,240,260,310,360,430,490,600,650,650,20571,0,130.0,152.95626184551284,2.0605830068234354,1069.913543004077,74.0
1790263345,50,POST,POST /webhooks/im/messages,216.900000,0.000000,160,210,240,260,320,370,470,520,800,1000,1000,20814,0,130.0,153.1903744970237,2.0605830068234354,1069.913543004077,74.0
1790263345,50,,Aggregated,216.900000,0.000000,160,210,240,260,320,370,470,520,800,1000,1000,20814,0,130.0,153.1903744970237,2.0605830068234354,1069.913543004077,74.0
1790263346,50,POST,POST /webhooks/im/messages,216.200000,0.000000,150,200,220,250,310,370,470,520,800,1000,1000,21051,0,130.0,152.6966323704834,2.0605830068234354,1069.913543004077,74.0
1790263346,50,,Aggregated,216.200000,0.000000,150,200,220,250,310,370,470,520,800,1000,1000,21051,0,130.0,152.6966323704834,2.0605830068234354,1069.913543004077,74.0
1790263347,50,POST,POST /webhooks/im/messages,211.900000,0.000000,150,190,220,250,310,360,460,510,800,1000,1000,21333,0,130.0,152.26955723949212,2.0605830068234354,1069.913543004077,74.0
1790263347,50,,Aggregated,211.900000,0.000000,150,190,220,250,310,360,460,510,800,1000,1000,21333,0,130.0,152.26955723949212,2.0605830068234354,1069.913543004077,74.0
1790263348,50,POST,POST /webhooks/im/messages,219.600000,0.000000,150,190,220,250,310,370,480,520,820,1000,1000,21396,0,130.0,152.34473284053178,2.0605830068234354,1069.913543004077,74.0
1790263348,50,,Aggregated,219.600000,0.000000,150,190,220,250,310,370,480,520,820,1000,1000,21396,0,130.0,152.34473284053178,2.0605830068234354,1069.913543004077,74.0
1790263349,50,POST,POST /webhooks/im/messages,216.700000,0.000000,150,190,220,260,340,440,990,1100,1600,1600,1600,21503,0,130.0,154.8726888834118,2.0605830068234354,1573.4384590032278,74.0
1790263349,50,,Aggregated,216.700000,0.000000,150,190,220,260,340,440,990,1100,1600,1600,1600,21503,0,130.0,154.8726888834118,2.0605830068234354,1573.4384590032278,74.0
1790263350,50,POST,POST /webhooks/im/messages,215.400000,0.000000,140,180,220,250,340,440,990,1100,1600,2200,2200,21739,0,130.0,155.22591447950964,2.0605830068234354,2222.5128340069205,74.0
1790263350,50,,Aggregated,215.400000,0.000000,140,180,220,250,340,440,990,1100,1600,2200,2200,21739,0,130.0,155.22591447950964,2.0605830068234354,2222.5128340069205,74.0
1790263351,50,POST,POST /webhooks/im/messages,199.500000,0.000000,140,190,230,260,350,460,1000,1100,1600,2200,2200,21890,0,130.0,155.98256115135553,2.0605830068234354,2222.5128340069205,74.0
1790263351,50,,Aggregated,199.500000,0.000000,140,190,230,260,350,460,1000,1100,1600,2200,2200,21890,0,130.0,155.98256115135553,2.0605830068234354,2222.5128340069205,74.0
1790263352,50,POST,POST /webhooks/im/messages,195.300000,0.000000,150,210,250,280,370,500,1000,1100,1600,2200,2200,22101,0,130.0,156.85516771675674,2.0605830068234354,2222.5128340069205,74.0
1790263352,50,,Aggregated,195.300000,0.000000,150,210,250,280,370,500,1000,1100,1600,2200,2200,22101,0,130.0,156.85516771675674,2.0605830068234354,2222.5128340069205,74.0
1790263353,50,POST,POST /webhooks/im/messages,199.000000,0.000000,150,210,250,270,370,510,1000,1100,1600,2200,2200,22299,0,130.0,157.14596452599676,2.0605830068234354,2222.5128340069205,74.0
1790263353,50,,Aggregated,199.000000,0.000000,150,210,250,270,370,510,1000,1100,1600,2200,2200,22299,0,130.0,157.14596452599676,2.0605830068234354,2222.5128340069205,74.0
1790263354,50,POST,POST /webhooks/im/messages,192.700000,0.000000,150,220,250,270,380,520,1000,1100,1600,2200,2200,22479,0,130.0,158.13785218600404,2.0605830068234354,2222.5128340069205,74.0
1790263354,50,,Aggregated,192.700000,0.000000,150,220,250,270,380,520,1000,1100,1600,2200,2200,22479,0,130.0,158.13785218600404,2.0605830068234354,2222.5128340069205,74.0
1790263355,50,POST,POST /webhooks/im/messages,191.900000,0.000000,170,230,260,280,380,520,1000,1100,1600,2200,2200,22681,0,130.0,158.4919227072975,2.0605830068234354,2222.5128340069205,74.0
1790263355,50,,Aggregated,191.900000,0.000000,170,230,260,280,380,520,1000,1100,1600,2200,2200,22681,0,130.0,158.4919227072975,2.0605830068234354,2222.5128340069205,74.0
1790263356,50,POST,POST /webhooks/im/messages,186.700000,0.000000,200,250,300,340,410,560,1100,1200,1600,2200,2200,22797,0,130.0,159.5756495786367,2.0605830068234354,2222.5128340069205,74.0
1790263356,50,,Aggregated,186.700000,0.000000,200,250,300,340,410,560,1100,1200,1600,2200,2200,22797,0,130.0,159.5756495786367,2.0605830068234354,2222.5128340069205,74.0
1790263357,50,POST,POST /webhooks/im/messages,192.600000,0.000000,230,290,340,370,490,640,1100,1200,1600,2200,2200,22942,0,140.0,160.94033062784962,2.0605830068234354,2222.5128340069205,74.0
1790263357,50,,Aggregated,192.600000,0.000000,230,290,340,370,490,640,1100,1200,1600,2200,2200,22942,0,140.0,160.94033062784962,2.0605830068234354,2222.5128340069205,74.0
1790263358,50,POST,POST /webhooks/im/messages,180.000000,0.000000,240,290,350,380,480,630,1000,1200,1600,2200,2200,23092,0,140.0,162.03879050277902,2.0605830068234354,2222.5128340069205,74.0
1790263358,50,,Aggregated,180.000000,0.000000,240,290,350,380,480,630,1000,1200,1600,2200,2200,23092,0,140.0,162.03879050277902,2.0605830068234354,2222.5128340069205,74.0
1790263359,50,POST,POST /webhooks/im/messages,167.400000,0.000000,230,280,310,350,440,520,650,730,1200,2200,2200,23332,0,140.0,162.52514368567654,2.0605830068234354,2222.5128340069205,74.0
1790263359,50,,Aggregated,167.400000,0.000000,230,280,310,350,440,520,650,730,1200,2200,2200,23332,0,140.0,162.52514368567654,2.0605830068234354,2222.5128340069205,74.0
1790263360,50,POST,POST /webhooks/im/messages,159.900000,0.000000,240,290,330,360,440,530,650,730,1000,1200,1200,23481,0,140.0,162.9838376398021,2.0605830068234354,2222.5128340069205,74.0
1790263360,50,,Aggregated,159.900000,0.000000,240,290,330,360,440,530,650,730,1000,1200,1200,23481,0,140.0,162.9838376398021,2.0605830068234354,2222.5128340069205,74.0
1790263361,50,POST,POST /webhooks/im/messages,173.300000,0.000000,230,280,320,350,430,510,630,710,1000,1200,1200,23699,0,140.0,163.5452421839423,2.0605830068234354,2222.5128340069205,74.0
1790263361,50,,Aggregated,173.300000,0.000000,230,280,320,350,430,510,630,710,1000,1200,1200,23699,0,140.0,163.5452421839423,2.0605830068234354,2222.5128340069205,74.0
1790263362,50,POST,POST /webhooks/im/messages,180.300000,0.000000,230,280,310,340,430,500,620,710,1000,1200,1200,23939,0,140.0,163.6249684417948,2.0605830068234354,2222.5128340069205,74.0
1790263362,50,,Aggregated,180.300000,0.000000,230,280,310,340,430,500,620,710,1000,1200,1200,23939,0,140.0,163.6249684417948,2.0605830068234354,2222.5128340069205,74.0
1790263363,50,POST,POST /webhooks/im/messages,174.400000,0.000000,210,270,300,330,420,490,610,700,990,1200,1200,24151,0,140.0,163.42199581968245,2.0605830068234354,2222.5128340069205,74.0
1790263363,50,,Aggregated,174.400000,0.000000,210,270,300,330,420,490,610,700,990,1200,1200,24151,0,140.0,163.42199581968245,2.0605830068234354,2222.5128340069205,74.0
1790263364,50,POST,POST /webhooks/im/messages,182.900000,0.000000,220,280,320,340,430,510,630,710,990,1200,1200,24301,0,140.0,164.34640520542445,2.0605830068234354,2222.5128340069205,74.0
1790263364,50,,Aggregated,182.900000,0.000000,220,280,320,340,430,510,630,710,990,1200,1200,24301,0,140.0,164.34640520542445,2.0605830068234354,2222.5128340069205,74.0
1790263365,50,POST,POST /webhooks/im/messages,181.800000,0.000000,230,280,330,350,430,510,630,710,990,1200,1200,24454,0,140.0,165.1087301324939,2.0605830068234354,2222.5128340069205,74.0
1790263365,50,,Aggregated,181.800000,0.000000,230,280,330,350,430,510,630,710,990,1200,1200,24454,0,140.0,165.1087301324939,2.0605830068234354,2222.5128340069205,74.0
1790263366,50,POST,POST /webhooks/im/messages,184.800000,0.000000,230,280,330,340,430,520,620,700,920,990,990,24564,0,140.0,166.1619121565695,2.0605830068234354,2222.5128340069205,74.0
1790263366,50,,Aggregated,184.800000,0.000000,230,280,330,340,430,520,620,700,920,990,990,24564,0,140.0,166.1619121565695,2.0605830068234354,2222.5128340069205,74.0
1790263367,50,POST,POST /webhooks/im/messages,180.600000,0.000000,230,280,330,350,450,550,660,790,1200,1200,1200,24696,0,140.0,167.73193209563902,2.0605830068234354,2222.5128340069205,74.0
1790263367,50,,Aggregated,180.600000,0.000000,230,280,330,350,450,550,660,790,1200,1200,1200,24696,0,140.0,167.73193209563902,2.0605830068234354,2222.5128340069205,74.0
1790263368,50,POST,POST /webhooks/im/messages,177.000000,0.000000,220,290,330,360,460,560,690,810,1200,1200,1200,24832,0,140.0,168.62769891736357,2.0605830068234354,2222.5128340069205,74.0
1790263368,50,,Aggregated,177.000000,0.000000,220,290,330,360,460,560,690,810,1200,1200,1200,24832,0,140.0,168.62769891736357,2.0605830068234354,2222.5128340069205,74.0
1790263369,50,POST,POST /webhooks/im/messages,175.700000,0.000000,240,300,350,370,470,570,700,820,1200,1200,1200,25019,0,140.0,169.40317481185963,2.0605830068234354,2222.5128340069205,74.0
1790263369,50,,Aggregated,175.700000,0.000000,240,300,350,370,470,570,700,820,1200,1200,1200,25019,0,140.0,169.40317481185963,2.0605830068234354,2222.5128340069205,74.0
1790263370,50,POST,POST /webhooks/im/messages,174.900000,0.000000,230,300,350,380,480,580,700,820,1200,1200,1200,25201,0,140.0,170.0498644472039,2.0605830068234354,2222.5128340069205,74.0
1790263370,50,,Aggregated,174.900000,0.000000,230,300,350,380,480,580,700,820,1200,1200,1200,25201,0,140.0,170.0498644472039,2.0605830068234354,2222.5128340069205,74.0
1790263371,50,POST,POST /webhooks/im/messages,174.900000,0.000000,220,300,350,380,480,580,700,820,1200,1200,1200,25395,0,140.0,169.977955981292,2.0605830068234354,2222.5128340069205,74.0
1790263371,50,,Aggregated,174.900000,0.000000,220,300,350,380,480,580,700,820,1200,1200,1200,25395,0,140.0,169.977955981292,2.0605830068234354,2222.5128340069205,74.0
1790263372,50,POST,POST /webhooks/im/messages,166.400000,0.000000,250,330,380,420,540,620,750,830,1200,1200,1200,25509,0,140.0,171.11411813328257,2.0605830068234354,2222.5128340069205,74.0
1790263372,50,,Aggregated,166.400000,0.000000,250,330,380,420,540,620,750,830,1200,1200,1200,25509,0,140.0,171.11411813328257,2.0605830068234354,2222.5128340069205,74.0
1790263373,50,POST,POST /webhooks/im/messages,171.300000,0.000000,290,360,420,440,570,650,810,860,1200,1300,1300,25636,0,140.0,172.32416615410892,2.0605830068234354,2222.5128340069205,74.0
1790263373,50,,Aggregated,171.300000,0.000000,290,360,420,440,570,650,810,860,1200,1300,1300,25636,0,140.0,172.32416615410892,2.0605830068234354,2222.5128340069205,74.0
1790263374,50,POST,POST /webhooks/im/messages,162.200000,0.000000,300,380,430,450,570,660,830,900,1200,1300,1300,25755,0,140.0,173.15278414889764,2.0605830068234354,2222.5128340069205,74.0
1790263374,50,,Aggregated,162.200000,0.000000,300,380,430,450,570,660,830,900,1200,1300,1300,25755,0,140.0,173.15278414889764,2.0605830068234354,2222.5128340069205,74.0
1790263375,50,POST,POST /webhooks/im/messages,154.300000,0.000000,290,390,440,480,580,670,830,900,1200,1300,1300,25888,0,140.0,174.2740861773357,2.0605830068234354,2222.5128340069205,74.0
1790263375,50,,Aggregated,154.300000,0.000000,290,390,440,480,580,670,830,900,1200,1300,1300,25888,0,140.0,174.2740861773357,2.0605830068234354,2222.5128340069205,74.0
1790263376,50,POST,POST /webhooks/im/messages,146.700000,0.000000,290,370,430,460,560,660,820,910,1200,1300,1300,26067,0,140.0,175.212322798972,2.0605830068234354,2222.5128340069205,74.0
1790263376,50,,Aggregated,146.700000,0.000000,290,370,430,460,560,660,820,910,1200,1300,1300,26067,0,140.0,175.212322798972,2.0605830068234354,2222.5128340069205,74.0
1790263377,50,POST,POST /webhooks/im/messages,142.400000,0.000000,250,330,390,430,530,640,790,850,1100,1300,1300,26278,0,150.0,175.2487914163489,2.0605830068234354,2222.5128340069205,74.0
1790263377,50,,Aggregated,142.400000,0.000000,250,330,390,430,530,640,790,850,1100,1300,1300,26278,0,150.0,175.2487914163489,2.0605830068234354,2222.5128340069205,74.0
1790263378,50,POST,POST /webhooks/im/messages,143.100000,0.000000,240,320,380,420,520,610,710,830,1100,1300,1300,26484,0,150.0,175.7590051513276,2.0605830068234354,2222.5128340069205,74.0
1790263378,50,,Aggregated,143.100000,0.000000,240,320,380,420,520,610,710,830,1100,1300,1300,26484,0,150.0,175.7590051513276,2.0605830068234354,2222.5128340069205,74.0
1790263379,50,POST,POST /webhooks/im/messages,152.600000,0.000000,220,300,360,410,510,600,700,830,1100,1300,1300,26691,0,150.0,175.9785128462596,2.0605830068234354,2222.5128340069205,74.0
1790263379,50,,Aggregated,152.600000,0.000000,220,300,360,410,510,600,700,830,1100,1300,1300,26691,0,150.0,175.9785128462596,2.0605830068234354,2222.5128340069205,74.0
1790263380,50,POST,POST /webhooks/im/messages,158.200000,0.000000,220,280,340,380,490,590,690,830,1100,1300,1300,26911,0,150.0,176.00492855380372,2.0605830068234354,2222.5128340069205,74.0
1790263380,50,,Aggregated,158.200000,0.000000,220,280,340,380,490,590,690,830,1100,1300,1300,26911,0,150.0,176.00492855380372,2.0605830068234354,2222.5128340069205,74.0
1790263381,50,POST,POST /webhooks/im/messages,163.500000,0.000000,210,280,330,370,480,580,690,830,1100,1300,1300,27184,0,150.0,175.93717463719287,2.0605830068234354,2222.5128340069205,74.0
1790263381,50,,Aggregated,163.500000,0.000000,210,280,330,370,480,580,690,830,1100,1300,1300,27184,0,150.0,175.93717463719287,2.0605830068234354,2222.5128340069205,74.0
1790263382,50,POST,POST /webhooks/im/messages,168.900000,0.000000,210,270,310,340,440,520,670,790,1000,1100,1100,27340,0,150.0,176.38358774313812,2.0605830068234354,2222.5128340069205,74.0
1790263382,50,,Aggregated,168.900000,0.000000,210,270,310,340,440,520,670,790,1000,1100,1100,27340,0,150.0,176.38358774313812,2.0605830068234354,2222.5128340069205,74.0
1790263383,50,POST,POST /webhooks/im/messages,170.500000,0.000000,200,250,290,320,410,490,620,680,1000,1100,1100,27527,0,150.0,176.62153733146823,2.0605830068234354,2222.5128340069205,74.0
1790263383,50,,Aggregated,170.500000,0.000000,200,250,290,320,410,490,620,680,1000,1100,1100,27527,0,150.0,176.62153733146823,2.0605830068234354,2222.5128340069205,74.0
1790263384,50,POST,POST /webhooks/im/messages,179.400000,0.000000,200,250,290,310,380,470,550,660,1000,1100,1100,27699,0,150.0,177.2950414792002,2.0605830068234354,2222.5128340069205,74.0
1790263384,50,,Aggregated,179.400000,0.000000,200,250,290,310,380,470,550,660,1000,1100,1100,27699,0,150.0,177.2950414792002,2.0605830068234354,2222.5128340069205,74.0
1790263385,50,POST,POST /webhooks/im/messages,184.200000,0.000000,200,250,290,310,370,430,520,570,870,1000,1000,27864,0,150.0,178.0301427867621,2.0605830068234354,2222.5128340069205,74.0
1790263385,50,,Aggregated,184.200000,0.000000,200,250,290,310,370,430,520,570,870,1000,1000,27864,0,150.0,178.0301427867621,2.0605830068234354,2222.5128340069205,74.0
1790263386,50,POST,POST /webhooks/im/messages,191.500000,0.000000,200,250,290,310,370,420,510,550,800,870,870,28018,0,150.0,178.505205516961,2.0605830068234354,2222.5128340069205,74.0
1790263386,50,,Aggregated,191.500000,0.000000,200,250,290,310,370,420,510,550,800,870,870,28018,0,150.0,178.505205516961,2.0605830068234354,2222.5128340069205,74.0
1790263387,50,POST,POST /webhooks/im/messages,193.200000,0.000000,210,260,300,320,380,430,530,560,850,870,870,28224,0,150.0,179.04052631243326,2.0605830068234354,2222.5128340069205,74.0
1790263387,50,,Aggregated,193.200000,0.000000,210,260,300,320,380,430,530,560,850,870,870,28224,0,150.0,179.04052631243326,2.0605830068234354,2222.5128340069205,74.0
1790263388,50,POST,POST /webhooks/im/messages,197.300000,0.000000,200,250,290,310,370,420,510,550,850,870,870,28441,0,150.0,179.0159743035502,2.0605830068234354,2222.5128340069205,74.0
1790263388,50,,Aggregated,197.300000,0.000000,200,250,290,310,370,420,510,550,850,870,870,28441,0,150.0,179.0159743035502,2.0605830068234354,2222.5128340069205,74.0
1790263389,50,POST,POST /webhooks/im/messages,193.100000,0.000000,200,240,290,310,370,420,500,550,850,870,870,28675,0,150.0,179.11146318992962,2.0605830068234354,2222.5128340069205,74.0
1790263389,50,,Aggregated,193.100000,0.000000,200,240,290,310,370,420,500,550,850,870,870,28675,0,150.0,179.11146318992962,2.0605830068234354,2222.5128340069205,74.0
1790263390,50,POST,POST /webhooks/im/messages,196.200000,0.000000,200,260,300,320,380,430,510,550,850,870,870,28883,0,150.0,179.47038606160316,2.0605830068234354,2222.5128340069205,74.0
1790263390,50,,Aggregated,196.200000,0.000000,200,260,300,320,380,430,510,550,850,870,870,28883,0,150.0,179.47038606160316,2.0605830068234354,2222.5128340069205,74.0
1790263391,50,POST,POST /webhooks/im/messages,195.200000,0.000000,200,250,290,310,380,430,510,550,850,870,870,29118,0,150.0,179.03584790231093,2.0605830068234354,2222.5128340069205,74.0
1790263391,50,,Aggregated,195.200000,0.000000,200,250,290,310,380,430,510,550,850,870,870,29118,0,150.0,179.03584790231093,2.0605830068234354,2222.5128340069205,74.0
1790263392,50,POST,POST /webhooks/im/messages,199.800000,0.000000,190,230,280,300,370,420,490,540,800,870,870,29379,0,150.0,178.48053877989193,2.0605830068234354,2222.5128340069205,74.0
1790263392,50,,Aggregated,199.800000,0.000000,190,230,280,300,370,420,490,540,800,870,870,29379,0,150.0,178.48053877989193,2.0605830068234354,2222.5128340069205,74.0
1790263393,50,POST,POST /webhooks/im/messages,196.500000,0.000000,180,220,260,290,350,410,480,540,800,870,870,29600,0,150.0,178.4414924069421,2.0605830068234354,2222.5128340069205,74.0
1790263393,50,,Aggregated,196.500000,0.000000,180,220,260,290,350,410,480,540,800,870,870,29600,0,150.0,178.4414924069421,2.0605830068234354,2222.5128340069205,74.0
1790263394,50,POST,POST /webhooks/im/messages,195.600000,0.000000,180,210,250,280,350,400,470,530,800,870,870,29775,0,150.0,178.81493762712196,2.0605830068234354,2222.5128340069205,74.0
1790263394,50,,Aggregated,195.600000,0.000000,180,210,250,280,350,400,470,530,800,870,870,29775,0,150.0,178.81493762712196,2.0605830068234354,2222.5128340069205,74.0
1790263395,50,POST,POST /webhooks/im/messages,201.200000,0.000000,180,210,250,280,330,410,480,540,720,850,850,29940,0,150.0,179.42080022834156,2.0605830068234354,2222.5128340069205,74.0
1790263395,50,,Aggregated,201.200000,0.000000,180,210,250,280,330,410,480,540,720,850,850,29940,0,150.0,179.42080022834156,2.0605830068234354,2222.5128340069205,74.0
1790263396,50,POST,POST /webhooks/im/messages,205.800000,0.000000,180,210,250,280,340,410,490,550,650,850,850,30121,0,150.0,180.00741754989923,2.0605830068234354,2222.5128340069205,74.0
1790263396,50,,Aggregated,205.800000,0.000000,180,210,250,280,340,410,490,550,650,850,850,30121,0,150.0,180.00741754989923,2.0605830068234354,2222.5128340069205,74.0
1790263397,50,POST,POST /webhooks/im/messages,207.500000,0.000000,180,220,260,280,340,410,490,550,720,790,790,30288,0,150.0,180.51353976560142,2.0605830068234354,2222.5128340069205,74.0
1790263397,50,,Aggregated,207.500000,0.000000,180,220,260,280,340,410,490,550,720,790,790,30288,0,150.0,180.51353976560142,2.0605830068234354,2222.5128340069205,74.0
1790263398,50,POST,POST /webhooks/im/messages,205.700000,0.000000,180,220,260,280,350,410,490,550,720,790,790,30527,0,150.0,180.6007915541163,2.0605830068234354,2222.5128340069205,74.0
1790263398,50,,Aggregated,205.700000,0.000000,180,220,260,280,350,410,490,550,720,790,790,30527,0,150.0,180.6007915541163,2.0605830068234354,2222.5128340069205,74.0
1790263399,50,POST,POST /webhooks/im/messages,210.200000,0.000000,180,220,260,280,340,410,500,550,720,790,790,30757,0,150.0,180.38760012216696,2.0605830068234354,2222.5128340069205,74.0
1790263399,50,,Aggregated,210.200000,0.000000,180,220,260,280,340,410,500,550,720,790,790,30757,0,150.0,180.38760012216696,2.0605830068234354,2222.5128340069205,74.0
1790263400,50,POST,POST /webhooks/im/messages,205.100000,0.000000,170,210,250,270,330,410,490,550,720,790,790,30957,0,150.0,180.34214568115178,2.0605830068234354,2222.5128340069205,74.0
1790263400,50,,Aggregated,205.100000,0.000000,170,210,250,270,330,410,490,550,720,790,790,30957,0,150.0,180.34214568115178,2.0605830068234354,2222.5128340069205,74.0
1790263401,50,POST,POST /webhooks/im/messages,207.800000,0.000000,190,230,270,290,360,430,500,570,740,790,790,31145,0,150.0,180.83508773457825,2.0605830068234354,2222.5128340069205,74.0
1790263401,50,,Aggregated,207.800000,0.000000,190,230,270,290,360,430,500,570,740,790,790,31145,0,150.0,180.83508773457825,2.0605830068234354,2222.5128340069205,74.0
1790263402,50,POST,POST /webhooks/im/messages,206.900000,0.000000,200,260,290,320,400,480,540,640,840,940,940,31271,0,150.0,181.6136421120036,2.0605830068234354,2222.5128340069205,74.0
1790263402,50,,Aggregated,206.900000,0.000000,200,260,290,320,400,480,540,640,840,940,940,31271,0,150.0,181.6136421120036,2.0605830068234354,2222.5128340069205,74.0
1790263403,50,POST,POST /webhooks/im/messages,205.300000,0.000000,220,270,300,330,420,500,580,650,840,940,940,31454,0,150.0,182.16877764247468,2.0605830068234354,2222.5128340069205,74.0
1790263403,50,,Aggregated,205.300000,0.000000,220,270,300,330,420,500,580,650,840,940,940,31454,0,150.0,182.16877764247468,2.0605830068234354,2222.5128340069205,74.0
1790263404,50,POST,POST /webhooks/im/messages,199.700000,0.000000,220,270,300,330,430,510,610,650,980,1000,1000,31630,0,160.0,182.64849571196618,2.0605830068234354,2222.5128340069205,74.0
1790263404,50,,Aggregated,199.700000,0.000000,220,270,300,330,430,510,610,650,980,1000,1000,31630,0,160.0,182.64849571196618,2.0605830068234354,2222.5128340069205,74.0
1790263405,50,POST,POST /webhooks/im/messages,189.200000,0.000000,220,260,300,330,410,500,610,650,980,1000,1000,31806,0,160.0,183.05133693345707,2.0605830068234354,2222.5128340069205,74.0
1790263405,50,,Aggregated,189.200000,0.000000,220,260,300,330,410,500,610,650,980,1000,1000,31806,0,160.0,183.05133693345707,2.0605830068234354,2222.5128340069205,74.0
1790263406,50,POST,POST /webhooks/im/messages,184.300000,0.000000,200,250,280,300,390,490,580,650,980,1000,1000,32080,0,160.0,182.69800817310897,2.0605830068234354,2222.5128340069205,74.0
1790263406,50,,Aggregated,184.300000,0.000000,200,250,280,300,390,490,580,650,980,1000,1000,32080,0,160.0,182.69800817310897,2.0605830068234354,2222.5128340069205,74.0
1790263407,50,POST,POST /webhooks/im/messages,184.300000,0.000000,190,240,270,290,380,470,540,640,980,1000,1000,32269,0,160.0,182.86642290478062,2.0605830068234354,2222.5128340069205,74.0
1790263407,50,,Aggregated,184.300000,0.000000,190,240,270,290,380,470,540,640,980,1000,1000,32269,0,160.0,182.86642290478062,2.0605830068234354,2222.5128340069205,74.0
1790263408,50,POST,POST /webhooks/im/messages,187.100000,0.000000,210,250,280,300,390,490,570,640,980,1000,1000,32429,0,160.0,183.3949981906707,2.0605830068234354,2222.5128340069205,74.0
1790263408,50,,Aggregated,187.100000,0.000000,210,250,280,300,390,490,570,640,980,1000,1000,32429,0,160.0,183.3949981906707,2.0605830068234354,2222.5128340069205,74.0
1790263409,50,POST,POST /webhooks/im/messages,194.400000,0.000000,220,260,290,320,400,490,590,650,980,1000,1000,32627,0,160.0,183.68702369130833,2.0605830068234354,2222.5128340069205,74.0
1790263409,50,,Aggregated,194.400000,0.000000,220,260,290,320,400,490,590,650,980,1000,1000,32627,0,160.0,183.68702369130833,2.0605830068234354,2222.5128340069205,74.0
1790263410,50,POST,POST /webhooks/im/messages,196.700000,0.000000,230,270,300,330,400,500,590,650,980,1000,1000,32818,0,160.0,184.08355956789785,2.0605830068234354,2222.5128340069205,74.0
1790263410,50,,Aggregated,196.700000,0.000000,230,270,300,330,400,500,590,650,980,1000,1000,32818,0,160.0,184.08355956789785,2.0605830068234354,2222.5128340069205,74.0
1790263411,50,POST,POST /webhooks/im/messages,189.000000,0.000000,230,260,290,320,390,490,580,650,980,1000,1000,33027,0,160.0,184.2619105662737,2.0605830068234354,2222.5128340069205,74.0
1790263411,50,,Aggregated,189.000000,0.000000,230,260,290,320,390,490,580,650,980,1000,1000,33027,0,160.0,184.2619105662737,2.0605830068234354,2222.5128340069205,74.0
1790263412,50,POST,POST /webhooks/im/messages,184.600000,0.000000,230,260,280,300,370,430,530,610,980,1000,1000,33217,0,160.0,184.52766462457228,2.0605830068234354,2222.5128340069205,74.0
1790263412,50,,Aggregated,184.600000,0.000000,230,260,280,300,370,430,530,610,980,1000,1000,33217,0,160.0,184.52766462457228,2.0605830068234354,2222.5128340069205,74.0
1790263413,50,POST,POST /webhooks/im/messages,185.300000,0.000000,220,250,270,290,360,400,500,590,980,1000,1000,33452,0,160.0,184.65585223936662,2.0605830068234354,2222.5128340069205,74.0
1790263413,50,,Aggregated,185.300000,0.000000,220,250,270,290,360,400,500,590,980,1000,1000,33452,0,160.0,184.65585223936662,2.0605830068234354,2222.5128340069205,74.0
1790263415,50,POST,POST /webhooks/im/messages,188.300000,0.000000,210,240,260,270,330,380,430,490,670,710,710,33687,0,160.0,184.6698679016617,2.0605830068234354,2222.5128340069205,74.0
1790263415,50,,Aggregated,188.300000,0.000000,210,240,260,270,330,380,430,490,670,710,710,33687,0,160.0,184.6698679016617,2.0605830068234354,2222.5128340069205,74.0
1790263416,50,POST,POST /webhooks/im/messages,198.900000,0.000000,210,250,270,280,340,380,430,500,670,710,710,33902,0,160.0,184.7644092638895,2.0605830068234354,2222.5128340069205,74.0
1790263416,50,,Aggregated,198.900000,0.000000,210,250,270,280,340,380,430,500,670,710,710,33902,0,160.0,184.7644092638895,2.0605830068234354,2222.5128340069205,74.0
1790263417,50,POST,POST /webhooks/im/messages,198.900000,0.000000,200,240,270,280,340,380,440,510,670,710,710,34119,0,160.0,184.6492441176609,2.0605830068234354,2222.5128340069205,74.0
1790263417,50,,Aggregated,198.900000,0.000000,200,240,270,280,340,380,440,510,670,710,710,34119,0,160.0,184.6492441176609,2.0605830068234354,2222.5128340069205,74.0
1790263418,50,POST,POST /webhooks/im/messages,208.400000,0.000000,200,240,270,280,340,390,450,520,670,710,710,34285,0,160.0,185.1663394616191,2.0605830068234354,2222.5128340069205,74.0
1790263418,50,,Aggregated,208.400000,0.000000,200,240,270,280,340,390,450,520,670,710,710,34285,0,160.0,185.1663394616191,2.0605830068234354,2222.5128340069205,74.0
1790263419,50,POST,POST /webhooks/im/messages,203.300000,0.000000,200,240,270,280,340,390,440,510,660,710,710,34436,0,160.0,185.40105924522166,2.0605830068234354,2222.5128340069205,74.0
1790263419,50,,Aggregated,203.300000,0.000000,200,240,270,280,340,390,440,510,660,710,710,34436,0,160.0,185.40105924522166,2.0605830068234354,2222.5128340069205,74.0
1790263420,50,POST,POST /webhooks/im/messages,200.700000,0.000000,210,250,270,290,370,420,530,620,950,1100,1100,34594,0,160.0,186.2128930892504,2.0605830068234354,2222.5128340069205,74.0
1790263420,50,,Aggregated,200.700000,0.000000,210,250,270,290,370,420,530,620,950,1100,1100,34594,0,160.0,186.2128930892504,2.0605830068234354,2222.5128340069205,74.0
1790263421,50,POST,POST /webhooks/im/messages,199.800000,0.000000,210,250,280,300,380,450,550,660,950,1100,1100,34744,0,160.0,186.67802891283594,2.0605830068234354,2222.5128340069205,74.0
1790263421,50,,Aggregated,199.800000,0.000000,210,250,280,300,380,450,550,660,950,1100,1100,34744,0,160.0,186.67802891283594,2.0605830068234354,2222.5128340069205,74.0
1790263422,50,POST,POST /webhooks/im/messages,199.800000,0.000000,210,260,280,310,390,470,560,660,950,1100,1100,34947,0,160.0,187.09039173587504,2.0605830068234354,2222.5128340069205,74.0
1790263422,50,,Aggregated,199.800000,0.000000,210,260,280,310,390,470,560,660,950,1100,1100,34947,0,160.0,187.09039173587504,2.0605830068234354,2222.5128340069205,74.0
1790263423,50,POST,POST /webhooks/im/messages,192.200000,0.000000,230,260,300,330,400,510,570,660,950,1100,1100,35121,0,160.0,187.56251346133695,2.0605830068234354,2222.5128340069205,74.0
1790263423,50,,Aggregated,192.200000,0.000000,230,260,300,330,400,510,570,660,950,1100,1100,35121,0,160.0,187.56251346133695,2.0605830068234354,2222.5128340069205,74.0
1790263424,50,POST,POST /webhooks/im/messages,191.900000,0.000000,230,270,300,340,410,510,570,660,950,1100,1100,35345,0,160.0,187.53777039424503,2.0605830068234354,2222.5128340069205,74.0
1790263424,50,,Aggregated,191.900000,0.000000,230,270,300,340,410,510,570,660,950,1100,1100,35345,0,160.0,187.53777039424503,2.0605830068234354,2222.5128340069205,74.0
1790263425,50,POST,POST /webhooks/im/messages,189.500000,0.000000,230,270,320,340,410,520,580,660,950,1100,1100,35527,0,160.0,187.81674883602378,2.0605830068234354,2222.5128340069205,74.0
1790263425,50,,Aggregated,189.500000,0.000000,230,270,320,340,410,520,580,660,950,1100,1100,35527,0,160.0,187.81674883602378,2.0605830068234354,2222.5128340069205,74.0
1790263426,50,POST,POST /webhooks/im/messages,189.200000,0.000000,240,280,330,360,420,520,600,660,950,1100,1100,35722,0,160.0,188.12376200709372,2.0605830068234354,2222.5128340069205,74.0
1790263426,50,,Aggregated,189.200000,0.000000,240,280,330,360,420,520,600,660,950,1100,1100,35722,0,160.0,188.12376200709372,2.0605830068234354,2222.5128340069205,74.0
1790263427,50,POST,POST /webhooks/im/messages,183.000000,0.000000,230,270,300,330,410,520,590,660,950,1100,1100,35937,0,160.0,187.76593380244137,2.0605830068234354,2222.5128340069205,74.0
1790263427,50,,Aggregated,183.000000,0.000000,230,270,300,330,410,520,590,660,950,1100,1100,35937,0,160.0,187.76593380244137,2.0605830068234354,2222.5128340069205,74.0
1790263428,50,POST,POST /webhooks/im/messages,180.500000,0.000000,230,270,310,340,410,520,590,660,950,1100,1100,36139,0,160.0,188.10636683733082,2.0605830068234354,2222.5128340069205,74.0
1790263428,50,,Aggregated,180.500000,0.000000,230,270,310,340,410,520,590,660,950,1100,1100,36139,0,160.0,188.10636683733082,2.0605830068234354,2222.5128340069205,74.0
1790263429,50,POST,POST /webhooks/im/messages,180.700000,0.000000,210,260,280,310,380,440,540,590,820,900,900,36378,0,160.0,188.12872460034023,2.0605830068234354,2222.5128340069205,74.0
1790263429,50,,Aggregated,180.700000,0.000000,210,260,280,310,380,440,540,590,820,900,900,36378,0,160.0,188.12872460034023,2.0605830068234354,2222.5128340069205,74.0
1790263430,50,POST,POST /webhooks/im/messages,184.400000,0.000000,190,240,260,280,360,420,520,550,640,820,820,36615,0,160.0,187.73567526252222,2.0605830068234354,2222.5128340069205,74.0
1790263430,50,,Aggregated,184.400000,0.000000,190,240,260,280,360,420,520,550,640,820,820,36615,0,160.0,187.73567526252222,2.0605830068234354,2222.5128340069205,74.0
1790263431,50,POST,POST /webhooks/im/messages,192.500000,0.000000,170,220,250,270,340,390,500,530,640,820,820,36847,0,160.0,187.4922072362858,2.0605830068234354,2222.5128340069205,74.0
1790263431,50,,Aggregated,192.500000,0.000000,170,220,250,270,340,390,500,530,640,820,820,36847,0,160.0,187.4922072362858,2.0605830068234354,2222.5128340069205,74.0
1790263432,50,POST,POST /webhooks/im/messages,201.000000,0.000000,170,200,230,260,310,370,440,510,640,820,820,37082,0,160.0,187.44932887267095,2.0605830068234354,2222.5128340069205,74.0
1790263432,50,,Aggregated,201.000000,0.000000,170,200,230,260,310,370,440,510,640,820,820,37082,0,160.0,187.44932887267095,2.0605830068234354,2222.5128340069205,74.0
1790263433,50,POST,POST /webhooks/im/messages,208.300000,0.000000,170,200,230,260,310,350,440,510,640,820,820,37303,0,160.0,187.50651974775042,2.0605830068234354,2222.5128340069205,74.0
1790263433,50,,Aggregated,208.300000,0.000000,170,200,230,260,310,350,440,510,640,820,820,37303,0,160.0,187.50651974775042,2.0605830068234354,2222.5128340069205,74.0
1790263434,50,POST,POST /webhooks/im/messages,212.500000,0.000000,170,200,220,240,290,340,430,480,630,820,820,37532,0,160.0,187.53262295487477,2.0605830068234354,2222.5128340069205,74.0
1790263434,50,,Aggregated,212.500000,0.000000,170,200,220,240,290,340,430,480,630,820,820,37532,0,160.0,187.53262295487477,2.0605830068234354,2222.5128340069205,74.0
1790263435,50,POST,POST /webhooks/im/messages,217.400000,0.000000,170,200,220,240,280,320,390,450,580,630,630,37755,0,160.0,187.62272381955708,2.0605830068234354,2222.5128340069205,74.0
1790263435,50,,Aggregated,217.400000,0.000000,170,200,220,240,280,320,390,450,580,630,630,37755,0,160.0,187.62272381955708,2.0605830068234354,2222.5128340069205,74.0
1790263436,50,POST,POST /webhooks/im/messages,216.300000,0.000000,180,200,230,250,290,330,400,460,580,630,630,37968,0,160.0,187.6794381678588,2.0605830068234354,2222.5128340069205,74.0
1790263436,50,,Aggregated,216.300000,0.000000,180,200,230,250,290,330,400,460,580,630,630,37968,0,160.0,187.6794381678588,2.0605830068234354,2222.5128340069205,74.0
1790263437,50,POST,POST /webhooks/im/messages,220.800000,0.000000,180,200,220,240,280,320,390,440,540,570,570,38165,0,160.0,187.90943433463264,2.0605830068234354,2222.5128340069205,74.0
1790263437,50,,Aggregated,220.800000,0.000000,180,200,220,240,280,320,390,440,540,570,570,38165,0,160.0,187.90943433463264,2.0605830068234354,2222.5128340069205,74.0
1790263438,50,POST,POST /webhooks/im/messages,225.000000,0.000000,180,210,240,260,290,330,410,470,570,700,700,38327,0,170.0,188.3055678498787,2.0605830068234354,2222.5128340069205,74.0
1790263438,50,,Aggregated,225.000000,0.000000,180,210,240,260,290,330,410,470,570,700,700,38327,0,170.0,188.3055678498787,2.0605830068234354,2222.5128340069205,74.0
1790263439,50,POST,POST /webhooks/im/messages,221.600000,0.000000,190,230,260,270,310,360,450,480,570,700,700,38509,0,170.0,188.65485658111692,2.0605830068234354,2222.5128340069205,74.0
1790263439,50,,Aggregated,221.600000,0.000000,190,230,260,270,310,360,450,480,570,700,700,38509,0,170.0,188.65485658111692,2.0605830068234354,2222.5128340069205,74.0
1790263440,50,POST,POST /webhooks/im/messages,218.800000,0.000000,200,230,260,280,320,370,460,490,650,700,700,38738,0,170.0,188.681890931188,2.0605830068234354,2222.5128340069205,74.0
1790263440,50,,Aggregated,218.800000,0.000000,200,230,260,280,320,370,460,490,650,700,700,38738,0,170.0,188.681890931188,2.0605830068234354,2222.5128340069205,74.0
1790263441,50,POST,POST /webhooks/im/messages,212.500000,0.000000,200,240,270,280,330,390,460,500,680,700,700,38930,0,170.0,188.88488218287807,2.0605830068234354,2222.5128340069205,74.0
1790263441,50,,Aggregated,212.500000,0.000000,200,240,270,280,330,390,460,500,680,700,700,38930,0,170.0,188.88488218287807,2.0605830068234354,2222.5128340069205,74.0
1790263442,50,POST,POST /webhooks/im/messages,212.300000,0.000000,200,240,270,280,330,390,460,490,680,700,700,39161,0,170.0,188.95600334831548,2.0605830068234354,2222.5128340069205,74.0
1790263442,50,,Aggregated,212.300000,0.000000,200,240,270,280,330,390,460,490,680,700,700,39161,0,170.0,188.95600334831548,2.0605830068234354,2222.5128340069205,74.0
1790263443,50,POST,POST /webhooks/im/messages,208.400000,0.000000,200,240,260,280,330,380,460,490,680,700,700,39395,0,170.0,188.84980263187032,2.0605830068234354,2222.5128340069205,74.0
1790263443,50,,Aggregated,208.400000,0.000000,200,240,260,280,330,380,460,490,680,700,700,39395,0,170.0,188.84980263187032,2.0605830068234354,2222.5128340069205,74.0
1790263444,50,POST,POST /webhooks/im/messages,206.700000,0.000000,190,230,260,270,320,370,450,480,680,700,700,39647,0,170.0,188.6169259583464,2.0605830068234354,2222.5128340069205,74.0
1790263444,50,,Aggregated,206.700000,0.000000,190,230,260,270,320,370,450,480,680,700,700,39647,0,170.0,188.6169259583464,2.0605830068234354,2222.5128340069205,74.0
1790263445,50,POST,POST /webhooks/im/messages,206.800000,0.000000,190,220,250,270,320,370,450,480,680,700,700,39871,0,170.0,188.2678749262768,2.0605830068234354,2222.5128340069205,74.0
1790263445,50,,Aggregated,206.800000,0.000000,190,220,250,270,320,370,450,480,680,700,700,39871,0,170.0,188.2678749262768,2.0605830068234354,2222.5128340069205,74.0
1790263446,50,POST,POST /webhooks/im/messages,210.000000,0.000000,190,220,240,270,320,370,450,480,680,700,700,40068,0,170.0,188.38688877749772,2.0605830068234354,2222.5128340069205,74.0
1790263446,50,,Aggregated,210.000000,0.000000,190,220,240,270,320,370,450,480,680,700,700,40068,0,170.0,188.38688877749772,2.0605830068234354,2222.5128340069205,74.0
1790263447,50,POST,POST /webhooks/im/messages,212.300000,0.000000,190,220,240,260,320,360,440,460,680,680,680,40261,0,170.0,188.6323472235087,2.0605830068234354,2222.5128340069205,74.0
1790263447,50,,Aggregated,212.300000,0.000000,190,220,240,260,320,360,440,460,680,680,680,40261,0,170.0,188.6323472235087,2.0605830068234354,2222.5128340069205,74.0
1790263448,50,POST,POST /webhooks/im/messages,209.500000,0.000000,190,220,240,260,330,410,530,600,700,780,780,40396,0,170.0,189.18003221835622,2.0605830068234354,2222.5128340069205,74.0
1790263448,50,,Aggregated,209.500000,0.000000,190,220,240,260,330,410,530,600,700,780,780,40396,0,170.0,189.18003221835622,2.0605830068234354,2222.5128340069205,74.0
1790263449,50,POST,POST /webhooks/im/messages,210.200000,0.000000,190,230,250,280,380,450,550,630,940,1000,1000,40550,0,170.0,189.8173639935094,2.0605830068234354,2222.5128340069205,74.0
1790263449,50,,Aggregated,210.200000,0.000000,190,230,250,280,380,450,550,630,940,1000,1000,40550,0,170.0,189.8173639935094,2.0605830068234354,2222.5128340069205,74.0
1790263450,50,POST,POST /webhooks/im/messages,206.000000,0.000000,200,230,270,300,390,470,560,630,940,1000,1000,40696,0,170.0,190.239714155859,2.0605830068234354,2222.5128340069205,74.0
1790263450,50,,Aggregated,206.000000,0.000000,200,230,270,300,390,470,560,630,940,1000,1000,40696,0,170.0,190.239714155859,2.0605830068234354,2222.5128340069205,74.0
1790263451,50,POST,POST /webhooks/im/messages,202.900000,0.000000,200,250,280,310,400,500,570,640,940,1000,1000,40879,0,170.0,190.55289266750293,2.0605830068234354,2222.5128340069205,74.0
1790263451,50,,Aggregated,202.900000,0.000000,200,250,280,310,400,500,570,640,940,1000,1000,40879,0,170.0,190.55289266750293,2.0605830068234354,2222.5128340069205,74.0
1790263452,50,POST,POST /webhooks/im/messages,194.900000,0.000000,220,260,300,330,420,510,570,640,940,1000,1000,41056,0,170.0,190.90205549721804,2.0605830068234354,2222.5128340069205,74.0
1790263452,50,,Aggregated,194.900000,0.000000,220,260,300,330,420,510,570,640,940,1000,1000,41056,0,170.0,190.90205549721804,2.0605830068234354,2222.5128340069205,74.0
1790263453,50,POST,POST /webhooks/im/messages,193.900000,0.000000,230,270,310,340,420,510,570,640,940,1000,1000,41282,0,170.0,190.80652290806586,2.0605830068234354,2222.5128340069205,74.0
1790263453,50,,Aggregated,193.900000,0.000000,230,270,310,340,420,510,570,640,940,1000,1000,41282,0,170.0,190.80652290806586,2.0605830068234354,2222.5128340069205,74.0
1790263454,50,POST,POST /webhooks/im/messages,187.900000,0.000000,230,270,320,350,420,510,570,640,940,1000,1000,41517,0,170.0,190.86459405506054,2.0605830068234354,2222.5128340069205,74.0
1790263454,50,,Aggregated,187.900000,0.000000,230,270,320,350,420,510,570,640,940,1000,1000,41517,0,170.0,190.86459405506054,2.0605830068234354,2222.5128340069205,74.0
1790263455,50,POST,POST /webhooks/im/messages,188.500000,0.000000,230,270,310,340,420,510,570,640,940,1000,1000,41740,0,170.0,190.90127303830727,2.0605830068234354,2222.5128340069205,74.0
1790263455,50,,Aggregated,188.500000,0.000000,230,270,310,340,420,510,570,640,940,1000,1000,41740,0,170.0,190.90127303830727,2.0605830068234354,2222.5128340069205,74.0
1790263456,50,POST,POST /webhooks/im/messages,185.500000,0.000000,220,260,300,330,410,510,570,630,940,1000,1000,41962,0,170.0,190.884150971973,2.0605830068234354,2222.5128340069205,74.0
1790263456,50,,Aggregated,185.500000,0.000000,220,260,300,330,410,510,570,630,940,1000,1000,41962,0,170.0,190.884150971973,2.0605830068234354,2222.5128340069205,74.0
1790263457,50,POST,POST /webhooks/im/messages,181.900000,0.000000,210,250,280,310,390,470,560,630,940,1000,1000,42201,0,170.0,190.71091567673463,2.0605830068234354,2222.5128340069205,74.0
1790263457,50,,Aggregated,181.900000,0.000000,210,250,280,310,390,470,560,630,940,1000,1000,42201,0,170.0,190.71091567673463,2.0605830068234354,2222.5128340069205,74.0
1790263458,50,POST,POST /webhooks/im/messages,186.300000,0.000000,190,230,260,270,340,390,500,530,680,770,770,42421,0,170.0,190.5638242929197,2.0605830068234354,2222.5128340069205,74.0
1790263458,50,,Aggregated,186.300000,0.000000,190,230,260,270,340,390,500,530,680,770,770,42421,0,170.0,190.5638242929197,2.0605830068234354,2222.5128340069205,74.0
1790263459,50,POST,POST /webhooks/im/messages,190.700000,0.000000,190,220,250,260,310,380,450,510,680,770,770,42641,0,170.0,190.56660642194194,2.0605830068234354,2222.5128340069205,74.0
1790263459,50,,Aggregated,190.700000,0.000000,190,220,250,260,310,380,450,510,680,770,770,42641,0,170.0,190.56660642194194,2.0605830068234354,2222.5128340069205,74.0
1790263460,50,POST,POST /webhooks/im/messages,199.900000,0.000000,180,210,230,250,290,350,410,480,630,650,650,42900,0,170.0,190.31716191354556,2.0605830068234354,2222.5128340069205,74.0
1790263460,50,,Aggregated,199.900000,0.000000,180,210,230,250,290,350,410,480,630,650,650,42900,0,170.0,190.31716191354556,2.0605830068234354,2222.5128340069205,74.0
1790263461,50,POST,POST /webhooks/im/messages,209.300000,0.000000,170,200,220,230,270,310,380,400,530,630,630,43130,0,170.0,190.14916160688662,2.0605830068234354,2222.5128340069205,74.0
1790263461,50,,Aggregated,209.300000,0.000000,170,200,220,230,270,310,380,400,530,630,630,43130,0,170.0,190.14916160688662,2.0605830068234354,2222.5128340069205,74.0
1790263462,50,POST,POST /webhooks/im/messages,218.000000,0.000000,170,200,220,240,280,310,370,410,530,630,630,43315,0,170.0,190.3585837508728,2.0605830068234354,2222.5128340069205,74.0
1790263462,50,,Aggregated,218.000000,0.000000,170,200,220,240,280,310,370,410,530,630,630,43315,0,170.0,190.3585837508728,2.0605830068234354,2222.5128340069205,74.0
1790263463,50,POST,POST /webhooks/im/messages,223.400000,0.000000,170,200,230,240,290,320,400,510,810,880,880,43450,0,170.0,190.65494910287808,2.0605830068234354,2222.5128340069205,74.0
1790263463,50,,Aggregated,223.400000,0.000000,170,200,230,240,290,320,400,510,810,880,880,43450,0,170.0,190.65494910287808,2.0605830068234354,2222.5128340069205,74.0
1790263464,50,POST,POST /webhooks/im/messages,224.600000,0.000000,180,210,240,250,290,370,500,570,800,880,880,43675,0,170.0,191.02491180510782,2.0605830068234354,2222.5128340069205,74.0
1790263464,50,,Aggregated,224.600000,0.000000,180,210,240,250,290,370,500,570,800,880,880,43675,0,170.0,191.02491180510782,2.0605830068234354,2222.5128340069205,74.0
1790263465,50,POST,POST /webhooks/im/messages,218.900000,0.000000,170,210,240,250,300,370,520,610,810,880,880,43909,0,170.0,190.94236316049307,2.0605830068234354,2222.5128340069205,74.0
1790263465,50,,Aggregated,218.900000,0.000000,170,210,240,250,300,370,520,610,810,880,880,43909,0,170.0,190.94236316049307,2.0605830068234354,2222.5128340069205,74.0
1790263466,50,POST,POST /webhooks/im/messages,215.500000,0.000000,170,210,240,260,310,370,510,600,810,880,880,44128,0,170.0,190.7472943563493,2.0605830068234354,2222.5128340069205,74.0
1790263466,50,,Aggregated,215.500000,0.000000,170,210,240,260,310,370,510,600,810,880,880,44128,0,170.0,190.7472943563493,2.0605830068234354,2222.5128340069205,74.0
1790263467,50,POST,POST /webhooks/im/messages,217.300000,0.000000,180,210,240,250,310,370,510,600,810,880,880,44368,0,170.0,190.503237330375,2.0605830068234354,2222.5128340069205,74.0
1790263467,50,,Aggregated,217.300000,0.000000,180,210,240,250,310,370,510,600,810,880,880,44368,0,170.0,190.503237330375,2.0605830068234354,2222.5128340069205,74.0
1790263468,50,POST,POST /webhooks/im/messages,214.300000,0.000000,160,210,230,250,300,360,490,570,800,880,880,44611,0,170.0,190.1592072948405,2.0605830068234354,2222.5128340069205,74.0
1790263468,50,,Aggregated,214.300000,0.000000,160,210,230,250,300,360,490,570,800,880,880,44611,0,170.0,190.1592072948405,2.0605830068234354,2222.5128340069205,74.0
1790263469,50,POST,POST /webhooks/im/messages,214.700000,0.000000,160,200,230,240,290,360,490,570,800,880,880,44855,0,170.0,189.80680339237963,2.0605830068234354,2222.5128340069205,74.0
1790263469,50,,Aggregated,214.700000,0.000000,160,200,230,240,290,360,490,570,800,880,880,44855,0,170.0,189.80680339237963,2.0605830068234354,2222.5128340069205,74.0
1790263470,50,POST,POST /webhooks/im/messages,217.000000,0.000000,160,200,230,240,290,360,500,600,810,880,880,45071,0,170.0,189.58780296558854,2.0605830068234354,2222.5128340069205,74.0
1790263470,50,,Aggregated,217.000000,0.000000,160,200,230,240,290,360,500,600,810,880,880,45071,0,170.0,189.58780296558854,2.0605830068234354,2222.5128340069205,74.0
1790263471,50,POST,POST /webhooks/im/messages,217.600000,0.000000,160,210,230,240,290,370,520,570,800,880,880,45270,0,170.0,189.80611584899674,2.0605830068234354,2222.5128340069205,74.0
1790263471,50,,Aggregated,217.600000,0.000000,160,210,230,240,290,370,520,570,800,880,880,45270,0,170.0,189.80611584899674,2.0605830068234354,2222.5128340069205,74.0
1790263472,50,POST,POST /webhooks/im/messages,218.500000,0.000000,160,210,230,250,320,380,530,610,800,880,880,45453,0,170.0,190.09227149306216,2.0605830068234354,2222.5128340069205,74.0
1790263472,50,,Aggregated,218.500000,0.000000,160,210,230,250,320,380,530,610,800,880,880,45453,0,170.0,190.09227149306216,2.0605830068234354,2222.5128340069205,74.0
1790263473,50,POST,POST /webhooks/im/messages,213.200000,0.000000,160,200,230,240,310,350,450,510,680,830,830,45624,0,170.0,190.34593032062554,2.0605830068234354,2222.5128340069205,74.0
1790263473,50,,Aggregated,213.200000,0.000000,160,200,230,240,310,350,450,510,680,830,830,45624,0,170.0,190.34593032062554,2.0605830068234354,2222.5128340069205,74.0
1790263474,50,POST,POST /webhooks/im/messages,212.800000,0.000000,160,210,240,250,310,350,470,520,830,840,840,45813,0,170.0,190.6690591248151,2.0605830068234354,2222.5128340069205,74.0
1790263474,50,,Aggregated,212.800000,0.000000,160,210,240,250,310,350,470,520,830,840,840,45813,0,170.0,190.6690591248151,2.0605830068234354,2222.5128340069205,74.0
1790263475,50,POST,POST /webhooks/im/messages,214.700000,0.000000,190,220,250,260,330,380,480,530,830,840,840,45995,0,170.0,190.96181361913744,2.0605830068234354,2222.5128340069205,74.0
1790263475,50,,Aggregated,214.700000,0.000000,190,220,250,260,330,380,480,530,830,840,840,45995,0,170.0,190.96181361913744,2.0605830068234354,2222.5128340069205,74.0
1790263476,50,POST,POST /webhooks/im/messages,214.400000,0.000000,190,230,250,270,340,380,480,540,830,840,840,46189,0,170.0,190.97174088289873,2.0605830068234354,2222.5128340069205,74.0
1790263476,50,,Aggregated,214.400000,0.000000,190,230,250,270,340,380,480,540,830,840,840,46189,0,170.0,190.97174088289873,2.0605830068234354,2222.5128340069205,74.0
1790263477,50,POST,POST /webhooks/im/messages,209.000000,0.000000,200,230,260,280,350,390,490,560,830,840,840,46437,0,170.0,191.0001500410705,2.0605830068234354,2222.5128340069205,74.0
1790263477,50,,Aggregated,209.000000,0.000000,200,230,260,280,350,390,490,560,830,840,840,46437,0,170.0,191.0001500410705,2.0605830068234354,2222.5128340069205,74.0
1790263478,50,POST,POST /webhooks/im/messages,210.100000,0.000000,210,240,260,290,350,390,490,560,830,840,840,46682,0,170.0,190.86593166765118,2.0605830068234354,2222.5128340069205,74.0
1790263478,50,,Aggregated,210.100000,0.000000,210,240,260,290,350,390,490,560,830,840,840,46682,0,170.0,190.86593166765118,2.0605830068234354,2222.5128340069205,74.0
1790263479,50,POST,POST /webhooks/im/messages,208.000000,0.000000,220,250,280,310,360,400,490,560,830,840,840,46860,0,170.0,190.94066190598258,2.0605830068234354,2222.5128340069205,74.0
1790263479,50,,Aggregated,208.000000,0.000000,220,250,280,310,360,400,490,560,830,840,840,46860,0,170.0,190.94066190598258,2.0605830068234354,2222.5128340069205,74.0
1790263480,50,POST,POST /webhooks/im/messages,205.100000,0.000000,210,250,270,300,360,400,490,560,830,840,840,47053,0,170.0,191.01544546153127,2.0605830068234354,2222.5128340069205,74.0
1790263480,50,,Aggregated,205.100000,0.000000,210,250,270,300,360,400,490,560,830,840,840,47053,0,170.0,191.01544546153127,2.0605830068234354,2222.5128340069205,74.0
1790263481,50,POST,POST /webhooks/im/messages,200.900000,0.000000,210,240,270,300,350,380,470,540,830,840,840,47279,0,170.0,191.1881142455312,2.0605830068234354,2222.5128340069205,74.0
1790263481,50,,Aggregated,200.900000,0.000000,210,240,270,300,350,380,470,540,830,840,840,47279,0,170.0,191.1881142455312,2.0605830068234354,2222.5128340069205,74.0
1790263482,50,POST,POST /webhooks/im/messages,197.100000,0.000000,210,240,270,310,350,380,470,520,710,840,840,47475,0,170.0,191.39011842582968,2.0605830068234354,2222.5128340069205,74.0
1790263482,50,,Aggregated,197.100000,0.000000,210,240,270,310,350,380,470,520,710,840,840,47475,0,170.0,191.39011842582968,2.0605830068234354,2222.5128340069205,74.0
1790263483,50,POST,POST /webhooks/im/messages,199.000000,0.000000,210,230,250,290,350,380,440,470,590,600,600,47668,0,170.0,191.55562054918047,2.0605830068234354,2222.5128340069205,74.0
1790263483,50,,Aggregated,199.000000,0.000000,210,230,250,290,350,380,440,470,590,600,600,47668,0,170.0,191.55562054918047,2.0605830068234354,2222.5128340069205,74.0
1790263484,50,POST,POST /webhooks/im/messages,201.300000,0.000000,210,230,270,310,360,420,500,540,660,760,760,47791,0,170.0,192.03382189695276,2.0605830068234354,2222.5128340069205,74.0
1790263484,50,,Aggregated,201.300000,0.000000,210,230,270,310,360,420,500,540,660,760,760,47791,0,170.0,192.03382189695276,2.0605830068234354,2222.5128340069205,74.0
1790263485,50,POST,POST /webhooks/im/messages,204.100000,0.000000,220,250,300,330,380,420,510,540,760,810,810,47962,0,170.0,192.4164411656575,2.0605830068234354,2222.5128340069205,74.0
1790263485,50,,Aggregated,204.100000,0.000000,220,250,300,330,380,420,510,540,760,810,810,47962,0,170.0,192.4164411656575,2.0605830068234354,2222.5128340069205,74.0
1790263486,50,POST,POST /webhooks/im/messages,198.700000,0.000000,220,270,310,330,390,450,530,560,760,810,810,48119,0,170.0,192.81441780349346,2.0605830068234354,2222.5128340069205,74.0
1790263486,50,,Aggregated,198.700000,0.000000,220,270,310,330,390,450,530,560,760,810,810,48119,0,170.0,192.81441780349346,2.0605830068234354,2222.5128340069205,74.0
1790263487,50,POST,POST /webhooks/im/messages,198.200000,0.000000,230,290,330,350,410,490,560,630,810,960,960,48213,0,170.0,193.176103556266,2.0605830068234354,2222.5128340069205,74.0
1790263487,50,,Aggregated,198.200000,0.000000,230,290,330,350,410,490,560,630,810,960,960,48213,0,170.0,193.176103556266,2.0605830068234354,2222.5128340069205,74.0
1790263488,50,POST,POST /webhooks/im/messages,190.400000,0.000000,250,310,340,370,450,530,630,730,1000,1200,1200,48386,0,170.0,193.7869709920474,2.0605830068234354,2222.5128340069205,74.0
1790263488,50,,Aggregated,190.400000,0.000000,250,310,340,370,450,530,630,730,1000,1200,1200,48386,0,170.0,193.7869709920474,2.0605830068234354,2222.5128340069205,74.0
1790263489,50,POST,POST /webhooks/im/messages,181.500000,0.000000,250,320,350,380,460,540,630,730,1000,1200,1200,48578,0,170.0,193.99765751186155,2.0605830068234354,2222.5128340069205,74.0
1790263489,50,,Aggregated,181.500000,0.000000,250,320,350,380,460,540,630,730,1000,1200,1200,48578,0,170.0,193.99765751186155,2.0605830068234354,2222.5128340069205,74.0
1790263490,50,POST,POST /webhooks/im/messages,172.200000,0.000000,240,310,350,370,450,530,640,730,1000,1200,1200,48803,0,170.0,193.94341134945515,2.0605830068234354,2222.5128340069205,74.0
1790263490,50,,Aggregated,172.200000,0.000000,240,310,350,370,450,530,640,730,1000,1200,1200,48803,0,170.0,193.94341134945515,2.0605830068234354,2222.5128340069205,74.0
1790263491,50,POST,POST /webhooks/im/messages,170.700000,0.000000,230,300,340,370,450,530,630,730,1000,1200,1200,49018,0,170.0,193.97573256021158,2.0605830068234354,2222.5128340069205,74.0
1790263491,50,,Aggregated,170.700000,0.000000,230,300,340,370,450,530,630,730,1000,1200,1200,49018,0,170.0,193.97573256021158,2.0605830068234354,2222.5128340069205,74.0
1790263492,50,POST,POST /webhooks/im/messages,173.800000,0.000000,260,320,370,390,490,550,670,740,1000,1200,1200,49137,0,170.0,194.45021436486718,2.0605830068234354,2222.5128340069205,74.0
1790263492,50,,Aggregated,173.800000,0.000000,260,320,370,390,490,550,670,740,1000,1200,1200,49137,0,170.0,194.45021436486718,2.0605830068234354,2222.5128340069205,74.0
1790263493,50,POST,POST /webhooks/im/messages,174.500000,0.000000,250,320,360,380,470,550,670,740,1000,1200,1200,49318,0,170.0,194.77390653368963,2.0605830068234354,2222.5128340069205,74.0
1790263493,50,,Aggregated,174.500000,0.000000,250,320,360,380,470,550,670,740,1000,1200,1200,49318,0,170.0,194.77390653368963,2.0605830068234354,2222.5128340069205,74.0
1790263494,50,POST,POST /webhooks/im/messages,169.100000,0.000000,260,310,350,380,470,540,670,740,1000,1200,1200,49476,0,170.0,195.0974374368089,2.0605830068234354,2222.5128340069205,74.0
1790263494,50,,Aggregated,169.100000,0.000000,260,310,350,380,470,540,670,740,1000,1200,1200,49476,0,170.0,195.0974374368089,2.0605830068234354,2222.5128340069205,74.0
1790263495,50,POST,POST /webhooks/im/messages,163.700000,0.000000,250,320,370,390,510,590,700,810,1100,1200,1200,49559,0,170.0,195.658137144969,2.0605830068234354,2222.5128340069205,74.0
1790263495,50,,Aggregated,163.700000,0.000000,250,320,370,390,510,590,700,810,1100,1200,1200,49559,0,170.0,195.658137144969,2.0605830068234354,2222.5128340069205,74.0
1790263496,50,POST,POST /webhooks/im/messages,167.900000,0.000000,250,320,380,410,520,610,750,860,1100,1200,1200,49712,0,170.0,196.28625110569988,2.0605830068234354,2222.5128340069205,74.0
1790263496,50,,Aggregated,167.900000,0.000000,250,320,380,410,520,610,750,860,1100,1200,1200,49712,0,170.0,196.28625110569988,2.0605830068234354,2222.5128340069205,74.0
1790263497,50,POST,POST /webhooks/im/messages,161.000000,0.000000,260,310,360,390,490,590,700,820,990,1100,1100,49876,0,180.0,196.62950251113855,2.0605830068234354,2222.5128340069205,74.0
1790263497,50,,Aggregated,161.000000,0.000000,260,310,360,390,490,590,700,820,990,1100,1100,49876,0,180.0,196.62950251113855,2.0605830068234354,2222.5128340069205,74.0
1790263498,50,POST,POST /webhooks/im/messages,157.000000,0.000000,270,330,370,400,500,590,700,820,990,1100,1100,50020,0,180.0,196.99837552844033,2.0605830068234354,2222.5128340069205,74.0
1790263498,50,,Aggregated,157.000000,0.000000,270,330,370,400,500,590,700,820,990,1100,1100,50020,0,180.0,196.99837552844033,2.0605830068234354,2222.5128340069205,74.0
1790263499,50,POST,POST /webhooks/im/messages,159.700000,0.000000,280,330,360,400,500,590,710,830,990,1100,1100,50218,0,180.0,197.25246679156092,2.0605830068234354,2222.5128340069205,74.0
1790263499,50,,Aggregated,159.700000,0.000000,280,330,360,400,500,590,710,830,990,1100,1100,50218,0,180.0,197.25246679156092,2.0605830068234354,2222.5128340069205,74.0
1790263500,50,POST,POST /webhooks/im/messages,162.900000,0.000000,280,330,360,400,500,590,700,820,990,1100,1100,50454,0,180.0,197.25066171198822,2.0605830068234354,2222.5128340069205,74.0
1790263500,50,,Aggregated,162.900000,0.000000,280,330,360,400,500,590,700,820,990,1100,1100,50454,0,180.0,197.25066171198822,2.0605830068234354,2222.5128340069205,74.0
1790263501,50,POST,POST /webhooks/im/messages,162.400000,0.000000,270,310,350,390,490,580,700,820,990,1100,1100,50635,0,180.0,197.39747660287532,2.0605830068234354,2222.5128340069205,74.0
1790263501,50,,Aggregated,162.400000,0.000000,270,310,350,390,490,580,700,820,990,1100,1100,50635,0,180.0,197.39747660287532,2.0605830068234354,2222.5128340069205,74.0
1790263502,50,POST,POST /webhooks/im/messages,159.000000,0.000000,260,290,340,360,470,570,670,810,990,1100,1100,50853,0,180.0,197.49544177851055,2.0605830068234354,2222.5128340069205,74.0
1790263502,50,,Aggregated,159.000000,0.000000,260,290,340,360,470,570,670,810,990,1100,1100,50853,0,180.0,197.49544177851055,2.0605830068234354,2222.5128340069205,74.0
1790263503,50,POST,POST /webhooks/im/messages,158.900000,0.000000,250,280,330,350,450,570,670,800,990,1100,1100,51065,0,180.0,197.4004102049662,2.0605830068234354,2222.5128340069205,74.0
1790263503,50,,Aggregated,158.900000,0.000000,250,280,330,350,450,570,670,800,990,1100,1100,51065,0,180.0,197.4004102049662,2.0605830068234354,2222.5128340069205,74.0
1790263504,50,POST,POST /webhooks/im/messages,165.100000,0.000000,240,270,300,340,410,490,610,730,980,1100,1100,51262,0,180.0,197.4761202329337,2.0605830068234354,2222.5128340069205,74.0
1790263504,50,,Aggregated,165.100000,0.000000,240,270,300,340,410,490,610,730,980,1100,1100,51262,0,180.0,197.4761202329337,2.0605830068234354,2222.5128340069205,74.0
1790263505,50,POST,POST /webhooks/im/messages,172.200000,0.000000,240,270,300,330,390,440,570,630,980,1000,1000,51410,0,180.0,197.8613952584263,2.0605830068234354,2222.5128340069205,74.0
1790263505,50,,Aggregated,172.200000,0.000000,240,270,300,330,390,440,570,630,980,1000,1000,51410,0,180.0,197.8613952584263,2.0605830068234354,2222.5128340069205,74.0
1790263506,50,POST,POST /webhooks/im/messages,176.500000,0.000000,230,270,290,310,380,430,500,580,730,1000,1000,51589,0,180.0,198.00151018332627,2.0605830068234354,2222.5128340069205,74.0
1790263506,50,,Aggregated,176.500000,0.000000,230,270,290,310,380,430,500,580,730,1000,1000,51589,0,180.0,198.00151018332627,2.0605830068234354,2222.5128340069205,74.0
1790263507,50,POST,POST /webhooks/im/messages,180.200000,0.000000,230,260,280,300,380,430,500,540,770,1000,1000,51806,0,180.0,198.26868727216154,2.0605830068234354,2222.5128340069205,74.0
1790263507,50,,Aggregated,180.200000,0.000000,230,260,280,300,380,430,500,540,770,1000,1000,51806,0,180.0,198.26868727216154,2.0605830068234354,2222.5128340069205,74.0
1790263508,50,POST,POST /webhooks/im/messages,188.200000,0.000000,220,260,280,300,380,430,490,550,770,1000,1000,51965,0,180.0,198.46539731799396,2.0605830068234354,2222.5128340069205,74.0
1790263508,50,,Aggregated,188.200000,0.000000,220,260,280,300,380,430,490,550,770,1000,1000,51965,0,180.0,198.46539731799396,2.0605830068234354,2222.5128340069205,74.0
1790263509,50,POST,POST /webhooks/im/messages,190.300000,0.000000,210,250,280,300,380,430,500,550,770,1000,1000,52217,0,180.0,198.26426154519663,2.0605830068234354,2222.5128340069205,74.0
1790263509,50,,Aggregated,190.300000,0.000000,210,250,280,300,380,430,500,550,770,1000,1000,52217,0,180.0,198.26426154519663,2.0605830068234354,2222.5128340069205,74.0
1790263510,50,POST,POST /webhooks/im/messages,193.400000,0.000000,200,250,280,300,380,430,500,550,770,1000,1000,52436,0,180.0,198.2440367473579,2.0605830068234354,2222.5128340069205,74.0
1790263510,50,,Aggregated,193.400000,0.000000,200,250,280,300,380,430,500,550,770,1000,1000,52436,0,180.0,198.2440367473579,2.0605830068234354,2222.5128340069205,74.0
1790263511,50,POST,POST /webhooks/im/messages,196.500000,0.000000,200,250,280,300,380,430,490,550,770,1000,1000,52645,0,180.0,198.32651961224224,2.0605830068234354,2222.5128340069205,74.0
1790263511,50,,Aggregated,196.500000,0.000000,200,250,280,300,380,430,490,550,770,1000,1000,52645,0,180.0,198.32651961224224,2.0605830068234354,2222.5128340069205,74.0
1790263512,50,POST,POST /webhooks/im/messages,198.200000,0.000000,200,240,280,290,370,430,500,560,770,1000,1000,52874,0,180.0,198.2457375066278,2.0605830068234354,2222.5128340069205,74.0
1790263512,50,,Aggregated,198.200000,0.000000,200,240,280,290,370,430,500,560,770,1000,1000,52874,0,180.0,198.2457375066278,2.0605830068234354,2222.5128340069205,74.0
1790263513,50,POST,POST /webhooks/im/messages,197.800000,0.000000,200,240,270,290,370,420,490,560,770,1000,1000,53084,0,180.0,198.2539173532029,2.0605830068234354,2222.5128340069205,74.0
1790263513,50,,Aggregated,197.800000,0.000000,200,240,270,290,370,420,490,560,770,1000,1000,53084,0,180.0,198.2539173532029,2.0605830068234354,2222.5128340069205,74.0
1790263514,50,POST,POST /webhooks/im/messages,200.400000,0.000000,200,230,260,280,340,400,480,540,730,770,770,53318,0,180.0,198.27852225243788,2.0605830068234354,2222.5128340069205,74.0
1790263514,50,,Aggregated,200.400000,0.000000,200,230,260,280,340,400,480,540,730,770,770,53318,0,180.0,198.27852225243788,2.0605830068234354,2222.5128340069205,74.0
1790263515,50,POST,POST /webhooks/im/messages,200.300000,0.000000,190,220,240,260,330,390,440,520,680,770,770,53551,0,180.0,198.24721620775549,2.0605830068234354,2222.5128340069205,74.0
1790263515,50,,Aggregated,200.300000,0.000000,190,220,240,260,330,390,440,520,680,770,770,53551,0,180.0,198.24721620775549,2.0605830068234354,2222.5128340069205,74.0
1790263516,50,POST,POST /webhooks/im/messages,200.000000,0.000000,190,210,230,250,310,360,410,480,660,770,770,53792,0,180.0,198.10278242801064,2.0605830068234354,2222.5128340069205,74.0
1790263516,50,,Aggregated,200.000000,0.000000,190,210,230,250,310,360,410,480,660,770,770,53792,0,180.0,198.10278242801064,2.0605830068234354,2222.5128340069205,74.0
1790263517,50,POST,POST /webhooks/im/messages,207.900000,0.000000,180,210,230,240,300,340,400,450,620,680,680,54027,0,180.0,197.93023881926803,2.0605830068234354,2222.5128340069205,74.0
1790263517,50,,Aggregated,207.900000,0.000000,180,210,230,240,300,340,400,450,620,680,680,54027,0,180.0,197.93023881926803,2.0605830068234354,2222.5128340069205,74.0
1790263518,50,POST,POST /webhooks/im/messages,213.700000,0.000000,180,200,210,230,270,310,360,410,570,680,680,54253,0,180.0,197.73202261616208,2.0605830068234354,2222.5128340069205,74.0
1790263518,50,,Aggregated,213.700000,0.000000,180,200,210,230,270,310,360,410,570,680,680,54253,0,180.0,197.73202261616208,2.0605830068234354,2222.5128340069205,74.0
1790263519,50,POST,POST /webhooks/im/messages,219.600000,0.000000,180,200,210,230,270,310,360,410,570,680,680,54507,0,180.0,197.42195594950113,2.0605830068234354,2222.5128340069205,74.0
1790263519,50,,Aggregated,219.600000,0.000000,180,200,210,230,270,310,360,410,570,680,680,54507,0,180.0,197.42195594950113,2.0605830068234354,2222.5128340069205,74.0
1790263520,50,POST,POST /webhooks/im/messages,225.100000,0.000000,170,190,210,220,250,300,350,390,570,680,680,54763,0,180.0,197.0964466737476,2.0605830068234354,2222.5128340069205,74.0
1790263520,50,,Aggregated,225.100000,0.000000,170,190,210,220,250,300,350,390,570,680,680,54763,0,180.0,197.0964466737476,2.0605830068234354,2222.5128340069205,74.0
1790263521,50,POST,POST /webhooks/im/messages,230.000000,0.000000,170,200,210,230,270,320,370,420,600,680,680,54910,0,180.0,197.3329544181105,2.0605830068234354,2222.5128340069205,74.0
1790263521,50,,Aggregated,230.000000,0.000000,170,200,210,230,270,320,370,420,600,680,680,54910,0,180.0,197.3329544181105,2.0605830068234354,2222.5128340069205,74.0
1790263522,50,POST,POST /webhooks/im/messages,229.900000,0.000000,170,200,220,250,310,360,410,480,720,880,880,55039,0,180.0,197.6852383581179,2.0605830068234354,2222.5128340069205,74.0
1790263522,50,,Aggregated,229.900000,0.000000,170,200,220,250,310,360,410,480,720,880,880,55039,0,180.0,197.6852383581179,2.0605830068234354,2222.5128340069205,74.0
1790263523,50,POST,POST /webhooks/im/messages,229.800000,0.000000,170,210,240,260,310,370,430,480,720,880,880,55248,0,180.0,197.95543623011554,2.0605830068234354,2222.5128340069205,74.0
1790263523,50,,Aggregated,229.800000,0.000000,170,210,240,260,310,370,430,480,720,880,880,55248,0,180.0,197.95543623011554,2.0605830068234354,2222.5128340069205,74.0
1790263524,50,POST,POST /webhooks/im/messages,222.100000,0.000000,170,210,240,260,310,370,430,500,720,880,880,55494,0,180.0,197.87036906920216,2.0605830068234354,2222.5128340069205,74.0
1790263524,50,,Aggregated,222.100000,0.000000,170,210,240,260,310,370,430,500,720,880,880,55494,0,180.0,197.87036906920216,2.0605830068234354,2222.5128340069205,74.0
1790263525,50,POST,POST /webhooks/im/messages,214.600000,0.000000,180,210,240,260,320,370,430,500,720,880,880,55714,0,180.0,197.8716501457732,2.0605830068234354,2222.5128340069205,74.0
1790263525,50,,Aggregated,214.600000,0.000000,180,210,240,260,320,370,430,500,720,880,880,55714,0,180.0,197.8716501457732,2.0605830068234354,2222.5128340069205,74.0
1790263526,50,POST,POST /webhooks/im/messages,213.800000,0.000000,180,220,250,260,320,370,430,500,720,880,880,55922,0,180.0,197.82030720163036,2.0605830068234354,2222.5128340069205,74.0
1790263526,50,,Aggregated,213.800000,0.000000,180,220,250,260,320,370,430,500,720,880,880,55922,0,180.0,197.82030720163036,2.0605830068234354,2222.5128340069205,74.0
1790263527,50,POST,POST /webhooks/im/messages,217.400000,0.000000,180,220,250,270,320,380,450,500,720,880,880,56150,0,180.0,197.81475482194716,2.0605830068234354,2222.5128340069205,74.0
1790263527,50,,Aggregated,217.400000,0.000000,180,220,250,270,320,380,450,500,720,880,880,56150,0,180.0,197.81475482194716,2.0605830068234354,2222.5128340069205,74.0
1790263528,50,POST,POST /webhooks/im/messages,214.800000,0.000000,180,220,250,260,320,380,450,500,720,880,880,56397,0,180.0,197.4499555489866,2.0605830068234354,2222.5128340069205,74.0
1790263528,50,,Aggregated,214.800000,0.000000,180,220,250,260,320,380,450,500,720,880,880,56397,0,180.0,197.4499555489866,2.0605830068234354,2222.5128340069205,74.0
1790263529,50,POST,POST /webhooks/im/messages,212.800000,0.000000,190,230,260,280,340,380,460,500,730,880,880,56598,0,180.0,197.54688928676282,2.0605830068234354,2222.5128340069205,74.0
1790263529,50,,Aggregated,212.800000,0.000000,190,230,260,280,340,380,460,500,730,880,880,56598,0,180.0,197.54688928676282,2.0605830068234354,2222.5128340069205,74.0
1790263530,50,POST,POST /webhooks/im/messages,213.700000,0.000000,200,250,270,290,350,390,470,500,730,880,880,56777,0,180.0,197.76949005252519,2.0605830068234354,2222.5128340069205,74.0
1790263530,50,,Aggregated,213.700000,0.000000,200,250,270,290,350,390,470,500,730,880,880,56777,0,180.0,197.76949005252519,2.0605830068234354,2222.5128340069205,74.0
1790263531,50,POST,POST /webhooks/im/messages,208.500000,0.000000,200,240,260,270,340,380,440,480,720,880,880,56974,0,180.0,197.89872363682034,2.0605830068234354,2222.5128340069205,74.0
1790263531,50,,Aggregated,208.500000,0.000000,200,240,260,270,340,380,440,480,720,880,880,56974,0,180.0,197.89872363682034,2.0605830068234354,2222.5128340069205,74.0
1790263532,50,POST,POST /webhooks/im/messages,203.900000,0.000000,200,230,250,260,310,360,420,460,580,630,630,57173,0,180.0,198.03533819296212,2.0605830068234354,2222.5128340069205,74.0
1790263532,50,,Aggregated,203.900000,0.000000,200,230,250,260,310,360,420,460,580,630,630,57173,0,180.0,198.03533819296212,2.0605830068234354,2222.5128340069205,74.0
1790263533,50,POST,POST /webhooks/im/messages,203.800000,0.000000,190,230,250,270,310,360,420,460,570,630,630,57366,0,180.0,198.10868151283364,2.0605830068234354,2222.5128340069205,74.0
1790263533,50,,Aggregated,203.800000,0.000000,190,230,250,270,310,360,420,460,570,630,630,57366,0,180.0,198.10868151283364,2.0605830068234354,2222.5128340069205,74.0
1790263534,50,POST,POST /webhooks/im/messages,207.000000,0.000000,200,240,260,270,320,370,430,470,570,630,630,57611,0,180.0,198.1485012998253,2.0605830068234354,2222.5128340069205,74.0
1790263534,50,,Aggregated,207.000000,0.000000,200,240,260,270,320,370,430,470,570,630,630,57611,0,180.0,198.1485012998253,2.0605830068234354,2222.5128340069205,74.0
1790263535,50,POST,POST /webhooks/im/messages,211.800000,0.000000,200,240,250,270,310,360,420,470,570,630,630,57837,0,180.0,198.0099853688172,2.0605830068234354,2222.5128340069205,74.0
1790263535,50,,Aggregated,211.800000,0.000000,200,240,250,270,310,360,420,470,570,630,630,57837,0,180.0,198.0099853688172,2.0605830068234354,2222.5128340069205,74.0
1790263536,50,POST,POST /webhooks/im/messages,212.700000,0.000000,190,230,250,260,310,360,410,460,570,630,630,58042,0,180.0,197.8807910542568,2.0605830068234354,2222.5128340069205,74.0
1790263536,50,,Aggregated,212.700000,0.000000,190,230,250,260,310,360,410,460,570,630,630,58042,0,180.0,197.8807910542568,2.0605830068234354,2222.5128340069205,74.0
1790263537,50,POST,POST /webhooks/im/messages,212.600000,0.000000,200,240,250,270,330,370,420,480,590,630,630,58265,0,180.0,198.0314985451329,2.0605830068234354,2222.5128340069205,74.0
1790263537,50,,Aggregated,212.600000,0.000000,200,240,250,270,330,370,420,480,590,630,630,58265,0,180.0,198.0314985451329,2.0605830068234354,2222.5128340069205,74.0
1790263538,50,POST,POST /webhooks/im/messages,213.300000,0.000000,210,240,260,280,330,380,440,490,590,630,630,58439,0,180.0,198.24479885795515,2.0605830068234354,2222.5128340069205,74.0
1790263538,50,,Aggregated,213.300000,0.000000,210,240,260,280,330,380,440,490,590,630,630,58439,0,180.0,198.24479885795515,2.0605830068234354,2222.5128340069205,74.0
1790263539,50,POST,POST /webhooks/im/messages,210.700000,0.000000,220,250,270,290,340,380,450,500,640,700,700,58637,0,180.0,198.4304804343683,2.0605830068234354,2222.5128340069205,74.0
1790263539,50,,Aggregated,210.700000,0.000000,220,250,270,290,340,380,450,500,640,700,700,58637,0,180.0,198.4304804343683,2.0605830068234354,2222.5128340069205,74.0
1790263540,50,POST,POST /webhooks/im/messages,204.500000,0.000000,210,250,270,280,330,380,440,500,640,700,700,58833,0,180.0,198.51955850975068,2.0605830068234354,2222.5128340069205,74.0
1790263540,50,,Aggregated,204.500000,0.000000,210,250,270,280,330,380,440,500,640,700,700,58833,0,180.0,198.51955850975068,2.0605830068234354,2222.5128340069205,74.0
1790263541,50,POST,POST /webhooks/im/messages,202.600000,0.000000,210,250,270,280,340,390,470,510,650,700,700,59010,0,180.0,198.72056881389432,2.0605830068234354,2222.5128340069205,74.0
1790263541,50,,Aggregated,202.600000,0.000000,210,250,270,280,340,390,470,510,650,700,700,59010,0,180.0,198.72056881389432,2.0605830068234354,2222.5128340069205,74.0
1790263542,50,POST,POST /webhooks/im/messages,204.100000,0.000000,210,250,280,300,350,390,470,510,700,840,840,59173,0,180.0,198.94270420047727,2.0605830068234354,2222.5128340069205,74.0
1790263542,50,,Aggregated,204.100000,0.000000,210,250,280,300,350,390,470,510,700,840,840,59173,0,180.0,198.94270420047727,2.0605830068234354,2222.5128340069205,74.0
1790263543,50,POST,POST /webhooks/im/messages,201.500000,0.000000,220,250,280,310,350,400,470,530,700,840,840,59360,0,180.0,199.14122841640437,2.0605830068234354,2222.5128340069205,74.0
1790263543,50,,Aggregated,201.500000,0.000000,220,250,280,310,350,400,470,530,700,840,840,59360,0,180.0,199.14122841640437,2.0605830068234354,2222.5128340069205,74.0
1790263544,50,POST,POST /webhooks/im/messages,202.300000,0.000000,220,260,290,310,350,400,480,540,700,840,840,59600,0,180.0,199.1555774495401,2.0605830068234354,2222.5128340069205,74.0
1790263544,50,,Aggregated,202.300000,0.000000,220,260,290,310,350,400,480,540,700,840,840,59600,0,180.0,199.1555774495401,2.0605830068234354,2222.5128340069205,74.0
1790263545,50,POST,POST /webhooks/im/messages,200.200000,0.000000,210,250,280,300,350,400,470,530,700,840,840,59883,0,180.0,198.76354714420646,2.0605830068234354,2222.5128340069205,74.0
1790263545,50,,Aggregated,200.200000,0.000000,210,250,280,300,350,400,470,530,700,840,840,59883,0,180.0,198.76354714420646,2.0605830068234354,2222.5128340069205,74.0
1790263546,50,POST,POST /webhooks/im/messages,197.700000,0.000000,210,260,280,300,350,400,470,540,700,840,840,60015,0,180.0,198.77928080717314,2.0605830068234354,2222.5128340069205,74.0
1790263546,50,,Aggregated,197.700000,0.000000,210,260,280,300,350,400,470,540,700,840,840,60015,0,180.0,198.77928080717314,2.0605830068234354,2222.5128340069205,74.0
1790263547,50,POST,POST /webhooks/im/messages,198.600000,0.000000,220,260,290,310,360,420,510,570,830,840,840,60217,0,180.0,199.01703063316805,2.0605830068234354,2222.5128340069205,74.0
1790263547,50,,Aggregated,198.600000,0.000000,220,260,290,310,360,420,510,570,830,840,840,60217,0,180.0,199.01703063316805,2.0605830068234354,2222.5128340069205,74.0
1790263548,50,POST,POST /webhooks/im/messages,199.600000,0.000000,220,250,280,310,370,420,520,570,830,840,840,60389,0,180.0,199.21635506834744,2.0605830068234354,2222.5128340069205,74.0
1790263548,50,,Aggregated,199.600000,0.000000,220,250,280,310,370,420,520,570,830,840,840,60389,0,180.0,199.21635506834744,2.0605830068234354,2222.5128340069205,74.0
