Timestamp,User Count,Type,Name,Requests/s,Failures/s,50%,66%,75%,80%,90%,95%,98%,99%,99.9%,99.99%,100%,Total Request Count,Total Failure Count,Total Median Response Time,Total Average Response Time,Total Min Response Time,Total Max Response Time,Total Average Content Size
1790260266,0,,Aggregated,0.000000,0.000000,N/A,N/A,N/A,N/A,N/A,N/A,N/A,N/A,N/A,N/A,N/A,0,0,0,0.0,0,0,0
1790260267,40,POST,POST /webhooks/im/messages,0.000000,0.000000,0,0,0,0,0,0,0,0,0,0,0,116,0,170.0,233.89825336298912,6.523082993226126,480.68191700440366,74.0
1790260267,40,,Aggregated,0.000000,0.000000,0,0,0,0,0,0,0,0,0,0,0,116,0,170.0,233.89825336298912,6.523082993226126,480.68191700440366,74.0
1790260268,40,POST,POST /webhooks/im/messages,0.000000,0.000000,220,260,300,310,440,470,470,480,500,500,500,272,0,220.0,233.24112726143485,6.523082993226126,504.6649159921799,74.0
1790260268,40,,Aggregated,0.000000,0.000000,220,260,300,310,440,470,470,480,500,500,500,272,0,220.0,233.24112726143485,6.523082993226126,504.6649159921799,74.0
1790260269,40,POST,POST /webhooks/im/messages,4.000000,0.000000,250,270,290,300,420,460,470,480,560,560,560,402,0,250.0,246.0344934751904,6.523082993226126,563.4280419908464,74.0
1790260269,40,,Aggregated,4.000000,0.000000,250,270,290,300,420,460,470,480,560,560,560,402,0,250.0,246.0344934751904,6.523082993226126,563.4280419908464,74.0
1790260270,40,POST,POST /webhooks/im/messages,97.000000,0.000000,220,270,290,310,460,560,610,660,780,780,780,579,0,220.0,238.43474680317476,6.523082993226126,780.4873749992112,74.0
1790260270,40,,Aggregated,97.000000,0.000000,220,270,290,310,460,560,610,660,780,780,780,579,0,220.0,238.43474680317476,6.523082993226126,780.4873749992112,74.0
1790260271,40,POST,POST /webhooks/im/messages,110.333333,0.000000,200,250,280,300,440,540,610,630,780,780,780,722,0,200.0,225.73752283954937,6.523082993226126,780.4873749992112,74.0
1790260271,40,,Aggregated,110.333333,0.000000,200,250,280,300,440,540,610,630,780,780,780,722,0,200.0,225.73752283954937,6.523082993226126,780.4873749992112,74.0
1790260272,40,POST,POST /webhooks/im/messages,111.500000,0.000000,170,240,280,290,420,480,610,660,780,780,780,938,14,170.0,203.2028943275146,1.5903330058790743,780.4873749992112,73.05223880597015
1790260272,40,,Aggregated,111.500000,0.000000,170,240,280,290,420,480,610,660,780,780,780,938,14,170.0,203.2028943275146,1.5903330058790743,780.4873749992112,73.05223880597015
1790260273,40,POST,POST /webhooks/im/messages,131.600000,0.000000,150,240,270,290,440,500,600,640,720,780,780,1045,14,150.0,195.46950236666095,1.5903330058790743,780.4873749992112,73.14928229665072
1790260273,40,,Aggregated,131.600000,0.000000,150,240,270,290,440,500,600,640,720,780,780,1045,14,150.0,195.46950236666095,1.5903330058790743,780.4873749992112,73.14928229665072
1790260274,40,POST,POST /webhooks/im/messages,136.166667,2.333333,140,220,270,290,440,530,580,630,720,780,780,1218,14,140.0,188.6515965263649,1.5903330058790743,780.4873749992112,73.27011494252874
1790260274,40,,Aggregated,136.166667,2.333333,140,220,270,290,440,530,580,630,720,780,780,1218,14,140.0,188.6515965263649,1.5903330058790743,780.4873749992112,73.27011494252874
1790260275,40,POST,POST /webhooks/im/messages,145.428571,2.000000,140,220,270,290,430,520,590,630,720,780,780,1387,14,140.0,187.81057609380818,1.5903330058790743,780.4873749992112,73.35904830569575
1790260275,40,,Aggregated,145.428571,2.000000,140,220,270,290,430,520,590,630,720,780,780,1387,14,140.0,187.81057609380818,1.5903330058790743,780.4873749992112,73.35904830569575
1790260276,40,POST,POST /webhooks/im/messages,145.625000,1.750000,140,210,260,290,410,500,580,620,720,780,780,1592,14,140.0,183.99780559566216,1.5903330058790743,780.4873749992112,73.44158291457286
1790260276,40,,Aggregated,145.625000,1.750000,140,210,260,290,410,500,580,620,720,780,780,1592,14,140.0,183.99780559566216,1.5903330058790743,780.4873749992112,73.44158291457286
1790260277,40,POST,POST /webhooks/im/messages,140.666667,1.555556,120,190,240,270,360,500,580,620,720,780,780,1735,14,120.0,174.58448228142788,1.5903330058790743,780.4873749992112,73.48760806916427
1790260277,40,,Aggregated,140.666667,1.555556,120,190,240,270,360,500,580,620,720,780,780,1735,14,120.0,174.58448228142788,1.5903330058790743,780.4873749992112,73.48760806916427
1790260278,40,POST,POST /webhooks/im/messages,144.300000,1.400000,100,140,200,240,360,500,580,620,720,780,780,1945,14,120.0,168.6137637173593,1.5903330058790743,780.4873749992112,73.54293059125963
1790260278,40,,Aggregated,144.300000,1.400000,100,140,200,240,360,500,580,620,720,780,780,1945,14,120.0,168.6137637173593,1.5903330058790743,780.4873749992112,73.54293059125963
1790260279,40,POST,POST /webhooks/im/messages,165.200000,1.400000,84,110,150,180,330,410,520,580,670,720,720,2164,14,110.0,156.87433799594447,1.5903330058790743,780.4873749992112,73.58918669131238
1790260279,40,,Aggregated,165.200000,1.400000,84,110,150,180,330,410,520,580,670,720,720,2164,14,110.0,156.87433799594447,1.5903330058790743,780.4873749992112,73.58918669131238
1790260280,40,POST,POST /webhooks/im/messages,163.800000,1.400000,70,110,130,180,330,410,510,570,670,670,670,2336,14,100.0,150.28126177659246,1.5903330058790743,780.4873749992112,73.61943493150685
1790260280,40,,Aggregated,163.800000,1.400000,70,110,130,180,330,410,510,570,670,670,670,2336,14,100.0,150.28126177659246,1.5903330058790743,780.4873749992112,73.61943493150685
1790260281,40,POST,POST /webhooks/im/messages,170.600000,1.400000,66,100,110,140,320,400,500,550,630,640,640,2537,14,100.0,149.07506086098206,1.5903330058790743,780.4873749992112,73.6495861253449
1790260281,40,,Aggregated,170.600000,1.400000,66,100,110,140,320,400,500,550,630,640,640,2537,14,100.0,149.07506086098206,1.5903330058790743,780.4873749992112,73.6495861253449
1790260282,40,POST,POST /webhooks/im/messages,177.800000,1.400000,79,110,140,170,330,400,500,550,630,640,640,2713,14,100.0,148.2869640281478,1.5903330058790743,780.4873749992112,73.6723184666421
1790260282,40,,Aggregated,177.800000,1.400000,79,110,140,170,330,400,500,550,630,640,640,2713,14,100.0,148.2869640281478,1.5903330058790743,780.4873749992112,73.6723184666421
1790260283,40,POST,POST /webhooks/im/messages,173.800000,1.400000,73,110,130,170,310,370,420,450,610,630,630,2897,14,100.0,146.2964419231761,1.5903330058790743,780.4873749992112,73.69313082499137
1790260283,40,,Aggregated,173.800000,1.400000,73,110,130,170,310,370,420,450,610,630,630,2897,14,100.0,146.2964419231761,1.5903330058790743,780.4873749992112,73.69313082499137
1790260284,40,POST,POST /webhooks/im/messages,175.000000,0.000000,62,95,110,140,240,340,390,420,460,520,520,3097,14,92,139.03972456132252,1.5903330058790743,780.4873749992112,73.7129480142073
1790260284,40,,Aggregated,175.000000,0.000000,62,95,110,140,240,340,390,420,460,520,520,3097,14,92,139.03972456132252,1.5903330058790743,780.4873749992112,73.7129480142073
1790260285,40,POST,POST /webhooks/im/messages,175.500000,0.000000,56,81,100,110,180,310,390,420,460,460,460,3297,14,83,132.03471180237275,1.5903330058790743,780.4873749992112,73.73036093418258
1790260285,40,,Aggregated,175.500000,0.000000,56,81,100,110,180,310,390,420,460,460,460,3297,14,83,132.03471180237275,1.5903330058790743,780.4873749992112,73.73036093418258
1790260286,40,POST,POST /webhooks/im/messages,180.800000,0.000000,50,67,92,110,170,300,380,410,450,450,450,3497,14,74,125.88118743074277,1.5903330058790743,780.4873749992112,73.74578209894194
1790260286,40,,Aggregated,180.800000,0.000000,50,67,92,110,170,300,380,410,450,450,450,3497,14,74,125.88118743074277,1.5903330058790743,780.4873749992112,73.74578209894194
1790260287,40,POST,POST /webhooks/im/messages,191.100000,0.000000,44,56,77,94,140,240,360,390,450,450,450,3697,14,66,120.47770109392047,1.5903330058790743,780.4873749992112,73.75953475791182
1790260287,40,,Aggregated,191.100000,0.000000,44,56,77,94,140,240,360,390,450,450,450,3697,14,66,120.47770109392047,1.5903330058790743,780.4873749992112,73.75953475791182
1790260288,40,POST,POST /webhooks/im/messages,193.400000,0.000000,42,52,62,84,140,250,360,390,450,450,450,3897,14,62,116.22043141886783,1.5903330058790743,780.4873749992112,73.7718758018989
1790260288,40,,Aggregated,193.400000,0.000000,42,52,62,84,140,250,360,390,450,450,450,3897,14,62,116.22043141886783,1.5903330058790743,780.4873749992112,73.7718758018989
1790260289,40,POST,POST /webhooks/im/messages,192.100000,0.000000,36,50,59,82,140,240,360,390,450,450,450,4101,14,58,111.59714039098208,1.5903330058790743,780.4873749992112,73.78322360399902
1790260289,40,,Aggregated,192.100000,0.000000,36,50,59,82,140,240,360,390,450,450,450,4101,14,58,111.59714039098208,1.5903330058790743,780.4873749992112,73.78322360399902
1790260290,40,POST,POST /webhooks/im/messages,194.500000,0.000000,30,45,51,56,120,170,280,330,410,430,430,4297,14,55,107.42592850255924,1.5903330058790743,780.4873749992112,73.79311147312079
1790260290,40,,Aggregated,194.500000,0.000000,30,45,51,56,120,170,280,330,410,430,430,4297,14,55,107.42592850255924,1.5903330058790743,780.4873749992112,73.79311147312079
1790260291,40,POST,POST /webhooks/im/messages,194.000000,0.000000,28,42,50,53,92,160,250,330,410,430,430,4497,14,54,104.78087164295313,1.5903330058790743,780.4873749992112,73.80231265287969
1790260291,40,,Aggregated,194.000000,0.000000,28,42,50,53,92,160,250,330,410,430,430,4497,14,54,104.78087164295313,1.5903330058790743,780.4873749992112,73.80231265287969
1790260292,40,POST,POST /webhooks/im/messages,195.300000,0.000000,26,36,46,50,62,110,190,300,410,430,430,4697,14,53,101.69187621232332,1.5903330058790743,780.4873749992112,73.8107302533532
1790260292,40,,Aggregated,195.300000,0.000000,26,36,46,50,62,110,190,300,410,430,430,4697,14,53,101.69187621232332,1.5903330058790743,780.4873749992112,73.8107302533532
1790260293,40,POST,POST /webhooks/im/messages,198.100000,0.000000,23,31,39,44,54,65,100,120,160,160,160,4914,121,51,97.83940798173774,0.7426669908454642,780.4873749992112,73.79731379731379
1790260293,40,,Aggregated,198.100000,0.000000,23,31,39,44,54,65,100,120,160,160,160,4914,121,51,97.83940798173774,0.7426669908454642,780.4873749992112,73.79731379731379
1790260294,40,POST,POST /webhooks/im/messages,201.000000,0.000000,20,28,36,42,53,63,99,120,160,160,160,5114,321,49,94.12484299632352,0.7426669908454642,780.4873749992112,73.76613218615564
1790260294,40,,Aggregated,201.000000,0.000000,20,28,36,42,53,63,99,120,160,160,160,5114,321,49,94.12484299632352,0.7426669908454642,780.4873749992112,73.76613218615564
1790260295,40,POST,POST /webhooks/im/messages,200.400000,0.100000,17,26,32,39,52,61,99,120,160,160,160,5314,521,47,90.73241857887794,0.6249590078368783,780.4873749992112,73.73729770417765
1790260295,40,,Aggregated,200.400000,0.100000,17,26,32,39,52,61,99,120,160,160,160,5314,521,47,90.73241857887794,0.6249590078368783,780.4873749992112,73.73729770417765
1790260296,40,POST,POST /webhooks/im/messages,200.400000,17.000000,13,24,30,37,52,60,99,120,160,160,160,5514,721,45,87.62429214257386,0.6249590078368783,780.4873749992112,73.71055495103373
1790260296,40,,Aggregated,200.400000,17.000000,13,24,30,37,52,60,99,120,160,160,160,5514,721,45,87.62429214257386,0.6249590078368783,780.4873749992112,73.71055495103373
1790260297,40,POST,POST /webhooks/im/messages,200.000000,37.000000,9,18,26,30,49,56,81,110,160,160,160,5714,921,42,84.66770562881592,0.6249590078368783,780.4873749992112,73.6856842842142
1790260297,40,,Aggregated,200.000000,37.000000,9,18,26,30,49,56,81,110,160,160,160,5714,921,42,84.66770562881592,0.6249590078368783,780.4873749992112,73.6856842842142
1790260298,40,POST,POST /webhooks/im/messages,200.000000,57.000000,5,13,22,27,45,55,81,110,160,160,160,5914,1121,40,81.87200447987037,0.5612910026684403,780.4873749992112,73.66249577274264
1790260298,40,,Aggregated,200.000000,57.000000,5,13,22,27,45,55,81,110,160,160,160,5914,1121,40,81.87200447987037,0.5612910026684403,780.4873749992112,73.66249577274264
1790260299,40,POST,POST /webhooks/im/messages,200.000000,77.000000,3,8,17,24,43,55,81,110,160,160,160,6114,1321,37,79.3177952216352,0.5612910026684403,780.4873749992112,73.64082433758587
1790260299,40,,Aggregated,200.000000,77.000000,3,8,17,24,43,55,81,110,160,160,160,6114,1321,37,79.3177952216352,0.5612910026684403,780.4873749992112,73.64082433758587
1790260300,40,POST,POST /webhooks/im/messages,200.000000,97.000000,3,5,8,14,34,53,81,110,160,160,160,6314,1521,35,76.88848379125999,0.5612910026684403,780.4873749992112,73.62052581564777
1790260300,40,,Aggregated,200.000000,97.000000,3,5,8,14,34,53,81,110,160,160,160,6314,1521,35,76.88848379125999,0.5612910026684403,780.4873749992112,73.62052581564777
1790260301,40,POST,POST /webhooks/im/messages,200.000000,117.000000,2,3,5,6,16,34,52,60,70,73,73,6514,1721,33,74.6537376203516,0.5612910026684403,780.4873749992112,73.60147374884863
1790260301,40,,Aggregated,200.000000,117.000000,2,3,5,6,16,34,52,60,70,73,73,6514,1721,33,74.6537376203516,0.5612910026684403,780.4873749992112,73.60147374884863
1790260302,40,POST,POST /webhooks/im/messages,200.000000,137.000000,2,3,3,4,6,10,20,44,95,100,100,6705,1912,31,72.68863697193815,0.5612910026684403,780.4873749992112,73.58434004474273
1790260302,40,,Aggregated,200.000000,137.000000,2,3,3,4,6,10,20,44,95,100,100,6705,1912,31,72.68863697193815,0.5612910026684403,780.4873749992112,73.58434004474273
1790260303,40,POST,POST /webhooks/im/messages,200.000000,157.000000,2,3,3,4,7,14,67,82,200,200,200,6931,2138,30,70.91514950192924,0.5612910026684403,780.4873749992112,73.56528639445968
1790260303,40,,Aggregated,200.000000,157.000000,2,3,3,4,7,14,67,82,200,200,200,6931,2138,30,70.91514950192924,0.5612910026684403,780.4873749992112,73.56528639445968
1790260304,40,POST,POST /webhooks/im/messages,200.000000,177.000000,2,3,3,4,7,14,67,82,200,200,200,7131,2338,28,69.00108186466663,0.5612910026684403,780.4873749992112,73.54943205721497
1790260304,40,,Aggregated,200.000000,177.000000,2,3,3,4,7,14,67,82,200,200,200,7131,2338,28,69.00108186466663,0.5612910026684403,780.4873749992112,73.54943205721497
1790260305,40,POST,POST /webhooks/im/messages,200.000000,196.900000,2,2,3,4,6,12,66,82,200,200,200,7331,2538,26,67.18059406846203,0.5612910026684403,780.4873749992112,73.5344427772473
1790260305,40,,Aggregated,200.000000,196.900000,2,2,3,4,6,12,66,82,200,200,200,7331,2538,26,67.18059406846203,0.5612910026684403,780.4873749992112,73.5344427772473
1790260306,40,POST,POST /webhooks/im/messages,200.000000,200.000000,2,2,3,4,6,12,66,82,200,200,200,7532,2739,24,65.47912425356766,0.5612910026684403,780.4873749992112,73.52018056293149
1790260306,40,,Aggregated,200.000000,200.000000,2,2,3,4,6,12,66,82,200,200,200,7532,2739,24,65.47912425356766,0.5612910026684403,780.4873749992112,73.52018056293149
1790260307,40,POST,POST /webhooks/im/messages,200.000000,200.000000,2,2,3,3,5,11,66,82,200,200,200,7735,2942,23,63.82544482379755,0.5612910026684403,780.4873749992112,73.5065287653523
1790260307,40,,Aggregated,200.000000,200.000000,2,2,3,3,5,11,66,82,200,200,200,7735,2942,23,63.82544482379755,0.5612910026684403,780.4873749992112,73.5065287653523
1790260308,40,POST,POST /webhooks/im/messages,200.000000,200.000000,2,2,3,3,6,11,66,82,200,200,200,7937,3144,21,62.2735100840342,0.5612910026684403,780.4873749992112,73.49363739448154
1790260308,40,,Aggregated,200.000000,200.000000,2,2,3,3,6,11,66,82,200,200,200,7937,3144,21,62.2735100840342,0.5612910026684403,780.4873749992112,73.49363739448154
1790260309,40,POST,POST /webhooks/im/messages,200.000000,200.000000,2,2,3,3,5,9,67,82,200,200,200,8120,3327,19,60.93488337401902,0.5612910026684403,780.4873749992112,73.48251231527094
1790260309,40,,Aggregated,200.000000,200.000000,2,2,3,3,5,9,67,82,200,200,200,8120,3327,19,60.93488337401902,0.5612910026684403,780.4873749992112,73.48251231527094
1790260310,40,POST,POST /webhooks/im/messages,200.000000,200.000000,2,2,3,3,6,10,67,82,200,200,200,8337,3544,18,59.485128027364986,0.5612910026684403,780.4873749992112,73.46995322058294
1790260310,40,,Aggregated,200.000000,200.000000,2,2,3,3,6,10,67,82,200,200,200,8337,3544,18,59.485128027364986,0.5612910026684403,780.4873749992112,73.46995322058294
1790260311,40,POST,POST /webhooks/im/messages,200.000000,200.000000,2,2,3,3,6,12,67,82,200,200,200,8537,3744,16,58.16939057305231,0.5612910026684403,780.4873749992112,73.45894342274804
1790260311,40,,Aggregated,200.000000,200.000000,2,2,3,3,6,12,67,82,200,200,200,8537,3744,16,58.16939057305231,0.5612910026684403,780.4873749992112,73.45894342274804
1790260312,40,POST,POST /webhooks/im/messages,200.000000,200.000000,2,2,3,3,5,7,15,26,73,75,75,8737,3944,14,56.8856614096524,0.5612910026684403,780.4873749992112,73.44843767883712
1790260312,40,,Aggregated,200.000000,200.000000,2,2,3,3,5,7,15,26,73,75,75,8737,3944,14,56.8856614096524,0.5612910026684403,780.4873749992112,73.44843767883712
1790260313,40,POST,POST /webhooks/im/messages,200.000000,200.000000,2,2,3,3,4,7,15,26,73,75,75,8937,4144,12,55.66610519269095,0.5612910026684403,780.4873749992112,73.43840214837194
1790260313,40,,Aggregated,200.000000,200.000000,2,2,3,3,4,7,15,26,73,75,75,8937,4144,12,55.66610519269095,0.5612910026684403,780.4873749992112,73.43840214837194
1790260314,40,POST,POST /webhooks/im/messages,200.000000,200.000000,2,2,3,3,4,6,11,26,73,75,75,9137,4344,11,54.49010124352563,0.5612910026684403,780.4873749992112,73.42880595381416
1790260314,40,,Aggregated,200.000000,200.000000,2,2,3,3,4,6,11,26,73,75,75,9137,4344,11,54.49010124352563,0.5612910026684403,780.4873749992112,73.42880595381416
1790260315,40,POST,POST /webhooks/im/messages,200.000000,200.000000,2,2,3,3,5,7,18,28,73,75,75,9337,4544,10,53.44469553336341,0.5612910026684403,780.4873749992112,73.4196208632323
1790260315,40,,Aggregated,200.000000,200.000000,2,2,3,3,5,7,18,28,73,75,75,9337,4544,10,53.44469553336341,0.5612910026684403,780.4873749992112,73.4196208632323
1790260316,40,POST,POST /webhooks/im/messages,200.000000,200.000000,2,2,3,3,4,7,18,28,73,75,75,9537,4744,9,52.36954169980043,0.5612910026684403,780.4873749992112,73.41082101289713
1790260316,40,,Aggregated,200.000000,200.000000,2,2,3,3,4,7,18,28,73,75,75,9537,4744,9,52.36954169980043,0.5612910026684403,780.4873749992112,73.41082101289713
1790260317,40,POST,POST /webhooks/im/messages,200.000000,200.000000,2,2,3,3,5,8,25,59,81,81,81,9737,4944,8,51.445756767901685,0.5612910026684403,780.4873749992112,73.4023826640649
1790260317,40,,Aggregated,200.000000,200.000000,2,2,3,3,5,8,25,59,81,81,81,9737,4944,8,51.445756767901685,0.5612910026684403,780.4873749992112,73.4023826640649
1790260318,40,POST,POST /webhooks/im/messages,200.000000,200.000000,2,2,3,3,4,7,25,59,81,81,81,9937,5144,7,50.44823031157711,0.5612910026684403,780.4873749992112,73.39428398913152
1790260318,40,,Aggregated,200.000000,200.000000,2,2,3,3,4,7,25,59,81,81,81,9937,5144,7,50.44823031157711,0.5612910026684403,780.4873749992112,73.39428398913152
1790260319,40,POST,POST /webhooks/im/messages,200.000000,200.000000,2,2,3,3,4,7,18,43,81,81,81,10137,5344,6,49.49666110368168,0.5612910026684403,780.4873749992112,73.38650488310151
1790260319,40,,Aggregated,200.000000,200.000000,2,2,3,3,4,7,18,43,81,81,81,10137,5344,6,49.49666110368168,0.5612910026684403,780.4873749992112,73.38650488310151
1790260320,40,POST,POST /webhooks/im/messages,200.000000,200.000000,2,2,3,3,6,17,65,85,180,180,180,10301,5384,6,49.12363441461181,0.5612910026684403,780.4873749992112,73.39238908843802
1790260320,40,,Aggregated,200.000000,200.000000,2,2,3,3,6,17,65,85,180,180,180,10301,5384,6,49.12363441461181,0.5612910026684403,780.4873749992112,73.39238908843802
1790260321,40,POST,POST /webhooks/im/messages,200.000000,200.000000,2,3,4,5,64,140,260,340,560,620,620,10480,5384,7,51.358790513253176,0.5612910026684403,780.4873749992112,73.40276717557252
1790260321,40,,Aggregated,200.000000,200.000000,2,3,4,5,64,140,260,340,560,620,620,10480,5384,7,51.358790513253176,0.5612910026684403,780.4873749992112,73.40276717557252
1790260322,40,POST,POST /webhooks/im/messages,200.000000,200.000000,2,4,8,29,180,260,340,450,560,620,620,10630,5384,8,54.036156739026566,0.5612910026684403,780.4873749992112,73.41119473189087
1790260322,40,,Aggregated,200.000000,200.000000,2,4,8,29,180,260,340,450,560,620,620,10630,5384,8,54.036156739026566,0.5612910026684403,780.4873749992112,73.41119473189087
1790260323,40,POST,POST /webhooks/im/messages,194.200000,180.000000,3,10,98,150,230,280,350,470,560,620,620,10795,5384,9,56.56352721860461,0.5612910026684403,780.4873749992112,73.42019453450672
1790260323,40,,Aggregated,194.200000,180.000000,3,10,98,150,230,280,350,470,560,620,620,10795,5384,9,56.56352721860461,0.5612910026684403,780.4873749992112,73.42019453450672
1790260324,40,POST,POST /webhooks/im/messages,191.900000,160.000000,4,110,160,190,270,320,380,500,610,620,620,10965,5384,9,59.194196820328585,0.5612910026684403,780.4873749992112,73.42918376652987
1790260324,40,,Aggregated,191.900000,160.000000,4,110,160,190,270,320,380,500,610,620,620,10965,5384,9,59.194196820328585,0.5612910026684403,780.4873749992112,73.42918376652987
1790260325,40,POST,POST /webhooks/im/messages,188.100000,140.000000,17,130,170,190,270,320,390,500,610,620,620,11126,5384,11,59.60196973105815,0.5612910026684403,780.4873749992112,73.43744382527413
1790260325,40,,Aggregated,188.100000,140.000000,17,130,170,190,270,320,390,500,610,620,620,11126,5384,11,59.60196973105815,0.5612910026684403,780.4873749992112,73.43744382527413
1790260326,40,POST,POST /webhooks/im/messages,187.600000,120.000000,46,140,180,200,280,340,440,500,610,620,620,11359,5384,12,60.28926974316964,0.5612910026684403,780.4873749992112,73.44898318513954
1790260326,40,,Aggregated,187.600000,120.000000,46,140,180,200,280,340,440,500,610,620,620,11359,5384,12,60.28926974316964,0.5612910026684403,780.4873749992112,73.44898318513954
1790260327,40,POST,POST /webhooks/im/messages,184.000000,100.000000,65,140,180,200,280,340,440,500,610,620,620,11556,5384,12,60.10087667459716,0.5612910026684403,780.4873749992112,73.45837660089997
1790260327,40,,Aggregated,184.000000,100.000000,65,140,180,200,280,340,440,500,610,620,620,11556,5384,12,60.10087667459716,0.5612910026684403,780.4873749992112,73.45837660089997
1790260328,40,POST,POST /webhooks/im/messages,178.500000,80.000000,81,150,190,210,280,340,450,500,610,620,620,11671,5384,13,60.09806435650658,0.5612910026684403,780.4873749992112,73.46371347785109
1790260328,40,,Aggregated,178.500000,80.000000,81,150,190,210,280,340,450,500,610,620,620,11671,5384,13,60.09806435650658,0.5612910026684403,780.4873749992112,73.46371347785109
1790260329,40,POST,POST /webhooks/im/messages,181.700000,60.000000,110,170,210,240,310,390,510,560,630,650,650,11845,5384,14,62.42585461492117,0.5612910026684403,780.4873749992112,73.47159138877163
1790260329,40,,Aggregated,181.700000,60.000000,110,170,210,240,310,390,510,560,630,650,650,11845,5384,14,62.42585461492117,0.5612910026684403,780.4873749992112,73.47159138877163
1790260330,40,POST,POST /webhooks/im/messages,181.500000,40.000000,140,190,230,250,320,390,510,560,630,650,650,12027,5384,15,65.1293532621471,0.5612910026684403,780.4873749992112,73.47958759457886
1790260330,40,,Aggregated,181.500000,40.000000,140,190,230,250,320,390,510,560,630,650,650,12027,5384,15,65.1293532621471,0.5612910026684403,780.4873749992112,73.47958759457886
1790260331,40,POST,POST /webhooks/im/messages,172.100000,20.000000,130,190,220,250,300,380,490,540,630,650,650,12218,5384,17,66.10380902798141,0.5612910026684403,780.4873749992112,73.48772303159274
1790260331,40,,Aggregated,172.100000,20.000000,130,190,220,250,300,380,490,540,630,650,650,12218,5384,17,66.10380902798141,0.5612910026684403,780.4873749992112,73.48772303159274
1790260332,40,POST,POST /webhooks/im/messages,167.600000,0.000000,100,160,200,220,290,360,480,540,630,650,650,12424,5384,18,65.8254389955541,0.5612910026684403,780.4873749992112,73.49621699935608
1790260332,40,,Aggregated,167.600000,0.000000,100,160,200,220,290,360,480,540,630,650,650,12424,5384,18,65.8254389955541,0.5612910026684403,780.4873749992112,73.49621699935608
1790260333,40,POST,POST /webhooks/im/messages,173.700000,0.000000,76,130,170,200,280,360,480,540,630,650,650,12629,5384,18,65.8696643238315,0.5612910026684403,780.4873749992112,73.50439464724047
1790260333,40,,Aggregated,173.700000,0.000000,76,130,170,200,280,360,480,540,630,650,650,12629,5384,18,65.8696643238315,0.5612910026684403,780.4873749992112,73.50439464724047
1790260334,40,POST,POST /webhooks/im/messages,175.700000,0.000000,62,96,130,170,250,310,450,510,630,650,650,12827,5384,19,65.41472154102448,0.5612910026684403,780.4873749992112,73.51204490527793
1790260334,40,,Aggregated,175.700000,0.000000,62,96,130,170,250,310,450,510,630,650,650,12827,5384,19,65.41472154102448,0.5612910026684403,780.4873749992112,73.51204490527793
1790260335,40,POST,POST /webhooks/im/messages,176.900000,0.000000,65,95,130,160,250,380,450,520,630,650,650,12990,5384,20,66.52124793838449,0.5612910026684403,780.4873749992112,73.51816782140108
1790260335,40,,Aggregated,176.900000,0.000000,65,95,130,160,250,380,450,520,630,650,650,12990,5384,20,66.52124793838449,0.5612910026684403,780.4873749992112,73.51816782140108
1790260336,40,POST,POST /webhooks/im/messages,181.400000,0.000000,76,130,190,210,260,380,450,520,630,650,650,13127,5384,21,68.13605979017419,0.5612910026684403,780.4873749992112,73.52319646530053
1790260336,40,,Aggregated,181.400000,0.000000,76,130,190,210,260,380,450,520,630,650,650,13127,5384,21,68.13605979017419,0.5612910026684403,780.4873749992112,73.52319646530053
1790260337,40,POST,POST /webhooks/im/messages,181.000000,0.000000,87,160,210,230,290,400,470,530,630,650,650,13265,5384,22,69.45904733069256,0.5612910026684403,780.4873749992112,73.52815680361854
1790260337,40,,Aggregated,181.000000,0.000000,87,160,210,230,290,400,470,530,630,650,650,13265,5384,22,69.45904733069256,0.5612910026684403,780.4873749992112,73.52815680361854
1790260338,40,POST,POST /webhooks/im/messages,182.800000,0.000000,110,180,220,240,290,400,450,510,630,650,650,13453,5384,23,71.7815603377488,0.5612910026684403,780.4873749992112,73.53475061324612
1790260338,40,,Aggregated,182.800000,0.000000,110,180,220,240,290,400,450,510,630,650,650,13453,5384,23,71.7815603377488,0.5612910026684403,780.4873749992112,73.53475061324612
1790260339,40,POST,POST /webhooks/im/messages,175.400000,0.000000,100,180,210,230,270,370,440,460,550,550,550,13636,5384,24,72.54393949778407,0.5612910026684403,780.4873749992112,73.54099442651804
1790260339,40,,Aggregated,175.400000,0.000000,100,180,210,230,270,370,440,460,550,550,550,13636,5384,24,72.54393949778407,0.5612910026684403,780.4873749992112,73.54099442651804
1790260340,40,POST,POST /webhooks/im/messages,170.300000,0.000000,100,180,220,230,270,350,440,450,550,550,550,13811,5384,25,74.49223809816392,0.5612910026684403,780.4873749992112,73.54681051335892
1790260340,40,,Aggregated,170.300000,0.000000,100,180,220,230,270,350,440,450,550,550,550,13811,5384,25,74.49223809816392,0.5612910026684403,780.4873749992112,73.54681051335892
1790260341,40,POST,POST /webhooks/im/messages,179.300000,0.000000,130,200,230,250,300,430,490,500,550,550,550,13936,5384,25,76.64149169645191,0.5612910026684403,780.4873749992112,73.5508754305396
1790260341,40,,Aggregated,179.300000,0.000000,130,200,230,250,300,430,490,500,550,550,550,13936,5384,25,76.64149169645191,0.5612910026684403,780.4873749992112,73.5508754305396
1790260342,40,POST,POST /webhooks/im/messages,180.900000,0.000000,150,210,240,250,320,430,490,500,550,550,550,14117,5384,26,77.22974590222795,0.5612910026684403,780.4873749992112,73.55663384571793
1790260342,40,,Aggregated,180.900000,0.000000,150,210,240,250,320,430,490,500,550,550,550,14117,5384,26,77.22974590222795,0.5612910026684403,780.4873749992112,73.55663384571793
1790260343,40,POST,POST /webhooks/im/messages,175.500000,0.000000,170,220,240,260,320,430,490,500,550,550,550,14293,5384,27,77.85778192743122,0.5612910026684403,780.4873749992112,73.56209333240048
1790260343,40,,Aggregated,175.500000,0.000000,170,220,240,260,320,430,490,500,550,550,550,14293,5384,27,77.85778192743122,0.5612910026684403,780.4873749992112,73.56209333240048
1790260344,40,POST,POST /webhooks/im/messages,170.600000,0.000000,170,220,250,260,360,450,500,520,580,590,590,14496,5384,28,78.94936131393463,0.5612910026684403,780.4873749992112,73.56822571743929
1790260344,40,,Aggregated,170.600000,0.000000,170,220,250,260,360,450,500,520,580,590,590,14496,5384,28,78.94936131393463,0.5612910026684403,780.4873749992112,73.56822571743929
1790260345,40,POST,POST /webhooks/im/messages,172.200000,0.000000,170,220,250,260,330,440,500,520,580,590,590,14657,5384,29,79.50270450903469,0.5612910026684403,780.4873749992112,73.57296854745172
1790260345,40,,Aggregated,172.200000,0.000000,170,220,250,260,330,440,500,520,580,590,590,14657,5384,29,79.50270450903469,0.5612910026684403,780.4873749992112,73.57296854745172
1790260346,40,POST,POST /webhooks/im/messages,162.900000,0.000000,160,210,250,260,350,430,500,520,580,590,590,14838,5384,30,80.83498906536461,0.5612910026684403,780.4873749992112,73.57817765197466
1790260346,40,,Aggregated,162.900000,0.000000,160,210,250,260,350,430,500,520,580,590,590,14838,5384,30,80.83498906536461,0.5612910026684403,780.4873749992112,73.57817765197466
1790260347,40,POST,POST /webhooks/im/messages,167.000000,0.000000,130,190,220,250,320,410,490,520,580,590,590,15056,5463,30,80.0308681598488,0.5612910026684403,780.4873749992112,73.57903825717322
1790260347,40,,Aggregated,167.000000,0.000000,130,190,220,250,320,410,490,520,580,590,590,15056,5463,30,80.0308681598488,0.5612910026684403,780.4873749992112,73.57903825717322
1790260348,40,POST,POST /webhooks/im/messages,167.400000,0.000000,95,160,200,230,320,370,490,520,580,590,590,15256,5663,29,79.14794872015183,0.5612910026684403,780.4873749992112,73.57144729942318
1790260348,40,,Aggregated,167.400000,0.000000,95,160,200,230,320,370,490,520,580,590,590,15256,5663,29,79.14794872015183,0.5612910026684403,780.4873749992112,73.57144729942318
1790260349,40,POST,POST /webhooks/im/messages,170.900000,0.000000,78,140,180,220,310,370,490,520,580,590,590,15456,5863,28,78.16050042673513,0.5612910026684403,780.4873749992112,73.56405279503106
1790260349,40,,Aggregated,170.900000,0.000000,78,140,180,220,310,370,490,520,580,590,590,15456,5863,28,78.16050042673513,0.5612910026684403,780.4873749992112,73.56405279503106
1790260350,40,POST,POST /webhooks/im/messages,176.200000,8.000000,50,98,140,170,280,370,490,510,580,590,590,15656,6063,26,77.20143766043033,0.5612910026684403,780.4873749992112,73.55684721512519
1790260350,40,,Aggregated,176.200000,8.000000,50,98,140,170,280,370,490,510,580,590,590,15656,6063,26,77.20143766043033,0.5612910026684403,780.4873749992112,73.55684721512519
1790260351,40,POST,POST /webhooks/im/messages,176.600000,28.000000,19,70,99,120,210,330,410,470,580,590,590,15856,6263,25,76.27984747652098,0.5612910026684403,780.4873749992112,73.54982341069626
1790260351,40,,Aggregated,176.600000,28.000000,19,70,99,120,210,330,410,470,580,590,590,15856,6263,25,76.27984747652098,0.5612910026684403,780.4873749992112,73.54982341069626
1790260352,40,POST,POST /webhooks/im/messages,179.500000,48.000000,6,47,81,100,170,320,410,460,580,590,590,16056,6463,24,75.36620900029047,0.5612910026684403,780.4873749992112,73.54297458893872
1790260352,40,,Aggregated,179.500000,48.000000,6,47,81,100,170,320,410,460,580,590,590,16056,6463,24,75.36620900029047,0.5612910026684403,780.4873749992112,73.54297458893872
1790260353,40,POST,POST /webhooks/im/messages,184.600000,68.000000,5,16,58,81,150,320,400,460,580,590,590,16256,6663,23,74.52473481112756,0.5612910026684403,780.4873749992112,73.53629429133858
1790260353,40,,Aggregated,184.600000,68.000000,5,16,58,81,150,320,400,460,580,590,590,16256,6663,23,74.52473481112756,0.5612910026684403,780.4873749992112,73.53629429133858
1790260354,40,POST,POST /webhooks/im/messages,189.800000,88.000000,4,7,15,40,120,180,350,360,420,430,430,16456,6863,22,73.66853666338088,0.5612910026684403,780.4873749992112,73.52977637335925
1790260354,40,,Aggregated,189.800000,88.000000,4,7,15,40,120,180,350,360,420,430,430,16456,6863,22,73.66853666338088,0.5612910026684403,780.4873749992112,73.52977637335925
1790260355,40,POST,POST /webhooks/im/messages,190.800000,108.000000,3,5,7,11,63,160,300,350,370,370,370,16656,7063,21,72.82816563338312,0.5612910026684403,780.4873749992112,73.52341498559078
1790260355,40,,Aggregated,190.800000,108.000000,3,5,7,11,63,160,300,350,370,370,370,16656,7063,21,72.82816563338312,0.5612910026684403,780.4873749992112,73.52341498559078
1790260356,40,POST,POST /webhooks/im/messages,196.100000,128.000000,3,4,5,6,12,23,61,91,120,130,130,16856,7263,20,72.00939844593036,0.5424169939942658,780.4873749992112,73.5172045562411
1790260356,40,,Aggregated,196.100000,128.000000,3,4,5,6,12,23,61,91,120,130,130,16856,7263,20,72.00939844593036,0.5424169939942658,780.4873749992112,73.5172045562411
1790260357,40,POST,POST /webhooks/im/messages,196.000000,148.000000,3,4,5,5,8,12,57,91,100,110,110,17056,7463,19,71.2924058276003,0.523957991390489,780.4873749992112,73.51113977485929
1790260357,40,,Aggregated,196.000000,148.000000,3,4,5,5,8,12,57,91,100,110,110,17056,7463,19,71.2924058276003,0.523957991390489,780.4873749992112,73.51113977485929
1790260358,40,POST,POST /webhooks/im/messages,199.300000,168.000000,3,4,5,5,7,10,18,54,100,100,100,17256,7663,18,70.50463760202308,0.5055000074207783,780.4873749992112,73.50521557719054
1790260358,40,,Aggregated,199.300000,168.000000,3,4,5,5,7,10,18,54,100,100,100,17256,7663,18,70.50463760202308,0.5055000074207783,780.4873749992112,73.50521557719054
1790260359,40,POST,POST /webhooks/im/messages,200.000000,188.000000,3,4,5,5,8,10,18,54,100,100,100,17456,7863,17,69.73768650473097,0.5055000074207783,780.4873749992112,73.49942713107241
1790260359,40,,Aggregated,200.000000,188.000000,3,4,5,5,8,10,18,54,100,100,100,17456,7863,17,69.73768650473097,0.5055000074207783,780.4873749992112,73.49942713107241
1790260360,40,POST,POST /webhooks/im/messages,200.000000,200.000000,3,4,5,5,8,10,18,54,100,100,100,17656,8063,16,68.98382781142628,0.5055000074207783,780.4873749992112,73.49376982328954
1790260360,40,,Aggregated,200.000000,200.000000,3,4,5,5,8,10,18,54,100,100,100,17656,8063,16,68.98382781142628,0.5055000074207783,780.4873749992112,73.49376982328954
1790260361,40,POST,POST /webhooks/im/messages,200.000000,200.000000,3,4,5,5,7,10,17,54,100,100,100,17856,8263,15,68.24546121525435,0.5055000074207783,780.4873749992112,73.48823924731182
1790260361,40,,Aggregated,200.000000,200.000000,3,4,5,5,7,10,17,54,100,100,100,17856,8263,15,68.24546121525435,0.5055000074207783,780.4873749992112,73.48823924731182
1790260362,40,POST,POST /webhooks/im/messages,200.000000,200.000000,3,4,5,5,7,10,17,54,100,100,100,18057,8464,14,67.5217906673129,0.5055000074207783,780.4873749992112,73.48280445256687
1790260362,40,,Aggregated,200.000000,200.000000,3,4,5,5,7,10,17,54,100,100,100,18057,8464,14,67.5217906673129,0.5055000074207783,780.4873749992112,73.48280445256687
1790260363,40,POST,POST /webhooks/im/messages,200.000000,200.000000,3,4,5,5,7,9,16,52,100,100,100,18257,8664,13,66.8523858064042,0.5055000074207783,780.4873749992112,73.477515473517
1790260363,40,,Aggregated,200.000000,200.000000,3,4,5,5,7,9,16,52,100,100,100,18257,8664,13,66.8523858064042,0.5055000074207783,780.4873749992112,73.477515473517
1790260364,40,POST,POST /webhooks/im/messages,200.000000,200.000000,3,4,5,5,7,9,16,52,100,100,100,18457,8864,12,66.16417117724993,0.5055000074207783,780.4873749992112,73.4723411171913
1790260364,40,,Aggregated,200.000000,200.000000,3,4,5,5,7,9,16,52,100,100,100,18457,8864,12,66.16417117724993,0.5055000074207783,780.4873749992112,73.4723411171913
1790260365,40,POST,POST /webhooks/im/messages,200.000000,200.000000,3,4,5,5,6,9,16,52,100,100,100,18657,9064,12,65.49534443294986,0.5055000074207783,780.4873749992112,73.467277697379
1790260365,40,,Aggregated,200.000000,200.000000,3,4,5,5,6,9,16,52,100,100,100,18657,9064,12,65.49534443294986,0.5055000074207783,780.4873749992112,73.467277697379
1790260366,40,POST,POST /webhooks/im/messages,200.000000,200.000000,3,4,5,5,6,8,16,52,100,100,100,18857,9264,11,64.83438137511196,0.5055000074207783,780.4873749992112,73.46232168425519
1790260366,40,,Aggregated,200.000000,200.000000,3,4,5,5,6,8,16,52,100,100,100,18857,9264,11,64.83438137511196,0.5055000074207783,780.4873749992112,73.46232168425519
1790260367,40,POST,POST /webhooks/im/messages,200.000000,200.000000,3,4,5,5,6,8,12,41,52,52,52,19057,9464,10,64.20611894446026,0.5055000074207783,780.4873749992112,73.45746969617463
1790260367,40,,Aggregated,200.000000,200.000000,3,4,5,5,6,8,12,41,52,52,52,19057,9464,10,64.20611894446026,0.5055000074207783,780.4873749992112,73.45746969617463
1790260368,40,POST,POST /webhooks/im/messages,200.000000,200.000000,3,4,4,5,6,7,12,41,52,52,52,19257,9664,9,63.57042473648495,0.5055000074207783,780.4873749992112,73.45271849197694
1790260368,40,,Aggregated,200.000000,200.000000,3,4,4,5,6,7,12,41,52,52,52,19257,9664,9,63.57042473648495,0.5055000074207783,780.4873749992112,73.45271849197694
1790260369,40,POST,POST /webhooks/im/messages,200.000000,200.000000,3,4,4,5,6,7,12,41,52,52,52,19457,9864,9,62.945287302024646,0.5055000074207783,780.4873749992112,73.44806496376626
1790260369,40,,Aggregated,200.000000,200.000000,3,4,4,5,6,7,12,41,52,52,52,19457,9864,9,62.945287302024646,0.5055000074207783,780.4873749992112,73.44806496376626
1790260370,40,POST,POST /webhooks/im/messages,200.000000,200.000000,3,4,4,5,6,7,12,41,52,52,52,19657,10064,8,62.334721330998306,0.5055000074207783,780.4873749992112,73.44350613013177
1790260370,40,,Aggregated,200.000000,200.000000,3,4,4,5,6,7,12,41,52,52,52,19657,10064,8,62.334721330998306,0.5055000074207783,780.4873749992112,73.44350613013177
1790260371,40,POST,POST /webhooks/im/messages,200.000000,200.000000,3,4,4,5,6,7,15,41,52,52,52,19857,10264,8,61.74323525298183,0.5055000074207783,780.4873749992112,73.43903912977791
1790260371,40,,Aggregated,200.000000,200.000000,3,4,4,5,6,7,15,41,52,52,52,19857,10264,8,61.74323525298183,0.5055000074207783,780.4873749992112,73.43903912977791
1790260373,40,POST,POST /webhooks/im/messages,200.000000,200.000000,3,4,4,5,6,7,15,43,52,52,52,20057,10464,7,61.187286035117204,0.5055000074207783,780.4873749992112,73.43466121553573
1790260373,40,,Aggregated,200.000000,200.000000,3,4,4,5,6,7,15,43,52,52,52,20057,10464,7,61.187286035117204,0.5055000074207783,780.4873749992112,73.43466121553573
1790260374,40,POST,POST /webhooks/im/messages,200.000000,200.000000,3,4,4,5,6,7,15,43,52,52,52,20257,10664,7,60.624932616246575,0.5055000074207783,780.4873749992112,73.43036974872884
1790260374,40,,Aggregated,200.000000,200.000000,3,4,4,5,6,7,15,43,52,52,52,20257,10664,7,60.624932616246575,0.5055000074207783,780.4873749992112,73.43036974872884
1790260375,40,POST,POST /webhooks/im/messages,200.000000,200.000000,3,4,4,5,6,8,15,43,52,52,52,20457,10864,7,60.06962890088181,0.5055000074207783,780.4873749992112,73.42616219387007
1790260375,40,,Aggregated,200.000000,200.000000,3,4,4,5,6,8,15,43,52,52,52,20457,10864,7,60.06962890088181,0.5055000074207783,780.4873749992112,73.42616219387007
1790260376,40,POST,POST /webhooks/im/messages,200.000000,200.000000,3,4,4,5,6,8,15,43,52,52,52,20657,11064,7,59.52113035592419,0.5055000074207783,780.4873749992112,73.42203611366607
1790260376,40,,Aggregated,200.000000,200.000000,3,4,4,5,6,8,15,43,52,52,52,20657,11064,7,59.52113035592419,0.5055000074207783,780.4873749992112,73.42203611366607
1790260377,40,POST,POST /webhooks/im/messages,200.000000,200.000000,3,4,5,5,6,8,14,16,52,52,52,20857,11264,6,58.98800641565944,0.5055000074207783,780.4873749992112,73.41798916430935
1790260377,40,,Aggregated,200.000000,200.000000,3,4,5,5,6,8,14,16,52,52,52,20857,11264,6,58.98800641565944,0.5055000074207783,780.4873749992112,73.41798916430935
1790260378,40,POST,POST /webhooks/im/messages,200.000000,200.000000,3,4,4,5,6,9,15,32,52,52,52,21062,11469,6,58.45337214663759,0.5055000074207783,780.4873749992112,73.41392080524167
1790260378,40,,Aggregated,200.000000,200.000000,3,4,4,5,6,9,15,32,52,52,52,21062,11469,6,58.45337214663759,0.5055000074207783,780.4873749992112,73.41392080524167
1790260379,40,POST,POST /webhooks/im/messages,200.000000,200.000000,3,4,4,5,6,9,15,37,52,52,52,21257,11664,6,57.94200537383714,0.5055000074207783,780.4873749992112,73.41012372394975
1790260379,40,,Aggregated,200.000000,200.000000,3,4,4,5,6,9,15,37,52,52,52,21257,11664,6,57.94200537383714,0.5055000074207783,780.4873749992112,73.41012372394975
1790260380,40,POST,POST /webhooks/im/messages,200.000000,200.000000,3,4,5,5,7,11,16,37,52,52,52,21457,11864,6,57.451755395605026,0.5055000074207783,780.4873749992112,73.4063009740411
1790260380,40,,Aggregated,200.000000,200.000000,3,4,5,5,7,11,16,37,52,52,52,21457,11864,6,57.451755395605026,0.5055000074207783,780.4873749992112,73.4063009740411
1790260381,40,POST,POST /webhooks/im/messages,200.000000,200.000000,3,5,6,7,14,23,49,62,72,72,72,21657,11864,6,57.1341406906971,0.5055000074207783,780.4873749992112,73.41178371888996
1790260381,40,,Aggregated,200.000000,200.000000,3,5,6,7,14,23,49,62,72,72,72,21657,11864,6,57.1341406906971,0.5055000074207783,780.4873749992112,73.41178371888996
1790260382,40,POST,POST /webhooks/im/messages,200.000000,200.000000,4,5,7,11,29,88,300,350,540,540,540,21781,11864,6,58.00104811691326,0.5055000074207783,780.4873749992112,73.41513245489188
1790260382,40,,Aggregated,200.000000,200.000000,4,5,7,11,29,88,300,350,540,540,540,21781,11864,6,58.00104811691326,0.5055000074207783,780.4873749992112,73.41513245489188
1790260383,40,POST,POST /webhooks/im/messages,200.000000,180.000000,4,9,19,40,140,220,320,360,550,570,570,21996,11864,6,58.880202586712436,0.5055000074207783,780.4873749992112,73.42084924531733
1790260383,40,,Aggregated,200.000000,180.000000,4,9,19,40,140,220,320,360,550,570,570,21996,11864,6,58.880202586712436,0.5055000074207783,780.4873749992112,73.42084924531733
1790260384,40,POST,POST /webhooks/im/messages,190.800000,160.000000,6,22,55,90,190,240,330,420,550,570,570,22191,11864,7,59.454657859873265,0.5055000074207783,780.4873749992112,73.42593844351313
1790260384,40,,Aggregated,190.800000,160.000000,6,22,55,90,190,240,330,420,550,570,570,22191,11864,7,59.454657859873265,0.5055000074207783,780.4873749992112,73.42593844351313
1790260385,40,POST,POST /webhooks/im/messages,193.300000,140.000000,14,45,74,120,210,250,330,420,550,570,570,22390,11864,7,59.62850900528894,0.5055000074207783,780.4873749992112,73.43104064314426
1790260385,40,,Aggregated,193.300000,140.000000,14,45,74,120,210,250,330,420,550,570,570,22390,11864,7,59.62850900528894,0.5055000074207783,780.4873749992112,73.43104064314426
1790260386,40,POST,POST /webhooks/im/messages,193.000000,120.000000,29,75,130,160,230,280,340,430,550,570,570,22553,11864,7,60.46330133221337,0.5055000074207783,780.4873749992112,73.43515275129694
1790260386,40,,Aggregated,193.000000,120.000000,29,75,130,160,230,280,340,430,550,570,570,22553,11864,7,60.46330133221337,0.5055000074207783,780.4873749992112,73.43515275129694
1790260387,40,POST,POST /webhooks/im/messages,193.000000,120.000000,47,91,150,170,250,300,350,430,550,570,570,22751,11864,8,60.79999650294658,0.5055000074207783,780.4873749992112,73.44006856841457
1790260387,40,,Aggregated,193.000000,120.000000,47,91,150,170,250,300,350,430,550,570,570,22751,11864,8,60.79999650294658,0.5055000074207783,780.4873749992112,73.44006856841457
1790260388,40,POST,POST /webhooks/im/messages,187.400000,80.000000,67,130,170,190,260,310,360,430,550,570,570,22911,11864,8,61.40628488222196,0.5055000074207783,780.4873749992112,73.4439788747763
1790260388,40,,Aggregated,187.400000,80.000000,67,130,170,190,260,310,360,430,550,570,570,22911,11864,8,61.40628488222196,0.5055000074207783,780.4873749992112,73.4439788747763
1790260389,40,POST,POST /webhooks/im/messages,189.400000,60.000000,77,140,180,210,280,320,380,430,550,570,570,23107,11864,8,61.924703089267794,0.5055000074207783,780.4873749992112,73.44869520058856
1790260389,40,,Aggregated,189.400000,60.000000,77,140,180,210,280,320,380,430,550,570,570,23107,11864,8,61.924703089267794,0.5055000074207783,780.4873749992112,73.44869520058856
1790260390,40,POST,POST /webhooks/im/messages,184.900000,40.000000,81,140,180,210,280,320,380,430,550,570,570,23307,11864,9,61.856966177832334,0.5055000074207783,780.4873749992112,73.45342600935341
1790260390,40,,Aggregated,184.900000,40.000000,81,140,180,210,280,320,380,430,550,570,570,23307,11864,9,61.856966177832334,0.5055000074207783,780.4873749992112,73.45342600935341
1790260391,40,POST,POST /webhooks/im/messages,184.800000,20.000000,71,130,170,190,260,310,370,400,550,570,570,23507,11864,9,61.93332917019271,0.5055000074207783,780.4873749992112,73.4580763176926
1790260391,40,,Aggregated,184.800000,20.000000,71,130,170,190,260,310,370,400,550,570,570,23507,11864,9,61.93332917019271,0.5055000074207783,780.4873749992112,73.4580763176926
1790260392,40,POST,POST /webhooks/im/messages,183.500000,0.000000,62,100,160,180,240,300,350,380,410,430,430,23707,11864,10,61.98461661373175,0.5055000074207783,780.4873749992112,73.46264816298984
1790260392,40,,Aggregated,183.500000,0.000000,62,100,160,180,240,300,350,380,410,430,430,23707,11864,10,61.98461661373175,0.5055000074207783,780.4873749992112,73.46264816298984
1790260393,40,POST,POST /webhooks/im/messages,184.700000,0.000000,59,90,140,170,240,300,370,400,500,500,500,23825,11864,10,62.148323213669286,0.5055000074207783,780.4873749992112,73.46530954879329
1790260393,40,,Aggregated,184.700000,0.000000,59,90,140,170,240,300,370,400,500,500,500,23825,11864,10,62.148323213669286,0.5055000074207783,780.4873749992112,73.46530954879329
1790260394,40,POST,POST /webhooks/im/messages,193.700000,0.000000,68,110,150,170,260,330,400,470,500,530,530,24036,11864,11,62.92467876933167,0.5055000074207783,780.4873749992112,73.47000332834082
1790260394,40,,Aggregated,193.700000,0.000000,68,110,150,170,260,330,400,470,500,530,530,24036,11864,11,62.92467876933167,0.5055000074207783,780.4873749992112,73.47000332834082
1790260395,40,POST,POST /webhooks/im/messages,193.700000,0.000000,65,96,130,160,230,330,400,470,500,530,530,24213,11864,11,63.21509161366422,0.5055000074207783,780.4873749992112,73.47387766902078
1790260395,40,,Aggregated,193.700000,0.000000,65,96,130,160,230,330,400,470,500,530,530,24213,11864,11,63.21509161366422,0.5055000074207783,780.4873749992112,73.47387766902078
1790260396,40,POST,POST /webhooks/im/messages,184.000000,0.000000,73,120,170,190,290,370,470,510,650,650,650,24343,11864,12,64.55768939048214,0.5055000074207783,780.4873749992112,73.47668734338413
1790260396,40,,Aggregated,184.000000,0.000000,73,120,170,190,290,370,470,510,650,650,650,24343,11864,12,64.55768939048214,0.5055000074207783,780.4873749992112,73.47668734338413
1790260397,40,POST,POST /webhooks/im/messages,182.600000,0.000000,73,120,170,190,320,410,510,540,650,650,650,24464,11864,12,65.26927909468775,0.5055000074207783,780.4873749992112,73.47927567037279
1790260397,40,,Aggregated,182.600000,0.000000,73,120,170,190,320,410,510,540,650,650,650,24464,11864,12,65.26927909468775,0.5055000074207783,780.4873749992112,73.47927567037279
1790260398,40,POST,POST /webhooks/im/messages,180.100000,0.000000,84,150,190,210,320,470,540,630,680,680,680,24652,11864,13,66.6540898679328,0.5055000074207783,780.4873749992112,73.48324679539185
1790260398,40,,Aggregated,180.100000,0.000000,84,150,190,210,320,470,540,630,680,680,680,24652,11864,13,66.6540898679328,0.5055000074207783,780.4873749992112,73.48324679539185
1790260399,40,POST,POST /webhooks/im/messages,170.800000,0.000000,93,160,200,220,330,470,540,630,680,680,680,24838,11864,13,66.9773843627211,0.5055000074207783,780.4873749992112,73.4871165150173
1790260399,40,,Aggregated,170.800000,0.000000,93,160,200,220,330,470,540,630,680,680,680,24838,11864,13,66.9773843627211,0.5055000074207783,780.4873749992112,73.4871165150173
1790260400,40,POST,POST /webhooks/im/messages,173.600000,0.000000,100,170,210,230,330,470,540,630,680,680,680,24988,11864,14,67.24845339179898,0.5055000074207783,780.4873749992112,73.490195293741
1790260400,40,,Aggregated,173.600000,0.000000,100,170,210,230,330,470,540,630,680,680,680,24988,11864,14,67.24845339179898,0.5055000074207783,780.4873749992112,73.490195293741
1790260401,40,POST,POST /webhooks/im/messages,172.000000,0.000000,100,180,220,240,350,480,540,630,680,680,680,25172,11864,15,67.46541427436092,0.5055000074207783,780.4873749992112,73.4939218178929
1790260401,40,,Aggregated,172.000000,0.000000,100,180,220,240,350,480,540,630,680,680,680,25172,11864,15,67.46541427436092,0.5055000074207783,780.4873749992112,73.4939218178929
1790260402,40,POST,POST /webhooks/im/messages,168.500000,0.000000,120,200,230,280,380,470,540,630,680,680,680,25333,11864,15,68.41349553306678,0.5055000074207783,780.4873749992112,73.49713812023842
1790260402,40,,Aggregated,168.500000,0.000000,120,200,230,280,380,470,540,630,680,680,680,25333,11864,15,68.41349553306678,0.5055000074207783,780.4873749992112,73.49713812023842
1790260403,40,POST,POST /webhooks/im/messages,166.300000,0.000000,120,200,230,280,360,440,540,630,680,680,680,25534,11864,16,68.94479253505827,0.5055000074207783,780.4873749992112,73.50109657711288
1790260403,40,,Aggregated,166.300000,0.000000,120,200,230,280,360,440,540,630,680,680,680,25534,11864,16,68.94479253505827,0.5055000074207783,780.4873749992112,73.50109657711288
1790260404,40,POST,POST /webhooks/im/messages,161.800000,0.000000,140,220,260,290,390,530,650,780,820,1000,1000,25578,11864,16,69.69939035261214,0.5055000074207783,1048.3401259989478,73.50195480491047
1790260404,40,,Aggregated,161.800000,0.000000,140,220,260,290,390,530,650,780,820,1000,1000,25578,11864,16,69.69939035261214,0.5055000074207783,1048.3401259989478,73.50195480491047
1790260405,40,POST,POST /webhooks/im/messages,170.500000,0.000000,160,220,260,290,390,540,790,910,1100,1100,1100,25730,11864,16,71.34301307843224,0.5055000074207783,1138.018584009842,73.50489700738437
1790260405,40,,Aggregated,170.500000,0.000000,160,220,260,290,390,540,790,910,1100,1100,1100,25730,11864,16,71.34301307843224,0.5055000074207783,1138.018584009842,73.50489700738437
1790260406,40,POST,POST /webhooks/im/messages,170.500000,0.000000,160,220,270,290,380,500,790,900,1100,1100,1100,25873,11864,17,72.01730353623768,0.5055000074207783,1138.018584009842,73.50763344026592
1790260406,40,,Aggregated,170.500000,0.000000,160,220,270,290,380,500,790,900,1100,1100,1100,25873,11864,17,72.01730353623768,0.5055000074207783,1138.018584009842,73.50763344026592
1790260407,40,POST,POST /webhooks/im/messages,149.300000,0.000000,170,230,280,300,390,480,790,910,1100,1100,1100,26026,11864,17,73.41311320083562,0.5055000074207783,1138.018584009842,73.51052793360486
1790260407,40,,Aggregated,149.300000,0.000000,170,230,280,300,390,480,790,910,1100,1100,1100,26026,11864,17,73.41311320083562,0.5055000074207783,1138.018584009842,73.51052793360486
1790260408,40,POST,POST /webhooks/im/messages,154.100000,0.000000,180,240,280,300,410,490,800,910,1100,1100,1100,26160,11867,18,73.85506578325425,0.5055000074207783,1138.018584009842,73.51292048929663
1790260408,40,,Aggregated,154.100000,0.000000,180,240,280,300,410,490,800,910,1100,1100,1100,26160,11867,18,73.85506578325425,0.5055000074207783,1138.018584009842,73.51292048929663
1790260409,40,POST,POST /webhooks/im/messages,152.100000,0.000000,170,240,280,300,400,490,790,900,1100,1100,1100,26399,12006,18,73.83684583582402,0.5055000074207783,1138.018584009842,73.51206485094133
1790260409,40,,Aggregated,152.100000,0.000000,170,240,280,300,400,490,790,900,1100,1100,1100,26399,12006,18,73.83684583582402,0.5055000074207783,1138.018584009842,73.51206485094133
1790260410,40,POST,POST /webhooks/im/messages,150.000000,0.200000,140,220,270,290,390,490,790,900,1100,1100,1100,26599,12206,17,73.29993181785022,0.5055000074207783,1138.018584009842,73.50821459453363
1790260410,40,,Aggregated,150.000000,0.200000,140,220,270,290,390,490,790,900,1100,1100,1100,26599,12206,17,73.29993181785022,0.5055000074207783,1138.018584009842,73.50821459453363
1790260411,40,POST,POST /webhooks/im/messages,154.100000,10.900000,72,190,240,280,360,490,780,900,1100,1100,1100,26800,12407,16,72.76643470645827,0.5055000074207783,1138.018584009842,73.50440298507462
1790260411,40,,Aggregated,154.100000,10.900000,72,190,240,280,360,490,780,900,1100,1100,1100,26800,12407,16,72.76643470645827,0.5055000074207783,1138.018584009842,73.50440298507462
1790260412,40,POST,POST /webhooks/im/messages,158.900000,30.900000,12,160,220,260,350,480,780,900,1100,1100,1100,27002,12609,16,72.24064062543101,0.5055000074207783,1138.018584009842,73.50062958299385
1790260412,40,,Aggregated,158.900000,30.900000,12,160,220,260,350,480,780,900,1100,1100,1100,27002,12609,16,72.24064062543101,0.5055000074207783,1138.018584009842,73.50062958299385
1790260413,40,POST,POST /webhooks/im/messages,159.900000,50.900000,4,88,190,230,320,440,630,890,1100,1100,1100,27202,12809,15,71.7549805378628,0.5055000074207783,1138.018584009842,73.49694875376811
1790260413,40,,Aggregated,159.900000,50.900000,4,88,190,230,320,440,630,890,1100,1100,1100,27202,12809,15,71.7549805378628,0.5055000074207783,1138.018584009842,73.49694875376811
1790260414,40,POST,POST /webhooks/im/messages,164.600000,70.900000,3,12,83,160,280,350,490,560,700,750,750,27402,13009,14,71.24216459768452,0.5055000074207783,1138.018584009842,73.49332165535363
1790260414,40,,Aggregated,164.600000,70.900000,3,12,83,160,280,350,490,560,700,750,750,27402,13009,14,71.24216459768452,0.5055000074207783,1138.018584009842,73.49332165535363
1790260415,40,POST,POST /webhooks/im/messages,164.800000,91.100000,2,3,9,38,240,310,480,550,700,750,750,27604,13211,14,70.73192256480354,0.5055000074207783,1138.018584009842,73.48971163599478
1790260415,40,,Aggregated,164.800000,91.100000,2,3,9,38,240,310,480,550,700,750,750,27604,13211,14,70.73192256480354,0.5055000074207783,1138.018584009842,73.48971163599478
1790260416,40,POST,POST /webhooks/im/messages,179.900000,110.900000,2,2,4,6,73,210,310,370,590,620,620,27804,13411,13,70.23455654825891,0.5055000074207783,1138.018584009842,73.48618903754856
1790260416,40,,Aggregated,179.900000,110.900000,2,2,4,6,73,210,310,370,590,620,620,27804,13411,13,70.23455654825891,0.5055000074207783,1138.018584009842,73.48618903754856
1790260417,40,POST,POST /webhooks/im/messages,186.000000,130.900000,1,2,3,3,7,49,290,360,590,620,620,28004,13611,12,69.74414752399065,0.5055000074207783,1138.018584009842,73.48271675474932
1790260417,40,,Aggregated,186.000000,130.900000,1,2,3,3,7,49,290,360,590,620,620,28004,13611,12,69.74414752399065,0.5055000074207783,1138.018584009842,73.48271675474932
1790260418,40,POST,POST /webhooks/im/messages,189.300000,150.900000,1,2,2,2,3,5,9,19,72,73,73,28205,13812,12,69.25851112742198,0.5055000074207783,1138.018584009842,73.47927672398511
1790260418,40,,Aggregated,189.300000,150.900000,1,2,2,2,3,5,9,19,72,73,73,28205,13812,12,69.25851112742198,0.5055000074207783,1138.018584009842,73.47927672398511
1790260419,40,POST,POST /webhooks/im/messages,198.600000,170.900000,1,2,2,2,3,5,9,19,72,73,73,28405,14012,11,68.78027214014746,0.5055000074207783,1138.018584009842,73.4759021299067
1790260419,40,,Aggregated,198.600000,170.900000,1,2,2,2,3,5,9,19,72,73,73,28405,14012,11,68.78027214014746,0.5055000074207783,1138.018584009842,73.4759021299067
1790260420,40,POST,POST /webhooks/im/messages,202.500000,190.800000,1,2,2,2,3,4,9,38,72,73,73,28605,14212,11,68.31902418636864,0.5055000074207783,1138.018584009842,73.47257472469848
1790260420,40,,Aggregated,202.500000,190.800000,1,2,2,2,3,4,9,38,72,73,73,28605,14212,11,68.31902418636864,0.5055000074207783,1138.018584009842,73.47257472469848
1790260421,40,POST,POST /webhooks/im/messages,200.000000,200.000000,1,1,2,2,3,4,7,38,72,73,73,28805,14412,10,67.85433623295245,0.5055000074207783,1138.018584009842,73.4692935254296
1790260421,40,,Aggregated,200.000000,200.000000,1,1,2,2,3,4,7,38,72,73,73,28805,14412,10,67.85433623295245,0.5055000074207783,1138.018584009842,73.4692935254296
1790260422,40,POST,POST /webhooks/im/messages,200.000000,200.000000,1,1,2,2,3,3,5,7,50,50,50,29005,14612,9,67.39933381379741,0.5055000074207783,1138.018584009842,73.46605757627995
1790260422,40,,Aggregated,200.000000,200.000000,1,1,2,2,3,3,5,7,50,50,50,29005,14612,9,67.39933381379741,0.5055000074207783,1138.018584009842,73.46605757627995
1790260423,40,POST,POST /webhooks/im/messages,200.000000,200.000000,1,1,2,2,3,4,5,7,50,50,50,29205,14812,9,66.94817602359528,0.5055000074207783,1138.018584009842,73.4628659476117
1790260423,40,,Aggregated,200.000000,200.000000,1,1,2,2,3,4,5,7,50,50,50,29205,14812,9,66.94817602359528,0.5055000074207783,1138.018584009842,73.4628659476117
1790260424,40,POST,POST /webhooks/im/messages,200.000000,200.000000,1,1,2,2,3,4,5,7,50,50,50,29406,15013,8,66.5004670853878,0.5055000074207783,1138.018584009842,73.45970210161191
1790260424,40,,Aggregated,200.000000,200.000000,1,1,2,2,3,4,5,7,50,50,50,29406,15013,8,66.5004670853878,0.5055000074207783,1138.018584009842,73.45970210161191
1790260425,40,POST,POST /webhooks/im/messages,199.800000,199.800000,1,1,2,2,3,4,5,7,50,50,50,29606,15213,8,66.06294576366128,0.5055000074207783,1138.018584009842,73.45659663581706
1790260425,40,,Aggregated,199.800000,199.800000,1,1,2,2,3,4,5,7,50,50,50,29606,15213,8,66.06294576366128,0.5055000074207783,1138.018584009842,73.45659663581706
1790260426,40,POST,POST /webhooks/im/messages,200.000000,200.000000,1,2,2,2,3,4,8,30,50,53,53,29806,15413,8,65.65497009504716,0.5055000074207783,1138.018584009842,73.45353284573575
1790260426,40,,Aggregated,200.000000,200.000000,1,2,2,2,3,4,8,30,50,53,53,29806,15413,8,65.65497009504716,0.5055000074207783,1138.018584009842,73.45353284573575
1790260427,40,POST,POST /webhooks/im/messages,200.100000,200.100000,1,2,2,2,3,4,13,30,50,53,53,30006,15613,7,65.23289429990054,0.5055000074207783,1138.018584009842,73.4505098980204
1790260427,40,,Aggregated,200.100000,200.100000,1,2,2,2,3,4,13,30,50,53,53,30006,15613,7,65.23289429990054,0.5055000074207783,1138.018584009842,73.4505098980204
1790260428,40,POST,POST /webhooks/im/messages,200.000000,200.000000,1,2,2,2,3,5,13,30,50,53,53,30206,15813,7,64.81307718353291,0.5055000074207783,1138.018584009842,73.44752698139442
1790260428,40,,Aggregated,200.000000,200.000000,1,2,2,2,3,5,13,30,50,53,53,30206,15813,7,64.81307718353291,0.5055000074207783,1138.018584009842,73.44752698139442
1790260429,40,POST,POST /webhooks/im/messages,200.200000,200.200000,1,2,2,2,3,5,9,22,46,53,53,30406,16013,7,64.3963589600006,0.5055000074207783,1138.018584009842,73.44458330592646
1790260429,40,,Aggregated,200.200000,200.200000,1,2,2,2,3,5,9,22,46,53,53,30406,16013,7,64.3963589600006,0.5055000074207783,1138.018584009842,73.44458330592646
1790260430,40,POST,POST /webhooks/im/messages,199.900000,199.900000,1,2,2,2,3,5,9,22,46,53,53,30608,16215,7,63.982057586961034,0.5055000074207783,1138.018584009842,73.44164924202823
1790260430,40,,Aggregated,199.900000,199.900000,1,2,2,2,3,5,9,22,46,53,53,30608,16215,7,63.982057586961034,0.5055000074207783,1138.018584009842,73.44164924202823
1790260431,40,POST,POST /webhooks/im/messages,200.000000,200.000000,1,2,2,2,3,5,8,17,46,53,53,30808,16415,6,63.57664782389585,0.5055000074207783,1138.018584009842,73.43878213451052
1790260431,40,,Aggregated,200.000000,200.000000,1,2,2,2,3,5,8,17,46,53,53,30808,16415,6,63.57664782389585,0.5055000074207783,1138.018584009842,73.43878213451052
1790260432,40,POST,POST /webhooks/im/messages,200.000000,200.000000,1,2,2,2,3,5,8,17,46,53,53,31008,16615,6,63.17699903604129,0.5055000074207783,1138.018584009842,73.43595201238391
1790260432,40,,Aggregated,200.000000,200.000000,1,2,2,2,3,5,8,17,46,53,53,31008,16615,6,63.17699903604129,0.5055000074207783,1138.018584009842,73.43595201238391
1790260433,40,POST,POST /webhooks/im/messages,200.100000,200.100000,1,2,2,2,3,5,9,28,46,53,53,31210,16817,6,62.782062966723856,0.5055000074207783,1138.018584009842,73.43313040692085
1790260433,40,,Aggregated,200.100000,200.100000,1,2,2,2,3,5,9,28,46,53,53,31210,16817,6,62.782062966723856,0.5055000074207783,1138.018584009842,73.43313040692085
1790260434,40,POST,POST /webhooks/im/messages,200.000000,200.000000,1,2,2,2,3,5,9,28,46,53,53,31410,17017,6,62.392116075850666,0.5055000074207783,1138.018584009842,73.43037249283668
1790260434,40,,Aggregated,200.000000,200.000000,1,2,2,2,3,5,9,28,46,53,53,31410,17017,6,62.392116075850666,0.5055000074207783,1138.018584009842,73.43037249283668
1790260435,40,POST,POST /webhooks/im/messages,200.000000,200.000000,1,2,2,2,3,4,6,8,40,42,42,31611,17218,6,62.00524416546473,0.5055000074207783,1138.018584009842,73.42763594951124
1790260435,40,,Aggregated,200.000000,200.000000,1,2,2,2,3,4,6,8,40,42,42,31611,17218,6,62.00524416546473,0.5055000074207783,1138.018584009842,73.42763594951124
1790260436,40,POST,POST /webhooks/im/messages,200.000000,200.000000,1,2,2,2,3,4,5,7,40,42,42,31812,17419,6,61.623871338441724,0.5055000074207783,1138.018584009842,73.42493398717465
1790260436,40,,Aggregated,200.000000,200.000000,1,2,2,2,3,4,5,7,40,42,42,31812,17419,6,61.623871338441724,0.5055000074207783,1138.018584009842,73.42493398717465
1790260437,40,POST,POST /webhooks/im/messages,199.900000,199.900000,1,2,2,2,3,4,6,7,40,42,42,32012,17619,6,61.25147936500227,0.5055000074207783,1138.018584009842,73.4222791453205
1790260437,40,,Aggregated,199.900000,199.900000,1,2,2,2,3,4,6,7,40,42,42,32012,17619,6,61.25147936500227,0.5055000074207783,1138.018584009842,73.4222791453205
1790260438,40,POST,POST /webhooks/im/messages,200.200000,200.200000,1,2,2,3,6,16,83,230,340,360,360,32199,17806,6,61.220981121875674,0.5055000074207783,1138.018584009842,73.41982670269263
1790260438,40,,Aggregated,200.200000,200.200000,1,2,2,3,6,16,83,230,340,360,360,32199,17806,6,61.220981121875674,0.5055000074207783,1138.018584009842,73.41982670269263
1790260439,40,POST,POST /webhooks/im/messages,199.800000,199.800000,1,2,3,5,12,20,83,230,340,360,360,32399,18006,6,60.904806042634604,0.5055000074207783,1138.018584009842,73.41723509984877
1790260439,40,,Aggregated,199.800000,199.800000,1,2,3,5,12,20,83,230,340,360,360,32399,18006,6,60.904806042634604,0.5055000074207783,1138.018584009842,73.41723509984877
1790260440,40,POST,POST /webhooks/im/messages,199.300000,199.300000,2,3,7,9,15,21,84,230,340,360,360,32563,18166,6,60.660921056055464,0.5055000074207783,1138.018584009842,73.41525657955349
1790260440,40,,Aggregated,199.300000,199.300000,2,3,7,9,15,21,84,230,340,360,360,32563,18166,6,60.660921056055464,0.5055000074207783,1138.018584009842,73.41525657955349
1790260441,40,POST,POST /webhooks/im/messages,199.300000,199.300000,2,7,12,15,50,85,300,330,430,430,430,32765,18166,6,60.936011970033924,0.5055000074207783,1138.018584009842,73.4188615901114
1790260441,40,,Aggregated,199.300000,199.300000,2,7,12,15,50,85,300,330,430,430,430,32765,18166,6,60.936011970033924,0.5055000074207783,1138.018584009842,73.4188615901114
1790260442,40,POST,POST /webhooks/im/messages,199.300000,199.300000,3,12,17,28,85,240,340,410,450,470,470,32870,18166,6,61.380913407519344,0.5055000074207783,1138.018584009842,73.4207179799209
1790260442,40,,Aggregated,199.300000,199.300000,3,12,17,28,85,240,340,410,450,470,470,32870,18166,6,61.380913407519344,0.5055000074207783,1138.018584009842,73.4207179799209
1790260443,40,POST,POST /webhooks/im/messages,195.600000,179.200000,9,18,53,74,190,310,430,650,790,800,800,33032,18166,6,62.17378141306092,0.5055000074207783,1138.018584009842,73.42355897311698
1790260443,40,,Aggregated,195.600000,179.200000,9,18,53,74,190,310,430,650,790,800,800,33032,18166,6,62.17378141306092,0.5055000074207783,1138.018584009842,73.42355897311698
1790260444,40,POST,POST /webhooks/im/messages,189.600000,159.300000,14,61,85,110,240,360,440,650,790,800,800,33218,18166,6,62.69305913900044,0.5055000074207783,1138.018584009842,73.42678668191944
1790260444,40,,Aggregated,189.600000,159.300000,14,61,85,110,240,360,440,650,790,800,800,33218,18166,6,62.69305913900044,0.5055000074207783,1138.018584009842,73.42678668191944
1790260445,40,POST,POST /webhooks/im/messages,185.100000,139.300000,39,87,160,190,280,410,530,680,790,800,800,33357,18166,6,63.53665306773223,0.5055000074207783,1138.018584009842,73.42917528554726
1790260445,40,,Aggregated,185.100000,139.300000,39,87,160,190,280,410,530,680,790,800,800,33357,18166,6,63.53665306773223,0.5055000074207783,1138.018584009842,73.42917528554726
1790260446,40,POST,POST /webhooks/im/messages,181.700000,119.300000,73,170,210,230,340,410,540,680,790,800,800,33503,18166,6,64.43127709122837,0.5055000074207783,1138.018584009842,73.43166283616392
1790260446,40,,Aggregated,181.700000,119.300000,73,170,210,230,340,410,540,680,790,800,800,33503,18166,6,64.43127709122837,0.5055000074207783,1138.018584009842,73.43166283616392
1790260447,40,POST,POST /webhooks/im/messages,174.900000,99.300000,110,210,240,270,360,430,540,680,790,800,800,33637,18166,7,65.38307167542986,0.5055000074207783,1138.018584009842,73.43392692570681
1790260447,40,,Aggregated,174.900000,99.300000,110,210,240,270,360,430,540,680,790,800,800,33637,18166,7,65.38307167542986,0.5055000074207783,1138.018584009842,73.43392692570681
1790260448,40,POST,POST /webhooks/im/messages,169.000000,79.100000,160,220,240,280,370,430,550,680,790,800,800,33803,18166,7,65.81905707953528,0.5055000074207783,1138.018584009842,73.4367068011715
1790260448,40,,Aggregated,169.000000,79.100000,160,220,240,280,370,430,550,680,790,800,800,33803,18166,7,65.81905707953528,0.5055000074207783,1138.018584009842,73.4367068011715
1790260449,40,POST,POST /webhooks/im/messages,163.600000,59.300000,180,230,260,310,400,440,570,680,790,800,800,34003,18166,7,66.57538754825939,0.5055000074207783,1138.018584009842,73.44001999823546
1790260449,40,,Aggregated,163.600000,59.300000,180,230,260,310,400,440,570,680,790,800,800,34003,18166,7,66.57538754825939,0.5055000074207783,1138.018584009842,73.44001999823546
1790260450,40,POST,POST /webhooks/im/messages,162.700000,40.000000,190,230,260,310,400,460,570,680,790,800,800,34140,18166,7,67.00231427057764,0.5055000074207783,1138.018584009842,73.44226713532514
1790260450,40,,Aggregated,162.700000,40.000000,190,230,260,310,400,460,570,680,790,800,800,34140,18166,7,67.00231427057764,0.5055000074207783,1138.018584009842,73.44226713532514
1790260451,40,POST,POST /webhooks/im/messages,158.700000,20.000000,190,230,250,300,380,450,570,680,790,800,800,34339,18166,8,67.5378646277571,0.5055000074207783,1138.018584009842,73.44549928652552
1790260451,40,,Aggregated,158.700000,20.000000,190,230,250,300,380,450,570,680,790,800,800,34339,18166,8,67.5378646277571,0.5055000074207783,1138.018584009842,73.44549928652552
1790260452,40,POST,POST /webhooks/im/messages,153.200000,0.000000,180,220,250,270,350,420,480,560,670,750,750,34513,18166,8,67.83356105217015,0.5055000074207783,1138.018584009842,73.44829484542056
1790260452,40,,Aggregated,153.200000,0.000000,180,220,250,270,350,420,480,560,670,750,750,34513,18166,8,67.83356105217015,0.5055000074207783,1138.018584009842,73.44829484542056
1790260453,40,POST,POST /webhooks/im/messages,157.600000,0.000000,190,230,250,280,350,430,480,560,670,750,750,34712,18166,8,68.61230051517097,0.5055000074207783,1138.018584009842,73.45145770914958
1790260453,40,,Aggregated,157.600000,0.000000,190,230,250,280,350,430,480,560,670,750,750,34712,18166,8,68.61230051517097,0.5055000074207783,1138.018584009842,73.45145770914958
1790260454,40,POST,POST /webhooks/im/messages,163.000000,0.000000,180,230,240,270,350,410,470,490,670,750,750,34882,18166,9,68.98835418194467,0.5055000074207783,1138.018584009842,73.45413107046615
1790260454,40,,Aggregated,163.000000,0.000000,180,230,240,270,350,410,470,490,670,750,750,34882,18166,9,68.98835418194467,0.5055000074207783,1138.018584009842,73.45413107046615
1790260455,40,POST,POST /webhooks/im/messages,161.400000,0.000000,180,230,250,280,350,430,470,520,670,750,750,35009,18166,9,69.622534134099,0.5055000074207783,1138.018584009842,73.4561112856694
1790260455,40,,Aggregated,161.400000,0.000000,180,230,250,280,350,430,470,520,670,750,750,35009,18166,9,69.622534134099,0.5055000074207783,1138.018584009842,73.4561112856694
1790260456,40,POST,POST /webhooks/im/messages,162.200000,0.000000,170,210,230,250,330,400,470,490,600,750,750,35232,18166,9,70.14494939658908,0.5055000074207783,1138.018584009842,73.4595538147139
1790260456,40,,Aggregated,162.200000,0.000000,170,210,230,250,330,400,470,490,600,750,750,35232,18166,9,70.14494939658908,0.5055000074207783,1138.018584009842,73.4595538147139
1790260457,40,POST,POST /webhooks/im/messages,163.300000,0.000000,160,210,230,250,340,420,470,520,590,600,600,35358,18166,9,70.5504981023717,0.5055000074207783,1138.018584009842,73.46147972170371
1790260457,40,,Aggregated,163.300000,0.000000,160,210,230,250,340,420,470,520,590,600,600,35358,18166,9,70.5504981023717,0.5055000074207783,1138.018584009842,73.46147972170371
1790260458,40,POST,POST /webhooks/im/messages,168.500000,0.000000,160,210,230,250,340,410,480,530,640,660,660,35498,18166,10,71.29703114374387,0.5055000074207783,1138.018584009842,73.46360358330047
1790260458,40,,Aggregated,168.500000,0.000000,160,210,230,250,340,410,480,530,640,660,660,35498,18166,10,71.29703114374387,0.5055000074207783,1138.018584009842,73.46360358330047
1790260459,40,POST,POST /webhooks/im/messages,172.000000,0.000000,170,210,240,260,350,420,490,550,640,660,660,35669,18166,10,71.90254112887033,0.5055000074207783,1138.018584009842,73.46617511003953
1790260459,40,,Aggregated,172.000000,0.000000,170,210,240,260,350,420,490,550,640,660,660,35669,18166,10,71.90254112887033,0.5055000074207783,1138.018584009842,73.46617511003953
1790260460,40,POST,POST /webhooks/im/messages,166.300000,0.000000,160,210,230,250,350,420,480,550,640,660,660,35876,18166,11,72.4355426480279,0.5055000074207783,1138.018584009842,73.46925521239827
1790260460,40,,Aggregated,166.300000,0.000000,160,210,230,250,350,420,480,550,640,660,660,35876,18166,11,72.4355426480279,0.5055000074207783,1138.018584009842,73.46925521239827
1790260461,40,POST,POST /webhooks/im/messages,165.100000,0.000000,180,220,250,270,360,430,500,550,640,660,660,36013,18166,11,73.073623854015,0.5055000074207783,1138.018584009842,73.47127426207203
1790260461,40,,Aggregated,165.100000,0.000000,180,220,250,270,360,430,500,550,640,660,660,36013,18166,11,73.073623854015,0.5055000074207783,1138.018584009842,73.47127426207203
1790260462,40,POST,POST /webhooks/im/messages,169.000000,0.000000,170,210,240,270,370,430,530,560,640,660,660,36169,18166,11,73.6546261390569,0.5055000074207783,1138.018584009842,73.47355470154
1790260462,40,,Aggregated,169.000000,0.000000,170,210,240,270,370,430,530,560,640,660,660,36169,18166,11,73.6546261390569,0.5055000074207783,1138.018584009842,73.47355470154
1790260463,40,POST,POST /webhooks/im/messages,164.400000,0.000000,170,210,240,270,370,430,530,560,640,660,660,36351,18166,12,73.76205460654816,0.5055000074207783,1138.018584009842,73.47619047619048
1790260463,40,,Aggregated,164.400000,0.000000,170,210,240,270,370,430,530,560,640,660,660,36351,18166,12,73.76205460654816,0.5055000074207783,1138.018584009842,73.47619047619048
1790260464,40,POST,POST /webhooks/im/messages,162.300000,0.000000,160,200,230,260,350,420,530,570,640,660,660,36530,18166,12,74.42904772618623,0.5055000074207783,1138.018584009842,73.47875718587463
1790260464,40,,Aggregated,162.300000,0.000000,160,200,230,260,350,420,530,570,640,660,660,36530,18166,12,74.42904772618623,0.5055000074207783,1138.018584009842,73.47875718587463
1790260465,40,POST,POST /webhooks/im/messages,169.800000,0.000000,160,210,260,290,360,420,530,570,640,660,660,36661,18166,12,75.17129461592928,0.5055000074207783,1138.018584009842,73.48061973214043
1790260465,40,,Aggregated,169.800000,0.000000,160,210,260,290,360,420,530,570,640,660,660,36661,18166,12,75.17129461592928,0.5055000074207783,1138.018584009842,73.48061973214043
1790260466,40,POST,POST /webhooks/im/messages,165.500000,0.000000,180,240,270,300,370,420,530,570,640,660,660,36827,18166,13,75.87786478525491,0.5055000074207783,1138.018584009842,73.4829608711
1790260466,40,,Aggregated,165.500000,0.000000,180,240,270,300,370,420,530,570,640,660,660,36827,18166,13,75.87786478525491,0.5055000074207783,1138.018584009842,73.4829608711
1790260467,40,POST,POST /webhooks/im/messages,165.600000,0.000000,190,240,270,300,370,420,530,560,640,660,660,36968,18166,13,76.66682618190697,0.5055000074207783,1138.018584009842,73.48493291495348
1790260467,40,,Aggregated,165.600000,0.000000,190,240,270,300,370,420,530,560,640,660,660,36968,18166,13,76.66682618190697,0.5055000074207783,1138.018584009842,73.48493291495348
1790260468,40,POST,POST /webhooks/im/messages,160.700000,0.000000,190,240,260,280,360,410,470,530,590,600,600,37124,18166,14,77.05531823237574,0.5055000074207783,1138.018584009842,73.48709729555004
1790260468,40,,Aggregated,160.700000,0.000000,190,240,260,280,360,410,470,530,590,600,600,37124,18166,14,77.05531823237574,0.5055000074207783,1138.018584009842,73.48709729555004
1790260469,40,POST,POST /webhooks/im/messages,158.000000,0.000000,180,240,260,290,370,440,570,610,810,830,830,37305,18173,14,77.77354181403483,0.5055000074207783,1138.018584009842,73.4893982039941
1790260469,40,,Aggregated,158.000000,0.000000,180,240,260,290,370,440,570,610,810,830,830,37305,18173,14,77.77354181403483,0.5055000074207783,1138.018584009842,73.4893982039941
1790260470,40,POST,POST /webhooks/im/messages,165.800000,0.000000,160,220,250,270,360,420,570,610,810,830,830,37506,18315,14,77.50522646055457,0.5055000074207783,1138.018584009842,73.48834853090172
1790260470,40,,Aggregated,165.800000,0.000000,160,220,250,270,360,420,570,610,810,830,830,37506,18315,14,77.50522646055457,0.5055000074207783,1138.018584009842,73.48834853090172
1790260471,40,POST,POST /webhooks/im/messages,160.300000,0.000000,140,210,250,270,350,410,570,610,810,830,830,37706,18513,14,77.19389864028557,0.5055000074207783,1138.018584009842,73.48581127671989
1790260471,40,,Aggregated,160.300000,0.000000,140,210,250,270,350,410,570,610,810,830,830,37706,18513,14,77.19389864028557,0.5055000074207783,1138.018584009842,73.48581127671989
1790260472,40,POST,POST /webhooks/im/messages,164.400000,7.400000,120,190,240,260,330,410,560,610,810,830,830,37906,18713,14,76.80411114466006,0.5055000074207783,1138.018584009842,73.48324803461193
1790260472,40,,Aggregated,164.400000,7.400000,120,190,240,260,330,410,560,610,810,830,830,37906,18713,14,76.80411114466006,0.5055000074207783,1138.018584009842,73.48324803461193
1790260473,40,POST,POST /webhooks/im/messages,168.200000,26.600000,83,160,220,240,300,390,550,610,810,830,830,38107,18914,13,76.40901337138827,0.5055000074207783,1138.018584009842,73.48069908415776
1790260473,40,,Aggregated,168.200000,26.600000,83,160,220,240,300,390,550,610,810,830,830,38107,18914,13,76.40901337138827,0.5055000074207783,1138.018584009842,73.48069908415776
1790260474,40,POST,POST /webhooks/im/messages,171.000000,46.600000,15,110,180,230,270,380,500,600,810,830,830,38307,19114,12,76.02396223600047,0.5055000074207783,1138.018584009842,73.47818936486804
1790260474,40,,Aggregated,171.000000,46.600000,15,110,180,230,270,380,500,600,810,830,830,38307,19114,12,76.02396223600047,0.5055000074207783,1138.018584009842,73.47818936486804
1790260475,40,POST,POST /webhooks/im/messages,169.600000,66.600000,6,47,110,150,250,350,490,600,810,830,830,38510,19317,12,75.63755707391456,0.5055000074207783,1138.018584009842,73.47566865749157
1790260475,40,,Aggregated,169.600000,66.600000,6,47,110,150,250,350,490,600,810,830,830,38510,19317,12,75.63755707391456,0.5055000074207783,1138.018584009842,73.47566865749157
1790260476,40,POST,POST /webhooks/im/messages,176.500000,86.600000,4,10,45,88,200,250,490,600,810,830,830,38707,19514,12,75.2638012707605,0.5055000074207783,1138.018584009842,73.47324773296819
1790260476,40,,Aggregated,176.500000,86.600000,4,10,45,88,200,250,490,600,810,830,830,38707,19514,12,75.2638012707605,0.5055000074207783,1138.018584009842,73.47324773296819
1790260477,40,POST,POST /webhooks/im/messages,182.100000,106.600000,3,5,9,14,87,140,490,600,810,830,830,38910,19717,11,74.894620919053,0.5055000074207783,1138.018584009842,73.47077872012336
1790260477,40,,Aggregated,182.100000,106.600000,3,5,9,14,87,140,490,600,810,830,830,38910,19717,11,74.894620919053,0.5055000074207783,1138.018584009842,73.47077872012336
1790260478,40,POST,POST /webhooks/im/messages,187.500000,126.600000,2,4,6,8,32,83,110,130,150,150,150,39110,19917,11,74.52394888778926,0.5055000074207783,1138.018584009842,73.46837126054717
1790260478,40,,Aggregated,187.500000,126.600000,2,4,6,8,32,83,110,130,150,150,150,39110,19917,11,74.52394888778926,0.5055000074207783,1138.018584009842,73.46837126054717
1790260479,40,POST,POST /webhooks/im/messages,192.300000,146.600000,2,3,4,4,7,12,32,56,150,150,150,39319,20126,10,74.13935651652595,0.5055000074207783,1138.018584009842,73.46588163483304
1790260479,40,,Aggregated,192.300000,146.600000,2,3,4,4,7,12,32,56,150,150,150,39319,20126,10,74.13935651652595,0.5055000074207783,1138.018584009842,73.46588163483304
1790260480,40,POST,POST /webhooks/im/messages,191.800000,166.600000,2,3,3,3,5,7,11,12,61,62,62,39519,20326,10,73.77687318330759,0.5055000074207783,1138.018584009842,73.46352387459197
1790260480,40,,Aggregated,191.800000,166.600000,2,3,3,3,5,7,11,12,61,62,62,39519,20326,10,73.77687318330759,0.5055000074207783,1138.018584009842,73.46352387459197
1790260481,40,POST,POST /webhooks/im/messages,202.500000,186.600000,2,2,3,3,4,6,11,13,61,62,62,39721,20528,9,73.41507102540476,0.5055000074207783,1138.018584009842,73.46116663729514
1790260481,40,,Aggregated,202.500000,186.600000,2,2,3,3,4,6,11,13,61,62,62,39721,20528,9,73.41507102540476,0.5055000074207783,1138.018584009842,73.46116663729514
1790260482,40,POST,POST /webhooks/im/messages,200.000000,199.200000,2,2,3,3,5,6,12,16,61,62,62,39921,20728,9,73.06460918561969,0.5055000074207783,1138.018584009842,73.45885624107612
1790260482,40,,Aggregated,200.000000,199.200000,2,2,3,3,5,6,12,16,61,62,62,39921,20728,9,73.06460918561969,0.5055000074207783,1138.018584009842,73.45885624107612
1790260483,40,POST,POST /webhooks/im/messages,200.000000,200.000000,2,2,3,3,4,6,12,22,61,62,62,40121,20928,9,72.71203156496429,0.5055000074207783,1138.018584009842,73.4565688791406
1790260483,40,,Aggregated,200.000000,200.000000,2,2,3,3,4,6,12,22,61,62,62,40121,20928,9,72.71203156496429,0.5055000074207783,1138.018584009842,73.4565688791406
1790260484,40,POST,POST /webhooks/im/messages,200.000000,200.000000,2,2,3,3,4,6,12,22,61,62,62,40323,21130,9,72.36142543372112,0.5055000074207783,1138.018584009842,73.45428167547057
1790260484,40,,Aggregated,200.000000,200.000000,2,2,3,3,4,6,12,22,61,62,62,40323,21130,9,72.36142543372112,0.5055000074207783,1138.018584009842,73.45428167547057
1790260485,40,POST,POST /webhooks/im/messages,200.000000,200.000000,2,2,3,3,4,6,12,22,61,62,62,40523,21330,8,72.01535584457906,0.5055000074207783,1138.018584009842,73.45203958245935
1790260485,40,,Aggregated,200.000000,200.000000,2,2,3,3,4,6,12,22,61,62,62,40523,21330,8,72.01535584457906,0.5055000074207783,1138.018584009842,73.45203958245935
1790260486,40,POST,POST /webhooks/im/messages,200.000000,200.000000,2,2,3,3,4,6,12,16,35,36,36,40723,21530,8,71.67457226495783,0.5055000074207783,1138.018584009842,73.4498195123149
1790260486,40,,Aggregated,200.000000,200.000000,2,2,3,3,4,6,12,16,35,36,36,40723,21530,8,71.67457226495783,0.5055000074207783,1138.018584009842,73.4498195123149
1790260487,40,POST,POST /webhooks/im/messages,200.000000,200.000000,2,2,3,3,4,6,12,16,35,36,36,40923,21730,8,71.3347602056292,0.5055000074207783,1138.018584009842,73.44762114214501
1790260487,40,,Aggregated,200.000000,200.000000,2,2,3,3,4,6,12,16,35,36,36,40923,21730,8,71.3347602056292,0.5055000074207783,1138.018584009842,73.44762114214501
1790260488,40,POST,POST /webhooks/im/messages,200.000000,200.000000,2,2,3,3,4,6,13,18,53,54,54,41123,21930,7,71.00600403109998,0.5055000074207783,1138.018584009842,73.44544415533886
1790260488,40,,Aggregated,200.000000,200.000000,2,2,3,3,4,6,13,18,53,54,54,41123,21930,7,71.00600403109998,0.5055000074207783,1138.018584009842,73.44544415533886
1790260489,40,POST,POST /webhooks/im/messages,200.000000,200.000000,2,2,3,3,4,6,12,18,53,54,54,41323,22130,7,70.67289168726536,0.5055000074207783,1138.018584009842,73.44328824141519
1790260489,40,,Aggregated,200.000000,200.000000,2,2,3,3,4,6,12,18,53,54,54,41323,22130,7,70.67289168726536,0.5055000074207783,1138.018584009842,73.44328824141519
1790260490,40,POST,POST /webhooks/im/messages,199.300000,199.300000,2,2,3,3,4,5,10,18,53,54,54,41523,22330,7,70.34092807347386,0.5055000074207783,1138.018584009842,73.44115309587457
1790260490,40,,Aggregated,199.300000,199.300000,2,2,3,3,4,5,10,18,53,54,54,41523,22330,7,70.34092807347386,0.5055000074207783,1138.018584009842,73.44115309587457
1790260491,40,POST,POST /webhooks/im/messages,200.000000,200.000000,2,2,3,3,4,6,10,18,53,54,54,41725,22532,7,70.01137194070549,0.5055000074207783,1138.018584009842,73.43901737567406
1790260491,40,,Aggregated,200.000000,200.000000,2,2,3,3,4,6,10,18,53,54,54,41725,22532,7,70.01137194070549,0.5055000074207783,1138.018584009842,73.43901737567406
1790260492,40,POST,POST /webhooks/im/messages,200.000000,200.000000,2,2,3,3,4,5,8,16,53,54,54,41928,22735,7,69.6840971410507,0.5055000074207783,1138.018584009842,73.43689181453921
1790260492,40,,Aggregated,200.000000,200.000000,2,2,3,3,4,5,8,16,53,54,54,41928,22735,7,69.6840971410507,0.5055000074207783,1138.018584009842,73.43689181453921
1790260493,40,POST,POST /webhooks/im/messages,200.000000,200.000000,2,2,3,3,4,5,8,14,53,54,54,42130,22937,6,69.36249809553554,0.5055000074207783,1138.018584009842,73.43479705672917
1790260493,40,,Aggregated,200.000000,200.000000,2,2,3,3,4,5,8,14,53,54,54,42130,22937,6,69.36249809553554,0.5055000074207783,1138.018584009842,73.43479705672917
1790260494,40,POST,POST /webhooks/im/messages,200.000000,200.000000,2,2,3,3,4,6,14,29,60,60,60,42328,23135,6,69.06942971319098,0.5055000074207783,1138.018584009842,73.43276318276318
1790260494,40,,Aggregated,200.000000,200.000000,2,2,3,3,4,6,14,29,60,60,60,42328,23135,6,69.06942971319098,0.5055000074207783,1138.018584009842,73.43276318276318
1790260495,40,POST,POST /webhooks/im/messages,200.000000,200.000000,2,2,3,3,4,6,14,29,60,60,60,42530,23337,6,68.75313869374418,0.5055000074207783,1138.018584009842,73.43070773571597
1790260495,40,,Aggregated,200.000000,200.000000,2,2,3,3,4,6,14,29,60,60,60,42530,23337,6,68.75313869374418,0.5055000074207783,1138.018584009842,73.43070773571597
1790260496,40,POST,POST /webhooks/im/messages,200.000000,200.000000,2,2,3,3,4,6,14,29,60,60,60,42733,23540,6,68.43602219172641,0.5055000074207783,1138.018584009842,73.42866169002879
1790260496,40,,Aggregated,200.000000,200.000000,2,2,3,3,4,6,14,29,60,60,60,42733,23540,6,68.43602219172641,0.5055000074207783,1138.018584009842,73.42866169002879
1790260497,40,POST,POST /webhooks/im/messages,200.000000,200.000000,2,2,3,3,5,11,43,53,60,60,60,42933,23740,6,68.16587142705733,0.5055000074207783,1138.018584009842,73.42666480329817
1790260497,40,,Aggregated,200.000000,200.000000,2,2,3,3,5,11,43,53,60,60,60,42933,23740,6,68.16587142705733,0.5055000074207783,1138.018584009842,73.42666480329817
1790260498,40,POST,POST /webhooks/im/messages,200.000000,200.000000,2,2,3,3,5,9,30,53,60,60,60,43133,23940,6,67.86021924961739,0.5055000074207783,1138.018584009842,73.42468643498017
1790260498,40,,Aggregated,200.000000,200.000000,2,2,3,3,5,9,30,53,60,60,60,43133,23940,6,67.86021924961739,0.5055000074207783,1138.018584009842,73.42468643498017
1790260499,40,POST,POST /webhooks/im/messages,200.000000,200.000000,2,2,3,3,5,12,42,53,60,60,60,43334,24141,6,67.56361226140513,0.5055000074207783,1138.018584009842,73.42271657359117
1790260499,40,,Aggregated,200.000000,200.000000,2,2,3,3,5,12,42,53,60,60,60,43334,24141,6,67.56361226140513,0.5055000074207783,1138.018584009842,73.42271657359117
1790260500,40,POST,POST /webhooks/im/messages,200.700000,200.700000,2,3,3,4,7,14,42,53,60,60,60,43534,24232,6,67.27643033088582,0.5055000074207783,1138.018584009842,73.42327835714615
1790260500,40,,Aggregated,200.700000,200.700000,2,3,3,4,7,14,42,53,60,60,60,43534,24232,6,67.27643033088582,0.5055000074207783,1138.018584009842,73.42327835714615
1790260501,40,POST,POST /webhooks/im/messages,200.000000,200.000000,2,3,4,5,14,44,110,320,440,490,490,43647,24236,6,67.41237499664933,0.5055000074207783,1138.018584009842,73.41943317982908
1790260501,40,,Aggregated,200.000000,200.000000,2,3,4,5,14,44,110,320,440,490,490,43647,24236,6,67.41237499664933,0.5055000074207783,1138.018584009842,73.41943317982908
1790260502,40,POST,POST /webhooks/im/messages,200.000000,200.000000,3,4,8,16,59,110,310,400,670,720,720,43871,24240,6,67.60109231598996,0.5055000074207783,1138.018584009842,73.41660778190604
1790260502,40,,Aggregated,200.000000,200.000000,3,4,8,16,59,110,310,400,670,720,720,43871,24240,6,67.60109231598996,0.5055000074207783,1138.018584009842,73.41660778190604
1790260503,40,POST,POST /webhooks/im/messages,198.700000,180.000000,3,8,24,41,87,190,480,520,670,720,720,44005,24240,6,67.97948566473943,0.5055000074207783,1138.018584009842,73.41838427451425
1790260503,40,,Aggregated,198.700000,180.000000,3,8,24,41,87,190,480,520,670,720,720,44005,24240,6,67.97948566473943,0.5055000074207783,1138.018584009842,73.41838427451425
1790260504,40,POST,POST /webhooks/im/messages,194.700000,160.800000,4,24,44,57,110,190,480,520,670,720,720,44205,24240,6,67.9314164992388,0.5055000074207783,1138.018584009842,73.42101572220336
1790260504,40,,Aggregated,194.700000,160.800000,4,24,44,57,110,190,480,520,670,720,720,44205,24240,6,67.9314164992388,0.5055000074207783,1138.018584009842,73.42101572220336
1790260505,40,POST,POST /webhooks/im/messages,185.900000,140.800000,11,41,63,78,140,280,480,520,670,720,720,44346,24240,6,68.14199505159104,0.5055000074207783,1138.018584009842,73.42285662742975
1790260505,40,,Aggregated,185.900000,140.800000,11,41,63,78,140,280,480,520,670,720,720,44346,24240,6,68.14199505159104,0.5055000074207783,1138.018584009842,73.42285662742975
1790260506,40,POST,POST /webhooks/im/messages,188.200000,120.800000,31,62,83,100,180,340,490,520,670,720,720,44554,24240,6,68.41883088382217,0.5055000074207783,1138.018584009842,73.42555101674373
1790260506,40,,Aggregated,188.200000,120.800000,31,62,83,100,180,340,490,520,670,720,720,44554,24240,6,68.41883088382217,0.5055000074207783,1138.018584009842,73.42555101674373
1790260507,40,POST,POST /webhooks/im/messages,188.300000,100.800000,41,71,90,120,220,350,490,520,670,720,720,44773,24240,7,68.58341465208098,0.5055000074207783,1138.018584009842,73.42836084247203
1790260507,40,,Aggregated,188.300000,100.800000,41,71,90,120,220,350,490,520,670,720,720,44773,24240,7,68.58341465208098,0.5055000074207783,1138.018584009842,73.42836084247203
1790260508,40,POST,POST /webhooks/im/messages,184.000000,80.800000,56,79,110,150,260,370,490,520,670,720,720,44943,24240,7,68.78800754154405,0.5055000074207783,1138.018584009842,73.43052310704671
1790260508,40,,Aggregated,184.000000,80.800000,56,79,110,150,260,370,490,520,670,720,720,44943,24240,7,68.78800754154405,0.5055000074207783,1138.018584009842,73.43052310704671
1790260509,40,POST,POST /webhooks/im/messages,183.100000,60.800000,61,84,120,150,270,370,490,520,670,720,720,45143,24240,7,68.82123292992635,0.5055000074207783,1138.018584009842,73.43304609795538
1790260509,40,,Aggregated,183.100000,60.800000,61,84,120,150,270,370,490,520,670,720,720,45143,24240,7,68.82123292992635,0.5055000074207783,1138.018584009842,73.43304609795538
1790260510,40,POST,POST /webhooks/im/messages,177.400000,40.800000,62,86,130,160,270,370,490,520,670,720,720,45343,24240,7,68.76047994075594,0.5055000074207783,1138.018584009842,73.43554683192555
1790260510,40,,Aggregated,177.400000,40.800000,62,86,130,160,270,370,490,520,670,720,720,45343,24240,7,68.76047994075594,0.5055000074207783,1138.018584009842,73.43554683192555
1790260511,40,POST,POST /webhooks/im/messages,176.800000,20.800000,58,79,120,150,240,340,480,490,560,570,570,45517,24240,7,68.78289551696518,0.5055000074207783,1138.018584009842,73.437704593888
1790260511,40,,Aggregated,176.800000,20.800000,58,79,120,150,240,340,480,490,560,570,570,45517,24240,7,68.78289551696518,0.5055000074207783,1138.018584009842,73.437704593888
1790260512,40,POST,POST /webhooks/im/messages,177.600000,0.800000,58,79,120,150,230,330,480,490,560,570,570,45719,24240,7,68.75577197842335,0.5055000074207783,1138.018584009842,73.44018898051138
1790260512,40,,Aggregated,177.600000,0.800000,58,79,120,150,230,330,480,490,560,570,570,45719,24240,7,68.75577197842335,0.5055000074207783,1138.018584009842,73.44018898051138
1790260513,40,POST,POST /webhooks/im/messages,181.100000,0.800000,54,76,110,140,200,270,350,390,510,510,510,45943,24240,8,68.68553072677958,0.5055000074207783,1138.018584009842,73.44291839888558
1790260513,40,,Aggregated,181.100000,0.800000,54,76,110,140,200,270,350,390,510,510,510,45943,24240,8,68.68553072677958,0.5055000074207783,1138.018584009842,73.44291839888558
1790260514,40,POST,POST /webhooks/im/messages,185.200000,0.000000,48,68,92,140,200,270,350,390,510,510,510,46121,24240,8,68.48720775907971,0.5055000074207783,1138.018584009842,73.44506840701632
1790260514,40,,Aggregated,185.200000,0.000000,48,68,92,140,200,270,350,390,510,510,510,46121,24240,8,68.48720775907971,0.5055000074207783,1138.018584009842,73.44506840701632
1790260515,40,POST,POST /webhooks/im/messages,194.000000,0.000000,45,63,80,93,170,240,290,370,460,460,460,46343,24240,8,68.45858518418211,0.5055000074207783,1138.018584009842,73.44772673327148
1790260515,40,,Aggregated,194.000000,0.000000,45,63,80,93,170,240,290,370,460,460,460,46343,24240,8,68.45858518418211,0.5055000074207783,1138.018584009842,73.44772673327148
1790260516,40,POST,POST /webhooks/im/messages,191.700000,0.000000,38,54,68,81,140,190,260,340,390,400,400,46544,24240,8,68.2882472442767,0.5055000074207783,1138.018584009842,73.45011172224132
1790260516,40,,Aggregated,191.700000,0.000000,38,54,68,81,140,190,260,340,390,400,400,46544,24240,8,68.2882472442767,0.5055000074207783,1138.018584009842,73.45011172224132
1790260517,40,POST,POST /webhooks/im/messages,191.600000,0.000000,35,51,65,77,130,180,240,280,390,400,400,46744,24240,9,68.10719709820599,0.5055000074207783,1138.018584009842,73.45246448742084
1790260517,40,,Aggregated,191.600000,0.000000,35,51,65,77,130,180,240,280,390,400,400,46744,24240,9,68.10719709820599,0.5055000074207783,1138.018584009842,73.45246448742084
1790260518,40,POST,POST /webhooks/im/messages,195.900000,0.000000,30,42,56,68,110,160,200,240,280,290,290,46944,24240,9,67.90021982631467,0.5055000074207783,1138.018584009842,73.45479720518064
1790260518,40,,Aggregated,195.900000,0.000000,30,42,56,68,110,160,200,240,280,290,290,46944,24240,9,67.90021982631467,0.5055000074207783,1138.018584009842,73.45479720518064
1790260519,40,POST,POST /webhooks/im/messages,196.800000,0.000000,28,37,49,58,97,140,190,190,250,250,250,47117,24240,9,67.74354864727187,0.5055000074207783,1138.018584009842,73.45679903219644
1790260519,40,,Aggregated,196.800000,0.000000,28,37,49,58,97,140,190,190,250,250,250,47117,24240,9,67.74354864727187,0.5055000074207783,1138.018584009842,73.45679903219644
1790260520,40,POST,POST /webhooks/im/messages,202.500000,0.000000,29,42,61,76,100,140,180,200,250,250,250,47328,24240,9,67.80990861905363,0.5055000074207783,1138.018584009842,73.45922075726843
1790260520,40,,Aggregated,202.500000,0.000000,29,42,61,76,100,140,180,200,250,250,250,47328,24240,9,67.80990861905363,0.5055000074207783,1138.018584009842,73.45922075726843
1790260521,40,POST,POST /webhooks/im/messages,203.100000,0.000000,31,44,61,75,95,120,150,160,200,230,230,47544,24240,10,67.78212401597663,0.5055000074207783,1138.018584009842,73.46167760390375
1790260521,40,,Aggregated,203.100000,0.000000,31,44,61,75,95,120,150,160,200,230,230,47544,24240,10,67.78212401597663,0.5055000074207783,1138.018584009842,73.46167760390375
1790260522,40,POST,POST /webhooks/im/messages,202.300000,0.000000,32,51,72,83,110,140,240,260,410,420,420,47720,24240,10,68.0350096540786,0.5055000074207783,1138.018584009842,73.46366303436714
1790260522,40,,Aggregated,202.300000,0.000000,32,51,72,83,110,140,240,260,410,420,420,47720,24240,10,68.0350096540786,0.5055000074207783,1138.018584009842,73.46366303436714
1790260523,40,POST,POST /webhooks/im/messages,200.100000,0.000000,35,61,78,87,120,180,360,410,470,470,470,47894,24240,10,68.27078011050833,0.5055000074207783,1138.018584009842,73.46561155885915
1790260523,40,,Aggregated,200.100000,0.000000,35,61,78,87,120,180,360,410,470,470,470,47894,24240,10,68.27078011050833,0.5055000074207783,1138.018584009842,73.46561155885915
1790260524,40,POST,POST /webhooks/im/messages,195.400000,0.000000,40,64,80,88,120,180,360,410,470,470,470,48074,24240,11,68.25704550001406,0.5055000074207783,1138.018584009842,73.4676124308358
1790260524,40,,Aggregated,195.400000,0.000000,40,64,80,88,120,180,360,410,470,470,470,48074,24240,11,68.25704550001406,0.5055000074207783,1138.018584009842,73.4676124308358
1790260525,40,POST,POST /webhooks/im/messages,195.400000,0.000000,42,69,84,95,150,260,470,560,700,710,710,48195,24251,11,68.63218855258232,0.5055000074207783,1138.018584009842,73.468720821662
1790260525,40,,Aggregated,195.400000,0.000000,42,69,84,95,150,260,470,560,700,710,710,48195,24251,11,68.63218855258232,0.5055000074207783,1138.018584009842,73.468720821662
1790260526,40,POST,POST /webhooks/im/messages,195.700000,0.000000,40,69,85,97,150,270,540,560,700,710,710,48421,24433,11,68.46833962458072,0.5055000074207783,1138.018584009842,73.46744181243675
1790260526,40,,Aggregated,195.700000,0.000000,40,69,85,97,150,270,540,560,700,710,710,48421,24433,11,68.46833962458072,0.5055000074207783,1138.018584009842,73.46744181243675
1790260527,40,POST,POST /webhooks/im/messages,191.800000,0.100000,40,69,85,97,150,270,540,560,700,710,710,48621,24633,10,68.1982407757299,0.5055000074207783,1138.018584009842,73.46551901441764
1790260527,40,,Aggregated,191.800000,0.100000,40,69,85,97,150,270,540,560,700,710,710,48621,24633,10,68.1982407757299,0.5055000074207783,1138.018584009842,73.46551901441764
1790260528,40,POST,POST /webhooks/im/messages,187.200000,6.900000,39,69,85,97,150,270,540,560,700,710,710,48821,24833,10,67.93109289297135,0.5055000074207783,1138.018584009842,73.4636119702587
1790260528,40,,Aggregated,187.200000,6.900000,39,69,85,97,150,270,540,560,700,710,710,48821,24833,10,67.93109289297135,0.5055000074207783,1138.018584009842,73.4636119702587
1790260529,40,POST,POST /webhooks/im/messages,187.200000,26.800000,29,58,77,87,140,260,480,560,700,710,710,49028,25040,10,67.66833377184089,0.5055000074207783,1138.018584009842,73.46165456473852
1790260529,40,,Aggregated,187.200000,26.800000,29,58,77,87,140,260,480,560,700,710,710,49028,25040,10,67.66833377184089,0.5055000074207783,1138.018584009842,73.46165456473852
1790260530,40,POST,POST /webhooks/im/messages,187.200000,46.800000,7,44,67,79,140,260,480,560,700,710,710,49232,25244,9,67.39876549881852,0.5055000074207783,1138.018584009842,73.45974163145921
1790260530,40,,Aggregated,187.200000,46.800000,7,44,67,79,140,260,480,560,700,710,710,49232,25244,9,67.39876549881852,0.5055000074207783,1138.018584009842,73.45974163145921
1790260531,40,POST,POST /webhooks/im/messages,187.000000,66.600000,4,25,49,69,120,250,480,560,700,710,710,49433,25445,9,67.1354141607185,0.5055000074207783,1138.018584009842,73.45787227155948
1790260531,40,,Aggregated,187.000000,66.600000,4,25,49,69,120,250,480,560,700,710,710,49433,25445,9,67.1354141607185,0.5055000074207783,1138.018584009842,73.45787227155948
1790260532,40,POST,POST /webhooks/im/messages,187.200000,86.800000,3,6,21,40,85,180,480,560,700,710,710,49627,25639,9,66.8830815012554,0.5055000074207783,1138.018584009842,73.45608237451387
1790260532,40,,Aggregated,187.200000,86.800000,3,6,21,40,85,180,480,560,700,710,710,49627,25639,9,66.8830815012554,0.5055000074207783,1138.018584009842,73.45608237451387
1790260533,40,POST,POST /webhooks/im/messages,187.300000,106.900000,2,3,5,8,59,120,480,560,700,710,710,49837,25849,9,66.61537147185388,0.5055000074207783,1138.018584009842,73.4541605634368
1790260533,40,,Aggregated,187.300000,106.900000,2,3,5,8,59,120,480,560,700,710,710,49837,25849,9,66.61537147185388,0.5055000074207783,1138.018584009842,73.4541605634368
1790260534,40,POST,POST /webhooks/im/messages,191.900000,126.900000,2,3,4,5,10,40,480,560,700,710,710,50037,26049,8,66.36660491741742,0.5055000074207783,1138.018584009842,73.45234526450427
1790260534,40,,Aggregated,191.900000,126.900000,2,3,4,5,10,40,480,560,700,710,710,50037,26049,8,66.36660491741742,0.5055000074207783,1138.018584009842,73.45234526450427
1790260535,40,POST,POST /webhooks/im/messages,191.900000,146.900000,2,3,3,4,6,8,14,32,44,44,44,50242,26254,8,66.10575024964473,0.5055000074207783,1138.018584009842,73.45049958202301
1790260535,40,,Aggregated,191.900000,146.900000,2,3,3,4,6,8,14,32,44,44,44,50242,26254,8,66.10575024964473,0.5055000074207783,1138.018584009842,73.45049958202301
1790260536,40,POST,POST /webhooks/im/messages,191.500000,166.800000,2,3,3,4,6,8,14,32,44,44,44,50442,26454,8,65.85486759199688,0.5055000074207783,1138.018584009842,73.44871337377582
1790260536,40,,Aggregated,191.500000,166.800000,2,3,3,4,6,8,14,32,44,44,44,50442,26454,8,65.85486759199688,0.5055000074207783,1138.018584009842,73.44871337377582
1790260537,40,POST,POST /webhooks/im/messages,195.400000,186.700000,2,3,3,4,5,8,18,32,44,44,44,50642,26654,8,65.6090992544441,0.5055000074207783,1138.018584009842,73.44694127404131
1790260537,40,,Aggregated,195.400000,186.700000,2,3,3,4,5,8,18,32,44,44,44,50642,26654,8,65.6090992544441,0.5055000074207783,1138.018584009842,73.44694127404131
1790260538,40,POST,POST /webhooks/im/messages,200.000000,199.900000,2,3,3,4,5,7,12,18,40,40,40,50842,26854,7,65.36149019329572,0.5055000074207783,1138.018584009842,73.44518311632115
1790260538,40,,Aggregated,200.000000,199.900000,2,3,3,4,5,7,12,18,40,40,40,50842,26854,7,65.36149019329572,0.5055000074207783,1138.018584009842,73.44518311632115
1790260539,40,POST,POST /webhooks/im/messages,200.100000,200.100000,2,3,3,4,5,8,18,39,57,57,57,51042,27054,7,65.13542534253436,0.5055000074207783,1138.018584009842,73.44343873672662
1790260539,40,,Aggregated,200.100000,200.100000,2,3,3,4,5,8,18,39,57,57,57,51042,27054,7,65.13542534253436,0.5055000074207783,1138.018584009842,73.44343873672662
1790260540,40,POST,POST /webhooks/im/messages,200.000000,200.000000,2,3,4,4,6,9,21,39,57,57,57,51242,27254,7,64.89622528643581,0.5055000074207783,1138.018584009842,73.44170797392763
1790260540,40,,Aggregated,200.000000,200.000000,2,3,4,4,6,9,21,39,57,57,57,51242,27254,7,64.89622528643581,0.5055000074207783,1138.018584009842,73.44170797392763
1790260541,40,POST,POST /webhooks/im/messages,200.000000,200.000000,2,3,3,4,5,9,21,39,57,57,57,51442,27454,7,64.65354027541002,0.5055000074207783,1138.018584009842,73.43999066910307
1790260541,40,,Aggregated,200.000000,200.000000,2,3,3,4,5,9,21,39,57,57,57,51442,27454,7,64.65354027541002,0.5055000074207783,1138.018584009842,73.43999066910307
1790260542,40,POST,POST /webhooks/im/messages,199.800000,199.800000,2,3,3,4,5,8,21,39,57,57,57,51642,27654,7,64.41433942765087,0.5055000074207783,1138.018584009842,73.43828666589211
1790260542,40,,Aggregated,199.800000,199.800000,2,3,3,4,5,8,21,39,57,57,57,51642,27654,7,64.41433942765087,0.5055000074207783,1138.018584009842,73.43828666589211
1790260543,40,POST,POST /webhooks/im/messages,199.900000,199.900000,2,3,4,4,5,8,25,39,57,57,57,51842,27854,7,64.17888922799665,0.5055000074207783,1138.018584009842,73.43659581034682
1790260543,40,,Aggregated,199.900000,199.900000,2,3,4,4,5,8,25,39,57,57,57,51842,27854,7,64.17888922799665,0.5055000074207783,1138.018584009842,73.43659581034682
1790260544,40,POST,POST /webhooks/im/messages,199.700000,199.700000,2,3,4,4,5,8,26,38,57,57,57,52042,28054,7,63.95121304057896,0.5055000074207783,1138.018584009842,73.43491795088582
1790260544,40,,Aggregated,199.700000,199.700000,2,3,4,4,5,8,26,38,57,57,57,52042,28054,7,63.95121304057896,0.5055000074207783,1138.018584009842,73.43491795088582
1790260545,40,POST,POST /webhooks/im/messages,199.900000,199.900000,2,3,4,4,5,8,26,38,57,57,57,52242,28254,6,63.717633739304745,0.5055000074207783,1138.018584009842,73.43325293824891
1790260545,40,,Aggregated,199.900000,199.900000,2,3,4,4,5,8,26,38,57,57,57,52242,28254,6,63.717633739304745,0.5055000074207783,1138.018584009842,73.43325293824891
1790260546,40,POST,POST /webhooks/im/messages,199.800000,199.800000,2,3,4,4,5,8,26,38,57,57,57,52442,28454,6,63.48369818652237,0.5055000074207783,1138.018584009842,73.43160062545289
1790260546,40,,Aggregated,199.800000,199.800000,2,3,4,4,5,8,26,38,57,57,57,52442,28454,6,63.48369818652237,0.5055000074207783,1138.018584009842,73.43160062545289
1790260547,40,POST,POST /webhooks/im/messages,200.100000,200.100000,2,3,4,4,5,9,26,38,57,57,57,52642,28654,6,63.25816698886008,0.5055000074207783,1138.018584009842,73.42996086774819
1790260547,40,,Aggregated,200.100000,200.100000,2,3,4,4,5,9,26,38,57,57,57,52642,28654,6,63.25816698886008,0.5055000074207783,1138.018584009842,73.42996086774819
1790260548,40,POST,POST /webhooks/im/messages,200.000000,200.000000,2,3,4,4,5,9,26,38,57,57,57,52842,28854,6,63.02928068291589,0.5055000074207783,1138.018584009842,73.42833352257674
1790260548,40,,Aggregated,200.000000,200.000000,2,3,4,4,5,9,26,38,57,57,57,52842,28854,6,63.02928068291589,0.5055000074207783,1138.018584009842,73.42833352257674
1790260549,40,POST,POST /webhooks/im/messages,199.900000,199.900000,2,3,4,4,5,8,18,27,43,44,44,53042,29054,6,62.80681810368438,0.5055000074207783,1138.018584009842,73.42671844953055
1790260549,40,,Aggregated,199.900000,199.900000,2,3,4,4,5,8,18,27,43,44,44,53042,29054,6,62.80681810368438,0.5055000074207783,1138.018584009842,73.42671844953055
1790260550,40,POST,POST /webhooks/im/messages,200.000000,200.000000,2,3,4,4,5,8,17,27,43,44,44,53242,29254,6,62.58528542677847,0.5055000074207783,1138.018584009842,73.42511551031141
1790260550,40,,Aggregated,200.000000,200.000000,2,3,4,4,5,8,17,27,43,44,44,53242,29254,6,62.58528542677847,0.5055000074207783,1138.018584009842,73.42511551031141
1790260551,40,POST,POST /webhooks/im/messages,200.200000,200.200000,2,3,4,4,6,8,17,27,43,44,44,53442,29454,6,62.36261142729706,0.5055000074207783,1138.018584009842,73.42352456869129
1790260551,40,,Aggregated,200.200000,200.200000,2,3,4,4,6,8,17,27,43,44,44,53442,29454,6,62.36261142729706,0.5055000074207783,1138.018584009842,73.42352456869129
1790260552,40,POST,POST /webhooks/im/messages,200.200000,200.200000,2,3,4,4,6,8,17,27,43,44,44,53642,29654,6,62.14048377485084,0.5055000074207783,1138.018584009842,73.42194549047389
1790260552,40,,Aggregated,200.200000,200.200000,2,3,4,4,6,8,17,27,43,44,44,53642,29654,6,62.14048377485084,0.5055000074207783,1138.018584009842,73.42194549047389
1790260553,40,POST,POST /webhooks/im/messages,200.000000,200.000000,2,3,4,4,6,8,17,26,43,44,44,53842,29854,6,61.92220867435409,0.5055000074207783,1138.018584009842,73.42037814345679
1790260553,40,,Aggregated,200.000000,200.000000,2,3,4,4,6,8,17,26,43,44,44,53842,29854,6,61.92220867435409,0.5055000074207783,1138.018584009842,73.42037814345679
1790260554,40,POST,POST /webhooks/im/messages,200.200000,200.200000,2,3,4,4,6,10,18,31,43,43,43,54042,30054,6,61.716945346277406,0.5055000074207783,1138.018584009842,73.41882239739462
1790260554,40,,Aggregated,200.200000,200.200000,2,3,4,4,6,10,18,31,43,43,43,54042,30054,6,61.716945346277406,0.5055000074207783,1138.018584009842,73.41882239739462
1790260555,40,POST,POST /webhooks/im/messages,199.900000,199.900000,2,3,4,4,6,10,18,31,43,43,43,54242,30254,6,61.498495980668785,0.5055000074207783,1138.018584009842,73.41727812396299
1790260555,40,,Aggregated,199.900000,199.900000,2,3,4,4,6,10,18,31,43,43,43,54242,30254,6,61.498495980668785,0.5055000074207783,1138.018584009842,73.41727812396299
1790260556,40,POST,POST /webhooks/im/messages,200.200000,200.200000,2,3,4,4,7,13,19,31,43,43,43,54442,30454,6,61.290927847074194,0.5055000074207783,1138.018584009842,73.41574519672312
1790260556,40,,Aggregated,200.200000,200.200000,2,3,4,4,7,13,19,31,43,43,43,54442,30454,6,61.290927847074194,0.5055000074207783,1138.018584009842,73.41574519672312
1790260557,40,POST,POST /webhooks/im/messages,199.900000,199.900000,2,3,4,4,7,12,19,31,43,43,43,54642,30654,5,61.07914701157284,0.5055000074207783,1138.018584009842,73.41422349108744
1790260557,40,,Aggregated,199.900000,199.900000,2,3,4,4,7,12,19,31,43,43,43,54642,30654,5,61.07914701157284,0.5055000074207783,1138.018584009842,73.41422349108744
1790260558,40,POST,POST /webhooks/im/messages,200.000000,200.000000,2,3,4,4,7,12,19,31,43,43,43,54842,30854,5,60.86857364502383,0.5055000074207783,1138.018584009842,73.41271288428577
1790260558,40,,Aggregated,200.000000,200.000000,2,3,4,4,7,12,19,31,43,43,43,54842,30854,5,60.86857364502383,0.5055000074207783,1138.018584009842,73.41271288428577
1790260559,40,POST,POST /webhooks/im/messages,200.000000,200.000000,2,3,4,4,7,11,19,30,50,50,50,55042,31054,5,60.65937985488066,0.5055000074207783,1138.018584009842,73.41121325533229
1790260559,40,,Aggregated,200.000000,200.000000,2,3,4,4,7,11,19,30,50,50,50,55042,31054,5,60.65937985488066,0.5055000074207783,1138.018584009842,73.41121325533229
1790260560,40,POST,POST /webhooks/im/messages,200.100000,200.100000,2,3,4,6,13,28,47,54,83,94,94,55242,31108,5,60.53264429869044,0.5055000074207783,1138.018584009842,73.41236740161472
1790260560,40,,Aggregated,200.100000,200.100000,2,3,4,6,13,28,47,54,83,94,94,55242,31108,5,60.53264429869044,0.5055000074207783,1138.018584009842,73.41236740161472
1790260561,40,POST,POST /webhooks/im/messages,200.000000,200.000000,2,4,6,9,31,62,140,170,280,280,280,55361,31108,5,60.628165945995974,0.5055000074207783,1138.018584009842,73.41363053413052
1790260561,40,,Aggregated,200.000000,200.000000,2,4,6,9,31,62,140,170,280,280,280,55361,31108,5,60.628165945995974,0.5055000074207783,1138.018584009842,73.41363053413052
1790260562,40,POST,POST /webhooks/im/messages,200.000000,200.000000,3,6,16,32,120,230,380,460,620,640,640,55553,31110,6,61.250040991073945,0.5055000074207783,1138.018584009842,73.4137490324555
1790260562,40,,Aggregated,200.000000,200.000000,3,6,16,32,120,230,380,460,620,640,640,55553,31110,6,61.250040991073945,0.5055000074207783,1138.018584009842,73.4137490324555
