Timestamp,User Count,Type,Name,Requests/s,Failures/s,50%,66%,75%,80%,90%,95%,98%,99%,99.9%,99.99%,100%,Total Request Count,Total Failure Count,Total Median Response Time,Total Average Response Time,Total Min Response Time,Total Max Response Time,Total Average Content Size
1790261027,0,,Aggregated,0.000000,0.000000,N/A,N/A,N/A,N/A,N/A,N/A,N/A,N/A,N/A,N/A,N/A,0,0,0,0.0,0,0,0
1790261028,50,POST,POST /webhooks/im/messages,0.000000,0.000000,0,0,0,0,0,0,0,0,0,0,0,199,0,150.0,162.3649665926865,32.70129198790528,408.80412500700913,74.0
1790261028,50,,Aggregated,0.000000,0.000000,0,0,0,0,0,0,0,0,0,0,0,199,0,150.0,162.3649665926865,32.70129198790528,408.80412500700913,74.0
1790261029,50,POST,POST /webhooks/im/messages,0.000000,0.000000,120,150,170,190,230,270,310,360,410,410,410,486,0,120.0,121.89606396468699,3.1644580012653023,408.80412500700913,74.0
1790261029,50,,Aggregated,0.000000,0.000000,120,150,170,190,230,270,310,360,410,410,410,486,0,120.0,121.89606396468699,3.1644580012653023,408.80412500700913,74.0
1790261030,50,POST,POST /webhooks/im/messages,13.000000,0.000000,79,130,150,160,210,250,290,350,410,410,410,735,0,80,101.35196320261952,2.9039579967502505,408.80412500700913,74.0
1790261030,50,,Aggregated,13.000000,0.000000,79,130,150,160,210,250,290,350,410,410,410,735,0,80,101.35196320261952,2.9039579967502505,408.80412500700913,74.0
1790261031,50,POST,POST /webhooks/im/messages,136.000000,0.000000,85,140,160,170,210,240,280,310,410,410,410,978,0,87,106.23721792626291,2.9039579967502505,408.80412500700913,74.0
1790261031,50,,Aggregated,136.000000,0.000000,85,140,160,170,210,240,280,310,410,410,410,978,0,87,106.23721792626291,2.9039579967502505,408.80412500700913,74.0
1790261032,50,POST,POST /webhooks/im/messages,171.666667,0.000000,72,130,150,160,200,230,270,290,400,410,410,1228,0,73,96.59824711405011,2.875500009395182,408.80412500700913,74.0
1790261032,50,,Aggregated,171.666667,0.000000,72,130,150,160,200,230,270,290,400,410,410,1228,0,73,96.59824711405011,2.875500009395182,408.80412500700913,74.0
1790261033,50,POST,POST /webhooks/im/messages,189.750000,0.000000,63,110,140,150,190,220,260,290,400,410,410,1478,0,64,88.47204672798418,2.5864999915938824,408.80412500700913,74.0
1790261033,50,,Aggregated,189.750000,0.000000,63,110,140,150,190,220,260,290,400,410,410,1478,0,64,88.47204672798418,2.5864999915938824,408.80412500700913,74.0
1790261034,50,POST,POST /webhooks/im/messages,205.600000,0.000000,58,96,130,150,180,220,250,280,400,410,410,1725,0,59,83.09354762141795,2.5864999915938824,408.80412500700913,74.0
1790261034,50,,Aggregated,205.600000,0.000000,58,96,130,150,180,220,250,280,400,410,410,1725,0,59,83.09354762141795,2.5864999915938824,408.80412500700913,74.0
1790261035,50,POST,POST /webhooks/im/messages,212.166667,0.000000,64,110,140,150,190,220,250,280,400,410,410,1963,0,64,86.62287096030339,2.1769580052932724,408.80412500700913,74.0
1790261035,50,,Aggregated,212.166667,0.000000,64,110,140,150,190,220,250,280,400,410,410,1963,0,64,86.62287096030339,2.1769580052932724,408.80412500700913,74.0
1790261036,50,POST,POST /webhooks/im/messages,218.714286,0.000000,63,100,130,150,180,210,250,280,360,410,410,2218,0,64,84.40952137291806,2.1769580052932724,408.80412500700913,74.0
1790261036,50,,Aggregated,218.714286,0.000000,63,100,130,150,180,210,250,280,360,410,410,2218,0,64,84.40952137291806,2.1769580052932724,408.80412500700913,74.0
1790261037,50,POST,POST /webhooks/im/messages,222.500000,0.000000,63,96,130,140,170,210,250,280,360,410,410,2462,0,64,82.05540126080267,2.1769580052932724,408.80412500700913,74.0
1790261037,50,,Aggregated,222.500000,0.000000,63,96,130,140,170,210,250,280,360,410,410,2462,0,64,82.05540126080267,2.1769580052932724,408.80412500700913,74.0
1790261038,50,POST,POST /webhooks/im/messages,222.888889,0.000000,56,81,100,120,160,180,210,230,280,300,300,2711,0,63,79.68394218074054,2.1769580052932724,408.80412500700913,74.0
1790261038,50,,Aggregated,222.888889,0.000000,56,81,100,120,160,180,210,230,280,300,300,2711,0,63,79.68394218074054,2.1769580052932724,408.80412500700913,74.0
1790261039,50,POST,POST /webhooks/im/messages,225.700000,0.000000,58,83,100,120,160,180,210,230,280,300,300,2956,0,63,79.46545948984583,2.1769580052932724,408.80412500700913,74.0
1790261039,50,,Aggregated,225.700000,0.000000,58,83,100,120,160,180,210,230,280,300,300,2956,0,63,79.46545948984583,2.1769580052932724,408.80412500700913,74.0
1790261040,50,POST,POST /webhooks/im/messages,250.100000,0.000000,61,83,100,110,160,180,210,220,280,300,300,3207,0,64,78.19667216493283,2.1769580052932724,408.80412500700913,74.0
1790261040,50,,Aggregated,250.100000,0.000000,61,83,100,110,160,180,210,220,280,300,300,3207,0,64,78.19667216493283,2.1769580052932724,408.80412500700913,74.0
1790261041,50,POST,POST /webhooks/im/messages,251.600000,0.000000,59,82,97,110,140,170,190,210,280,300,300,3462,0,64,78.2201743962986,2.1404580038506538,408.80412500700913,74.0
1790261041,50,,Aggregated,251.600000,0.000000,59,82,97,110,140,170,190,210,280,300,300,3462,0,64,78.2201743962986,2.1404580038506538,408.80412500700913,74.0
1790261042,50,POST,POST /webhooks/im/messages,252.300000,0.000000,61,83,97,110,140,160,190,210,280,300,300,3706,0,64,77.78613941848621,2.1404580038506538,408.80412500700913,74.0
1790261042,50,,Aggregated,252.300000,0.000000,61,83,97,110,140,160,190,210,280,300,300,3706,0,64,77.78613941848621,2.1404580038506538,408.80412500700913,74.0
1790261043,50,POST,POST /webhooks/im/messages,253.200000,0.000000,64,85,100,110,140,170,190,210,280,300,300,3971,0,63,77.0663805988443,2.1404580038506538,408.80412500700913,74.0
1790261043,50,,Aggregated,253.200000,0.000000,64,85,100,110,140,170,190,210,280,300,300,3971,0,63,77.0663805988443,2.1404580038506538,408.80412500700913,74.0
1790261044,50,POST,POST /webhooks/im/messages,250.900000,0.000000,65,85,100,110,150,170,190,210,280,300,300,4205,0,62,75.8429842699163,2.1404580038506538,408.80412500700913,74.0
1790261044,50,,Aggregated,250.900000,0.000000,65,85,100,110,150,170,190,210,280,300,300,4205,0,62,75.8429842699163,2.1404580038506538,408.80412500700913,74.0
1790261045,50,POST,POST /webhooks/im/messages,251.300000,0.000000,61,79,93,100,130,150,170,190,220,220,220,4485,0,62,74.89820128764751,2.1404580038506538,408.80412500700913,74.0
1790261045,50,,Aggregated,251.300000,0.000000,61,79,93,100,130,150,170,190,220,220,220,4485,0,62,74.89820128764751,2.1404580038506538,408.80412500700913,74.0
1790261046,50,POST,POST /webhooks/im/messages,251.300000,0.000000,58,76,89,98,130,150,170,190,220,220,220,4713,0,60,73.453185714657,2.1404580038506538,408.80412500700913,74.0
1790261046,50,,Aggregated,251.300000,0.000000,58,76,89,98,130,150,170,190,220,220,220,4713,0,60,73.453185714657,2.1404580038506538,408.80412500700913,74.0
1790261047,50,POST,POST /webhooks/im/messages,250.500000,0.000000,56,74,86,96,120,150,170,180,220,220,220,4986,0,59,72.23087352808939,2.1404580038506538,408.80412500700913,74.0
1790261047,50,,Aggregated,250.500000,0.000000,56,74,86,96,120,150,170,180,220,220,220,4986,0,59,72.23087352808939,2.1404580038506538,408.80412500700913,74.0
1790261048,50,POST,POST /webhooks/im/messages,253.000000,0.000000,54,71,84,92,120,140,170,180,220,220,220,5217,0,58,70.94273765209182,2.1404580038506538,408.80412500700913,74.0
1790261048,50,,Aggregated,253.000000,0.000000,54,71,84,92,120,140,170,180,220,220,220,5217,0,58,70.94273765209182,2.1404580038506538,408.80412500700913,74.0
1790261049,50,POST,POST /webhooks/im/messages,252.800000,0.000000,55,73,86,96,130,150,180,190,230,260,260,5469,0,59,72.20869585441764,2.1404580038506538,408.80412500700913,74.0
1790261049,50,,Aggregated,252.800000,0.000000,55,73,86,96,130,150,180,190,230,260,260,5469,0,59,72.20869585441764,2.1404580038506538,408.80412500700913,74.0
1790261050,50,POST,POST /webhooks/im/messages,252.200000,0.000000,52,70,84,92,120,150,180,200,230,260,260,5735,0,57,70.74221841343508,2.1404580038506538,408.80412500700913,74.0
1790261050,50,,Aggregated,252.200000,0.000000,52,70,84,92,120,150,180,200,230,260,260,5735,0,57,70.74221841343508,2.1404580038506538,408.80412500700913,74.0
1790261051,50,POST,POST /webhooks/im/messages,249.200000,0.000000,49,68,82,90,120,140,170,190,230,260,260,5984,0,57,69.92075550971352,2.125333994626999,408.80412500700913,74.0
1790261051,50,,Aggregated,249.200000,0.000000,49,68,82,90,120,140,170,190,230,260,260,5984,0,57,69.92075550971352,2.125333994626999,408.80412500700913,74.0
1790261052,50,POST,POST /webhooks/im/messages,249.700000,0.000000,50,68,82,90,120,140,170,190,230,260,260,6215,0,57,70.44266017298746,2.125333994626999,408.80412500700913,74.0
1790261052,50,,Aggregated,249.700000,0.000000,50,68,82,90,120,140,170,190,230,260,260,6215,0,57,70.44266017298746,2.125333994626999,408.80412500700913,74.0
1790261053,50,POST,POST /webhooks/im/messages,249.500000,0.000000,50,69,85,94,130,150,190,220,280,300,300,6443,0,57,70.76730110586911,2.125333994626999,408.80412500700913,74.0
1790261053,50,,Aggregated,249.500000,0.000000,50,69,85,94,130,150,190,220,280,300,300,6443,0,57,70.76730110586911,2.125333994626999,408.80412500700913,74.0
1790261054,50,POST,POST /webhooks/im/messages,248.900000,0.000000,51,73,87,97,130,160,200,220,300,400,400,6710,0,58,71.0296957329598,2.125333994626999,408.80412500700913,74.0
1790261054,50,,Aggregated,248.900000,0.000000,51,73,87,97,130,160,200,220,300,400,400,6710,0,58,71.0296957329598,2.125333994626999,408.80412500700913,74.0
1790261055,50,POST,POST /webhooks/im/messages,250.200000,0.000000,53,74,89,100,140,160,200,220,300,400,400,6978,0,58,71.07220149569854,2.125333994626999,408.80412500700913,74.0
1790261055,50,,Aggregated,250.200000,0.000000,53,74,89,100,140,160,200,220,300,400,400,6978,0,58,71.07220149569854,2.125333994626999,408.80412500700913,74.0
1790261056,50,POST,POST /webhooks/im/messages,248.500000,0.000000,53,77,93,110,140,170,210,220,300,400,400,7213,0,58,70.61356181239663,2.125333994626999,408.80412500700913,74.0
1790261056,50,,Aggregated,248.500000,0.000000,53,77,93,110,140,170,210,220,300,400,400,7213,0,58,70.61356181239663,2.125333994626999,408.80412500700913,74.0
1790261057,50,POST,POST /webhooks/im/messages,249.300000,0.000000,50,76,93,110,140,170,210,220,300,400,400,7465,0,56,69.40275595469186,2.125333994626999,408.80412500700913,74.0
1790261057,50,,Aggregated,249.300000,0.000000,50,76,93,110,140,170,210,220,300,400,400,7465,0,56,69.40275595469186,2.125333994626999,408.80412500700913,74.0
1790261058,50,POST,POST /webhooks/im/messages,247.800000,0.000000,52,78,96,110,140,170,200,220,300,400,400,7740,0,56,69.27391154233324,2.125333994626999,408.80412500700913,74.0
1790261058,50,,Aggregated,247.800000,0.000000,52,78,96,110,140,170,200,220,300,400,400,7740,0,56,69.27391154233324,2.125333994626999,408.80412500700913,74.0
1790261059,50,POST,POST /webhooks/im/messages,247.800000,0.000000,48,72,91,100,130,160,190,220,300,400,400,7982,0,55,68.61741268513398,2.125333994626999,408.80412500700913,74.0
1790261059,50,,Aggregated,247.800000,0.000000,48,72,91,100,130,160,190,220,300,400,400,7982,0,55,68.61741268513398,2.125333994626999,408.80412500700913,74.0
1790261060,50,POST,POST /webhooks/im/messages,249.200000,0.000000,49,73,93,110,140,160,190,220,300,400,400,8235,0,55,68.03817099376286,2.125333994626999,408.80412500700913,74.0
1790261060,50,,Aggregated,249.200000,0.000000,49,73,93,110,140,160,190,220,300,400,400,8235,0,55,68.03817099376286,2.125333994626999,408.80412500700913,74.0
1790261061,50,POST,POST /webhooks/im/messages,247.000000,0.000000,48,73,93,110,140,160,190,220,300,400,400,8472,0,55,67.7659577657725,2.125333994626999,408.80412500700913,74.0
1790261061,50,,Aggregated,247.000000,0.000000,48,73,93,110,140,160,190,220,300,400,400,8472,0,55,67.7659577657725,2.125333994626999,408.80412500700913,74.0
1790261062,50,POST,POST /webhooks/im/messages,246.000000,0.000000,46,73,93,110,140,170,210,230,310,400,400,8680,0,55,68.45766502517489,2.125333994626999,408.80412500700913,74.0
1790261062,50,,Aggregated,246.000000,0.000000,46,73,93,110,140,170,210,230,310,400,400,8680,0,55,68.45766502517489,2.125333994626999,408.80412500700913,74.0
1790261063,50,POST,POST /webhooks/im/messages,246.800000,0.000000,45,74,96,110,140,170,220,260,410,440,440,8945,0,55,69.26155263449716,2.125333994626999,435.10529199556913,74.0
1790261063,50,,Aggregated,246.800000,0.000000,45,74,96,110,140,170,220,260,410,440,440,8945,0,55,69.26155263449716,2.125333994626999,435.10529199556913,74.0
1790261064,50,POST,POST /webhooks/im/messages,250.300000,0.000000,43,73,96,110,140,170,220,260,410,440,440,9198,0,55,68.84977145233626,2.125333994626999,435.10529199556913,74.0
1790261064,50,,Aggregated,250.300000,0.000000,43,73,96,110,140,170,220,260,410,440,440,9198,0,55,68.84977145233626,2.125333994626999,435.10529199556913,74.0
1790261065,50,POST,POST /webhooks/im/messages,243.600000,0.000000,40,71,94,110,140,170,210,260,410,440,440,9476,0,55,68.84439664062533,2.125333994626999,435.10529199556913,74.0
1790261065,50,,Aggregated,243.600000,0.000000,40,71,94,110,140,170,210,260,410,440,440,9476,0,55,68.84439664062533,2.125333994626999,435.10529199556913,74.0
1790261066,50,POST,POST /webhooks/im/messages,248.100000,0.000000,39,71,93,110,140,170,210,260,410,440,440,9713,0,54,68.29772321524145,2.125333994626999,435.10529199556913,74.0
1790261066,50,,Aggregated,248.100000,0.000000,39,71,93,110,140,170,210,260,410,440,440,9713,0,54,68.29772321524145,2.125333994626999,435.10529199556913,74.0
1790261067,50,POST,POST /webhooks/im/messages,245.500000,0.000000,40,71,93,110,140,170,210,260,410,440,440,9976,0,53,67.69500086503703,2.125333994626999,435.10529199556913,74.0
1790261067,50,,Aggregated,245.500000,0.000000,40,71,93,110,140,170,210,260,410,440,440,9976,0,53,67.69500086503703,2.125333994626999,435.10529199556913,74.0
1790261068,50,POST,POST /webhooks/im/messages,249.300000,0.000000,37,69,91,100,140,170,210,260,410,440,440,10212,0,53,66.92234335062759,2.125333994626999,435.10529199556913,74.0
1790261068,50,,Aggregated,249.300000,0.000000,37,69,91,100,140,170,210,260,410,440,440,10212,0,53,66.92234335062759,2.125333994626999,435.10529199556913,74.0
1790261069,50,POST,POST /webhooks/im/messages,250.300000,0.000000,39,72,92,100,140,170,220,260,410,440,440,10433,0,52,66.82007732795627,2.125333994626999,435.10529199556913,74.0
1790261069,50,,Aggregated,250.300000,0.000000,39,72,92,100,140,170,220,260,410,440,440,10433,0,52,66.82007732795627,2.125333994626999,435.10529199556913,74.0
1790261070,50,POST,POST /webhooks/im/messages,248.500000,0.000000,39,73,94,110,140,170,220,260,410,440,440,10694,0,52,66.49767615640054,2.125333994626999,435.10529199556913,74.0
1790261070,50,,Aggregated,248.500000,0.000000,39,73,94,110,140,170,220,260,410,440,440,10694,0,52,66.49767615640054,2.125333994626999,435.10529199556913,74.0
1790261071,50,POST,POST /webhooks/im/messages,251.100000,0.000000,36,70,92,110,140,170,220,260,410,440,440,10946,0,51,65.99147656609757,2.125333994626999,435.10529199556913,74.0
1790261071,50,,Aggregated,251.100000,0.000000,36,70,92,110,140,170,220,260,410,440,440,10946,0,51,65.99147656609757,2.125333994626999,435.10529199556913,74.0
1790261072,50,POST,POST /webhooks/im/messages,251.000000,0.000000,34,64,82,96,130,150,180,200,410,440,440,11227,0,51,65.85962592825115,2.125333994626999,435.10529199556913,74.0
1790261072,50,,Aggregated,251.000000,0.000000,34,64,82,96,130,150,180,200,410,440,440,11227,0,51,65.85962592825115,2.125333994626999,435.10529199556913,74.0
1790261073,50,POST,POST /webhooks/im/messages,249.700000,0.000000,30,58,77,89,130,150,170,200,230,240,240,11454,0,50,65.11160016146785,2.125333994626999,435.10529199556913,74.0
1790261073,50,,Aggregated,249.700000,0.000000,30,58,77,89,130,150,170,200,230,240,240,11454,0,50,65.11160016146785,2.125333994626999,435.10529199556913,74.0
1790261074,50,POST,POST /webhooks/im/messages,246.300000,0.000000,28,55,73,84,110,140,170,190,230,240,240,11726,0,50,64.52776234849341,2.125333994626999,435.10529199556913,74.0
1790261074,50,,Aggregated,246.300000,0.000000,28,55,73,84,110,140,170,190,230,240,240,11726,0,50,64.52776234849341,2.125333994626999,435.10529199556913,74.0
1790261075,50,POST,POST /webhooks/im/messages,252.400000,0.000000,25,50,69,79,110,130,160,190,230,240,240,11979,0,48,63.705493023579734,2.125333994626999,435.10529199556913,74.0
1790261075,50,,Aggregated,252.400000,0.000000,25,50,69,79,110,130,160,190,230,240,240,11979,0,48,63.705493023579734,2.125333994626999,435.10529199556913,74.0
1790261076,50,POST,POST /webhooks/im/messages,250.600000,0.000000,22,48,67,79,110,130,160,190,230,240,240,12227,0,48,63.204828441837215,2.125333994626999,435.10529199556913,74.0
1790261076,50,,Aggregated,250.600000,0.000000,22,48,67,79,110,130,160,190,230,240,240,12227,0,48,63.204828441837215,2.125333994626999,435.10529199556913,74.0
1790261077,50,POST,POST /webhooks/im/messages,252.400000,0.000000,23,49,68,80,110,130,160,190,230,240,240,12474,0,48,62.931728174464396,2.125333994626999,435.10529199556913,74.0
1790261077,50,,Aggregated,252.400000,0.000000,23,49,68,80,110,130,160,190,230,240,240,12474,0,48,62.931728174464396,2.125333994626999,435.10529199556913,74.0
1790261078,50,POST,POST /webhooks/im/messages,250.700000,0.000000,22,42,62,74,110,130,160,190,230,240,240,12729,0,46,62.06172351930976,2.125333994626999,435.10529199556913,74.0
1790261078,50,,Aggregated,250.700000,0.000000,22,42,62,74,110,130,160,190,230,240,240,12729,0,46,62.06172351930976,2.125333994626999,435.10529199556913,74.0
1790261079,50,POST,POST /webhooks/im/messages,248.000000,0.000000,20,36,58,69,99,120,140,150,190,210,210,12980,0,46,61.57320517898991,2.125333994626999,435.10529199556913,74.0
1790261079,50,,Aggregated,248.000000,0.000000,20,36,58,69,99,120,140,150,190,210,210,12980,0,46,61.57320517898991,2.125333994626999,435.10529199556913,74.0
1790261080,50,POST,POST /webhooks/im/messages,249.600000,0.000000,20,37,57,68,98,120,150,160,190,210,210,13230,0,45,61.24308268868131,2.125333994626999,435.10529199556913,74.0
1790261080,50,,Aggregated,249.600000,0.000000,20,37,57,68,98,120,150,160,190,210,210,13230,0,45,61.24308268868131,2.125333994626999,435.10529199556913,74.0
1790261081,50,POST,POST /webhooks/im/messages,246.900000,0.000000,23,45,66,79,110,150,190,210,300,330,330,13454,0,46,62.158230141314846,2.125333994626999,435.10529199556913,74.0
1790261081,50,,Aggregated,246.900000,0.000000,23,45,66,79,110,150,190,210,300,330,330,13454,0,46,62.158230141314846,2.125333994626999,435.10529199556913,74.0
1790261082,50,POST,POST /webhooks/im/messages,248.300000,0.000000,25,50,74,87,130,160,200,210,310,340,340,13711,0,46,62.80422556752359,2.125333994626999,435.10529199556913,74.0
1790261082,50,,Aggregated,248.300000,0.000000,25,50,74,87,130,160,200,210,310,340,340,13711,0,46,62.80422556752359,2.125333994626999,435.10529199556913,74.0
1790261083,50,POST,POST /webhooks/im/messages,249.000000,0.000000,24,51,75,91,130,160,200,210,310,340,340,13977,0,46,62.42674976576105,2.125333994626999,435.10529199556913,74.0
1790261083,50,,Aggregated,249.000000,0.000000,24,51,75,91,130,160,200,210,310,340,340,13977,0,46,62.42674976576105,2.125333994626999,435.10529199556913,74.0
1790261084,50,POST,POST /webhooks/im/messages,249.900000,0.000000,25,50,76,92,130,160,200,210,310,340,340,14221,0,45,62.02081052163552,2.125333994626999,435.10529199556913,74.0
1790261084,50,,Aggregated,249.900000,0.000000,25,50,76,92,130,160,200,210,310,340,340,14221,0,45,62.02081052163552,2.125333994626999,435.10529199556913,74.0
1790261085,50,POST,POST /webhooks/im/messages,250.500000,0.000000,29,61,83,97,140,160,200,220,310,340,340,14477,0,45,61.99549206314471,2.125333994626999,435.10529199556913,74.0
1790261085,50,,Aggregated,250.500000,0.000000,29,61,83,97,140,160,200,220,310,340,340,14477,0,45,61.99549206314471,2.125333994626999,435.10529199556913,74.0
1790261086,50,POST,POST /webhooks/im/messages,248.800000,0.000000,30,61,82,95,130,160,200,220,310,340,340,14721,0,45,61.61653818070901,2.125333994626999,435.10529199556913,74.0
1790261086,50,,Aggregated,248.800000,0.000000,30,61,82,95,130,160,200,220,310,340,340,14721,0,45,61.61653818070901,2.125333994626999,435.10529199556913,74.0
1790261087,50,POST,POST /webhooks/im/messages,247.200000,0.000000,31,61,83,97,130,160,200,220,310,340,340,14971,0,45,61.458517916255204,2.125333994626999,435.10529199556913,74.0
1790261087,50,,Aggregated,247.200000,0.000000,31,61,83,97,130,160,200,220,310,340,340,14971,0,45,61.458517916255204,2.125333994626999,435.10529199556913,74.0
1790261088,50,POST,POST /webhooks/im/messages,248.700000,0.000000,35,65,85,99,130,160,200,220,310,340,340,15221,0,44,61.06023563762221,2.125333994626999,435.10529199556913,74.0
1790261088,50,,Aggregated,248.700000,0.000000,35,65,85,99,130,160,200,220,310,340,340,15221,0,44,61.06023563762221,2.125333994626999,435.10529199556913,74.0
1790261089,50,POST,POST /webhooks/im/messages,248.200000,0.000000,41,72,95,110,150,180,220,250,310,340,340,15449,0,45,61.72698800091497,2.125333994626999,435.10529199556913,74.0
1790261089,50,,Aggregated,248.200000,0.000000,41,72,95,110,150,180,220,250,310,340,340,15449,0,45,61.72698800091497,2.125333994626999,435.10529199556913,74.0
1790261090,50,POST,POST /webhooks/im/messages,249.200000,0.000000,47,76,98,110,160,190,220,260,310,340,340,15697,0,45,61.994313911773304,2.125333994626999,435.10529199556913,74.0
1790261090,50,,Aggregated,249.200000,0.000000,47,76,98,110,160,190,220,260,310,340,340,15697,0,45,61.994313911773304,2.125333994626999,435.10529199556913,74.0
1790261091,50,POST,POST /webhooks/im/messages,249.300000,0.000000,46,73,90,100,140,170,210,240,290,340,340,15958,0,46,62.17279631790514,2.125333994626999,435.10529199556913,74.0
1790261091,50,,Aggregated,249.300000,0.000000,46,73,90,100,140,170,210,240,290,340,340,15958,0,46,62.17279631790514,2.125333994626999,435.10529199556913,74.0
1790261092,50,POST,POST /webhooks/im/messages,249.400000,0.000000,45,70,86,98,130,170,210,240,290,300,300,16201,0,46,62.23420281563712,2.125333994626999,435.10529199556913,74.0
1790261092,50,,Aggregated,249.400000,0.000000,45,70,86,98,130,170,210,240,290,300,300,16201,0,46,62.23420281563712,2.125333994626999,435.10529199556913,74.0
1790261093,50,POST,POST /webhooks/im/messages,249.400000,0.000000,49,72,88,100,130,170,210,240,290,300,300,16452,0,46,62.226197837842236,2.125333994626999,435.10529199556913,74.0
1790261093,50,,Aggregated,249.400000,0.000000,49,72,88,100,130,170,210,240,290,300,300,16452,0,46,62.226197837842236,2.125333994626999,435.10529199556913,74.0
1790261094,50,POST,POST /webhooks/im/messages,249.600000,0.000000,50,71,88,100,130,160,210,240,290,300,300,16719,0,46,61.941889720914574,2.125333994626999,435.10529199556913,74.0
1790261094,50,,Aggregated,249.600000,0.000000,50,71,88,100,130,160,210,240,290,300,300,16719,0,46,61.941889720914574,2.125333994626999,435.10529199556913,74.0
1790261095,50,POST,POST /webhooks/im/messages,248.500000,0.000000,49,71,89,100,130,170,210,240,290,300,300,16968,0,46,61.979792479611405,2.125333994626999,435.10529199556913,74.0
1790261095,50,,Aggregated,248.500000,0.000000,49,71,89,100,130,170,210,240,290,300,300,16968,0,46,61.979792479611405,2.125333994626999,435.10529199556913,74.0
1790261096,50,POST,POST /webhooks/im/messages,248.400000,0.000000,50,70,89,100,130,170,210,240,290,300,300,17225,0,46,61.829124426823,2.125333994626999,435.10529199556913,74.0
1790261096,50,,Aggregated,248.400000,0.000000,50,70,89,100,130,170,210,240,290,300,300,17225,0,46,61.829124426823,2.125333994626999,435.10529199556913,74.0
1790261097,50,POST,POST /webhooks/im/messages,250.900000,0.000000,50,71,91,100,140,180,210,240,290,300,300,17473,0,46,61.844798917077654,2.125333994626999,435.10529199556913,74.0
1790261097,50,,Aggregated,250.900000,0.000000,50,71,91,100,140,180,210,240,290,300,300,17473,0,46,61.844798917077654,2.125333994626999,435.10529199556913,74.0
1790261098,50,POST,POST /webhooks/im/messages,247.700000,0.000000,53,75,98,110,150,180,210,240,290,300,300,17686,0,46,61.992069083063306,2.125333994626999,435.10529199556913,74.0
1790261098,50,,Aggregated,247.700000,0.000000,53,75,98,110,150,180,210,240,290,300,300,17686,0,46,61.992069083063306,2.125333994626999,435.10529199556913,74.0
1790261099,50,POST,POST /webhooks/im/messages,251.000000,0.000000,54,80,110,120,170,210,320,400,760,830,830,17856,0,47,64.03070739959051,2.125333994626999,827.8137919987785,74.0
1790261099,50,,Aggregated,251.000000,0.000000,54,80,110,120,170,210,320,400,760,830,830,17856,0,47,64.03070739959051,2.125333994626999,827.8137919987785,74.0
1790261100,50,POST,POST /webhooks/im/messages,248.600000,0.000000,54,82,110,120,170,210,320,400,760,830,830,18105,0,47,64.19018537260749,2.125333994626999,827.8137919987785,74.0
1790261100,50,,Aggregated,248.600000,0.000000,54,82,110,120,170,210,320,400,760,830,830,18105,0,47,64.19018537260749,2.125333994626999,827.8137919987785,74.0
1790261101,50,POST,POST /webhooks/im/messages,247.800000,0.000000,54,91,110,130,180,220,320,400,760,830,830,18368,0,47,64.68328280526255,2.125333994626999,827.8137919987785,74.0
1790261101,50,,Aggregated,247.800000,0.000000,54,91,110,130,180,220,320,400,760,830,830,18368,0,47,64.68328280526255,2.125333994626999,827.8137919987785,74.0
1790261102,50,POST,POST /webhooks/im/messages,240.100000,0.000000,63,110,130,150,200,250,340,400,760,830,830,18619,0,48,66.06458794146164,2.125333994626999,827.8137919987785,74.0
1790261102,50,,Aggregated,240.100000,0.000000,63,110,130,150,200,250,340,400,760,830,830,18619,0,48,66.06458794146164,2.125333994626999,827.8137919987785,74.0
1790261103,50,POST,POST /webhooks/im/messages,239.900000,0.000000,66,110,140,170,220,270,350,400,760,830,830,18822,0,48,66.76463243226155,2.125333994626999,827.8137919987785,74.0
1790261103,50,,Aggregated,239.900000,0.000000,66,110,140,170,220,270,350,400,760,830,830,18822,0,48,66.76463243226155,2.125333994626999,827.8137919987785,74.0
1790261104,50,POST,POST /webhooks/im/messages,238.100000,0.000000,82,120,150,170,220,270,350,400,760,830,830,19091,0,49,67.22755743863063,2.125333994626999,827.8137919987785,74.0
1790261104,50,,Aggregated,238.100000,0.000000,82,120,150,170,220,270,350,400,760,830,830,19091,0,49,67.22755743863063,2.125333994626999,827.8137919987785,74.0
1790261105,50,POST,POST /webhooks/im/messages,239.000000,0.000000,90,130,160,180,230,280,350,400,760,830,830,19315,0,50,67.73115149442762,2.125333994626999,827.8137919987785,74.0
1790261105,50,,Aggregated,239.000000,0.000000,90,130,160,180,230,280,350,400,760,830,830,19315,0,50,67.73115149442762,2.125333994626999,827.8137919987785,74.0
1790261106,50,POST,POST /webhooks/im/messages,235.000000,0.000000,94,130,160,180,230,280,350,400,760,830,830,19586,0,50,67.8785619973851,2.125333994626999,827.8137919987785,74.0
1790261106,50,,Aggregated,235.000000,0.000000,94,130,160,180,230,280,350,400,760,830,830,19586,0,50,67.8785619973851,2.125333994626999,827.8137919987785,74.0
1790261107,50,POST,POST /webhooks/im/messages,236.500000,0.000000,93,130,160,180,230,280,350,400,760,830,830,19838,0,50,67.81011445900376,2.125333994626999,827.8137919987785,74.0
1790261107,50,,Aggregated,236.500000,0.000000,93,130,160,180,230,280,350,400,760,830,830,19838,0,50,67.81011445900376,2.125333994626999,827.8137919987785,74.0
1790261108,50,POST,POST /webhooks/im/messages,233.700000,0.000000,88,130,160,180,230,280,350,400,760,830,830,20089,0,50,67.65491242813684,2.125333994626999,827.8137919987785,74.0
1790261108,50,,Aggregated,233.700000,0.000000,88,130,160,180,230,280,350,400,760,830,830,20089,0,50,67.65491242813684,2.125333994626999,827.8137919987785,74.0
1790261109,50,POST,POST /webhooks/im/messages,235.800000,0.000000,78,110,140,160,200,240,270,300,390,460,460,20309,0,50,67.78177266270123,2.125333994626999,827.8137919987785,74.0
1790261109,50,,Aggregated,235.800000,0.000000,78,110,140,160,200,240,270,300,390,460,460,20309,0,50,67.78177266270123,2.125333994626999,827.8137919987785,74.0
1790261110,50,POST,POST /webhooks/im/messages,236.400000,0.000000,79,110,140,160,200,240,270,310,390,460,460,20564,0,50,67.85892994556959,2.125333994626999,827.8137919987785,74.0
1790261110,50,,Aggregated,236.400000,0.000000,79,110,140,160,200,240,270,310,390,460,460,20564,0,50,67.85892994556959,2.125333994626999,827.8137919987785,74.0
1790261111,50,POST,POST /webhooks/im/messages,239.900000,0.000000,80,110,140,160,210,240,280,310,390,460,460,20799,0,50,68.37361055611412,2.125333994626999,827.8137919987785,74.0
1790261111,50,,Aggregated,239.900000,0.000000,80,110,140,160,210,240,280,310,390,460,460,20799,0,50,68.37361055611412,2.125333994626999,827.8137919987785,74.0
1790261112,50,POST,POST /webhooks/im/messages,244.000000,0.000000,76,100,120,140,190,230,260,280,350,420,420,21070,0,51,68.74617582498904,2.125333994626999,827.8137919987785,74.0
1790261112,50,,Aggregated,244.000000,0.000000,76,100,120,140,190,230,260,280,350,420,420,21070,0,51,68.74617582498904,2.125333994626999,827.8137919987785,74.0
1790261113,50,POST,POST /webhooks/im/messages,243.000000,0.000000,73,98,120,130,180,220,250,270,310,320,320,21294,0,51,68.96258160841514,2.125333994626999,827.8137919987785,74.0
1790261113,50,,Aggregated,243.000000,0.000000,73,98,120,130,180,220,250,270,310,320,320,21294,0,51,68.96258160841514,2.125333994626999,827.8137919987785,74.0
1790261114,50,POST,POST /webhooks/im/messages,244.300000,0.000000,75,100,130,150,210,260,360,380,790,900,900,21453,0,52,70.51149887990601,2.125333994626999,902.8924169979291,74.0
1790261114,50,,Aggregated,244.300000,0.000000,75,100,130,150,210,260,360,380,790,900,900,21453,0,52,70.51149887990601,2.125333994626999,902.8924169979291,74.0
1790261116,50,POST,POST /webhooks/im/messages,244.900000,0.000000,80,110,130,150,210,260,370,390,790,900,900,21710,0,52,71.08302113153005,2.125333994626999,902.8924169979291,74.0
1790261116,50,,Aggregated,244.900000,0.000000,80,110,130,150,210,260,370,390,790,900,900,21710,0,52,71.08302113153005,2.125333994626999,902.8924169979291,74.0
1790261117,50,POST,POST /webhooks/im/messages,235.000000,0.000000,80,110,130,150,210,260,370,390,790,900,900,21976,0,53,71.04847010349864,2.125333994626999,902.8924169979291,74.0
1790261117,50,,Aggregated,235.000000,0.000000,80,110,130,150,210,260,370,390,790,900,900,21976,0,53,71.04847010349864,2.125333994626999,902.8924169979291,74.0
1790261118,50,POST,POST /webhooks/im/messages,239.500000,0.000000,87,120,140,160,220,270,370,390,790,900,900,22198,0,53,71.50093184077475,2.125333994626999,902.8924169979291,74.0
1790261118,50,,Aggregated,239.500000,0.000000,87,120,140,160,220,270,370,390,790,900,900,22198,0,53,71.50093184077475,2.125333994626999,902.8924169979291,74.0
1790261119,50,POST,POST /webhooks/im/messages,239.500000,0.000000,93,130,150,180,240,300,370,390,790,900,900,22379,0,54,72.38959479608185,2.125333994626999,902.8924169979291,74.0
1790261119,50,,Aggregated,239.500000,0.000000,93,130,150,180,240,300,370,390,790,900,900,22379,0,54,72.38959479608185,2.125333994626999,902.8924169979291,74.0
1790261120,50,POST,POST /webhooks/im/messages,237.900000,0.000000,110,140,180,200,270,360,420,540,820,900,900,22582,0,54,73.91373563619265,2.125333994626999,902.8924169979291,74.0
1790261120,50,,Aggregated,237.900000,0.000000,110,140,180,200,270,360,420,540,820,900,900,22582,0,54,73.91373563619265,2.125333994626999,902.8924169979291,74.0
1790261121,50,POST,POST /webhooks/im/messages,227.900000,0.000000,120,160,200,240,350,400,500,550,860,900,900,22723,0,55,75.5561233877793,2.125333994626999,902.8924169979291,74.0
1790261121,50,,Aggregated,227.900000,0.000000,120,160,200,240,350,400,500,550,860,900,900,22723,0,55,75.5561233877793,2.125333994626999,902.8924169979291,74.0
1790261122,50,POST,POST /webhooks/im/messages,225.900000,0.000000,130,180,230,270,370,410,510,590,860,900,900,22926,0,55,76.69681185224199,2.125333994626999,902.8924169979291,74.0
1790261122,50,,Aggregated,225.900000,0.000000,130,180,230,270,370,410,510,590,860,900,900,22926,0,55,76.69681185224199,2.125333994626999,902.8924169979291,74.0
1790261123,50,POST,POST /webhooks/im/messages,214.600000,0.000000,140,200,250,270,370,410,510,600,860,900,900,23165,0,56,77.81016349068456,2.125333994626999,902.8924169979291,74.0
1790261123,50,,Aggregated,214.600000,0.000000,140,200,250,270,370,410,510,600,860,900,900,23165,0,56,77.81016349068456,2.125333994626999,902.8924169979291,74.0
1790261124,50,POST,POST /webhooks/im/messages,210.100000,0.000000,130,180,230,260,340,400,490,540,710,860,860,23393,0,57,78.45876772772982,2.125333994626999,902.8924169979291,74.0
1790261124,50,,Aggregated,210.100000,0.000000,130,180,230,260,340,400,490,540,710,860,860,23393,0,57,78.45876772772982,2.125333994626999,902.8924169979291,74.0
1790261125,50,POST,POST /webhooks/im/messages,207.700000,0.000000,130,190,230,260,340,400,490,540,710,860,860,23654,0,57,78.58603302827625,2.125333994626999,902.8924169979291,74.0
1790261125,50,,Aggregated,207.700000,0.000000,130,190,230,260,340,400,490,540,710,860,860,23654,0,57,78.58603302827625,2.125333994626999,902.8924169979291,74.0
1790261126,50,POST,POST /webhooks/im/messages,208.400000,0.000000,130,190,240,260,350,400,490,540,710,860,860,23857,0,57,78.6561985049177,2.125333994626999,902.8924169979291,74.0
1790261126,50,,Aggregated,208.400000,0.000000,130,190,240,260,350,400,490,540,710,860,860,23857,0,57,78.6561985049177,2.125333994626999,902.8924169979291,74.0
1790261127,50,POST,POST /webhooks/im/messages,218.600000,0.000000,130,190,240,260,340,400,490,540,710,860,860,24121,0,57,78.90760306209881,2.125333994626999,902.8924169979291,74.0
1790261127,50,,Aggregated,218.600000,0.000000,130,190,240,260,340,400,490,540,710,860,860,24121,0,57,78.90760306209881,2.125333994626999,902.8924169979291,74.0
1790261128,50,POST,POST /webhooks/im/messages,213.200000,0.000000,120,180,220,240,340,400,490,540,710,860,860,24348,0,57,78.80709621479636,2.125333994626999,902.8924169979291,74.0
1790261128,50,,Aggregated,213.200000,0.000000,120,180,220,240,340,400,490,540,710,860,860,24348,0,57,78.80709621479636,2.125333994626999,902.8924169979291,74.0
1790261129,50,POST,POST /webhooks/im/messages,214.400000,0.000000,110,170,210,240,310,380,430,510,620,700,700,24597,0,58,79.70971180785119,2.125333994626999,902.8924169979291,74.0
1790261129,50,,Aggregated,214.400000,0.000000,110,170,210,240,310,380,430,510,620,700,700,24597,0,58,79.70971180785119,2.125333994626999,902.8924169979291,74.0
1790261130,50,POST,POST /webhooks/im/messages,214.000000,0.000000,110,150,190,220,270,330,380,430,600,640,640,24834,0,58,80.16112854403995,2.125333994626999,902.8924169979291,74.0
1790261130,50,,Aggregated,214.000000,0.000000,110,150,190,220,270,330,380,430,600,640,640,24834,0,58,80.16112854403995,2.125333994626999,902.8924169979291,74.0
1790261131,50,POST,POST /webhooks/im/messages,220.700000,0.000000,97,140,180,200,250,290,350,390,580,620,620,25054,0,58,80.27900987326015,2.125333994626999,902.8924169979291,74.0
1790261131,50,,Aggregated,220.700000,0.000000,97,140,180,200,250,290,350,390,580,620,620,25054,0,58,80.27900987326015,2.125333994626999,902.8924169979291,74.0
1790261132,50,POST,POST /webhooks/im/messages,221.500000,0.000000,91,120,150,170,230,280,330,370,450,570,570,25331,0,59,80.47412305228981,2.125333994626999,902.8924169979291,74.0
1790261132,50,,Aggregated,221.500000,0.000000,91,120,150,170,230,280,330,370,450,570,570,25331,0,59,80.47412305228981,2.125333994626999,902.8924169979291,74.0
1790261133,50,POST,POST /webhooks/im/messages,233.000000,0.000000,93,130,160,190,240,280,330,360,540,570,570,25518,0,60,81.35194887332877,2.125333994626999,902.8924169979291,74.0
1790261133,50,,Aggregated,233.000000,0.000000,93,130,160,190,240,280,330,360,540,570,570,25518,0,60,81.35194887332877,2.125333994626999,902.8924169979291,74.0
1790261134,50,POST,POST /webhooks/im/messages,238.200000,0.000000,93,130,160,190,240,280,330,370,540,570,570,25792,0,60,81.51614447714135,2.125333994626999,902.8924169979291,74.0
1790261134,50,,Aggregated,238.200000,0.000000,93,130,160,190,240,280,330,370,540,570,570,25792,0,60,81.51614447714135,2.125333994626999,902.8924169979291,74.0
1790261135,50,POST,POST /webhooks/im/messages,233.300000,0.000000,91,130,160,190,240,280,330,370,540,570,570,26044,0,60,81.43062217533229,2.125333994626999,902.8924169979291,74.0
1790261135,50,,Aggregated,233.300000,0.000000,91,130,160,190,240,280,330,370,540,570,570,26044,0,60,81.43062217533229,2.125333994626999,902.8924169979291,74.0
1790261136,50,POST,POST /webhooks/im/messages,237.800000,0.000000,89,120,160,180,250,280,340,370,540,570,570,26217,0,60,81.5708287319494,2.125333994626999,902.8924169979291,74.0
1790261136,50,,Aggregated,237.800000,0.000000,89,120,160,180,250,280,340,370,540,570,570,26217,0,60,81.5708287319494,2.125333994626999,902.8924169979291,74.0
1790261137,50,POST,POST /webhooks/im/messages,237.500000,0.000000,98,140,170,190,250,290,340,390,540,570,570,26499,0,61,82.1754431899154,2.125333994626999,902.8924169979291,74.0
1790261137,50,,Aggregated,237.500000,0.000000,98,140,170,190,250,290,340,390,540,570,570,26499,0,61,82.1754431899154,2.125333994626999,902.8924169979291,74.0
1790261138,50,POST,POST /webhooks/im/messages,235.200000,0.000000,100,140,160,180,230,280,320,360,520,560,560,26751,0,61,82.72899068885596,2.125333994626999,902.8924169979291,74.0
1790261138,50,,Aggregated,235.200000,0.000000,100,140,160,180,230,280,320,360,520,560,560,26751,0,61,82.72899068885596,2.125333994626999,902.8924169979291,74.0
1790261139,50,POST,POST /webhooks/im/messages,234.800000,0.000000,100,140,170,180,230,270,310,340,520,560,560,26979,0,62,83.10224919902957,2.125333994626999,902.8924169979291,74.0
1790261139,50,,Aggregated,234.800000,0.000000,100,140,170,180,230,270,310,340,520,560,560,26979,0,62,83.10224919902957,2.125333994626999,902.8924169979291,74.0
1790261140,50,POST,POST /webhooks/im/messages,236.600000,0.000000,100,140,160,180,230,270,310,340,520,560,560,27235,0,62,83.12108048876351,2.125333994626999,902.8924169979291,74.0
1790261140,50,,Aggregated,236.600000,0.000000,100,140,160,180,230,270,310,340,520,560,560,27235,0,62,83.12108048876351,2.125333994626999,902.8924169979291,74.0
1790261141,50,POST,POST /webhooks/im/messages,236.100000,0.000000,94,130,160,180,230,270,310,340,520,560,560,27495,0,62,83.05590214218566,2.125333994626999,902.8924169979291,74.0
1790261141,50,,Aggregated,236.100000,0.000000,94,130,160,180,230,270,310,340,520,560,560,27495,0,62,83.05590214218566,2.125333994626999,902.8924169979291,74.0
1790261142,50,POST,POST /webhooks/im/messages,240.900000,0.000000,90,130,150,170,200,240,290,320,430,450,450,27730,0,62,83.16611648162076,2.125333994626999,902.8924169979291,74.0
1790261142,50,,Aggregated,240.900000,0.000000,90,130,150,170,200,240,290,320,430,450,450,27730,0,62,83.16611648162076,2.125333994626999,902.8924169979291,74.0
1790261143,50,POST,POST /webhooks/im/messages,240.600000,0.000000,87,130,150,160,190,240,280,310,430,440,440,27977,0,62,83.16184104672897,2.125333994626999,902.8924169979291,74.0
1790261143,50,,Aggregated,240.600000,0.000000,87,130,150,160,190,240,280,310,430,440,440,27977,0,62,83.16184104672897,2.125333994626999,902.8924169979291,74.0
1790261144,50,POST,POST /webhooks/im/messages,241.200000,0.000000,95,130,150,170,200,250,290,330,440,510,510,28166,0,62,83.54323510339884,2.125333994626999,902.8924169979291,74.0
1790261144,50,,Aggregated,241.200000,0.000000,95,130,150,170,200,250,290,330,440,510,510,28166,0,62,83.54323510339884,2.125333994626999,902.8924169979291,74.0
1790261145,50,POST,POST /webhooks/im/messages,243.700000,0.000000,110,140,170,180,230,280,370,470,740,850,850,28345,0,63,84.72638216469814,2.125333994626999,902.8924169979291,74.0
1790261145,50,,Aggregated,243.700000,0.000000,110,140,170,180,230,280,370,470,740,850,850,28345,0,63,84.72638216469814,2.125333994626999,902.8924169979291,74.0
1790261146,50,POST,POST /webhooks/im/messages,238.900000,0.000000,110,140,170,180,230,290,390,470,740,850,850,28580,0,63,85.28051239263009,2.125333994626999,902.8924169979291,74.0
1790261146,50,,Aggregated,238.900000,0.000000,110,140,170,180,230,290,390,470,740,850,850,28580,0,63,85.28051239263009,2.125333994626999,902.8924169979291,74.0
1790261147,50,POST,POST /webhooks/im/messages,229.800000,0.000000,94,130,150,170,230,280,380,470,740,850,850,28831,0,63,85.16457246911783,2.125333994626999,902.8924169979291,74.0
1790261147,50,,Aggregated,229.800000,0.000000,94,130,150,170,230,280,380,470,740,850,850,28831,0,63,85.16457246911783,2.125333994626999,902.8924169979291,74.0
1790261148,50,POST,POST /webhooks/im/messages,237.400000,0.000000,92,130,150,170,220,280,380,470,740,850,850,29087,0,64,85.34709740304324,2.125333994626999,902.8924169979291,74.0
1790261148,50,,Aggregated,237.400000,0.000000,92,130,150,170,220,280,380,470,740,850,850,29087,0,64,85.34709740304324,2.125333994626999,902.8924169979291,74.0
1790261149,50,POST,POST /webhooks/im/messages,234.600000,0.000000,92,130,150,170,220,280,380,470,740,850,850,29365,0,64,85.33818934420205,2.125333994626999,902.8924169979291,74.0
1790261149,50,,Aggregated,234.600000,0.000000,92,130,150,170,220,280,380,470,740,850,850,29365,0,64,85.33818934420205,2.125333994626999,902.8924169979291,74.0
1790261150,50,POST,POST /webhooks/im/messages,234.600000,0.000000,91,130,150,170,220,280,380,470,740,850,850,29589,0,64,85.31000414753571,2.125333994626999,902.8924169979291,74.0
1790261150,50,,Aggregated,234.600000,0.000000,91,130,150,170,220,280,380,470,740,850,850,29589,0,64,85.31000414753571,2.125333994626999,902.8924169979291,74.0
1790261151,50,POST,POST /webhooks/im/messages,237.300000,0.000000,93,130,150,160,220,280,380,470,740,850,850,29843,0,64,85.33780933308918,2.125333994626999,902.8924169979291,74.0
1790261151,50,,Aggregated,237.300000,0.000000,93,130,150,160,220,280,380,470,740,850,850,29843,0,64,85.33780933308918,2.125333994626999,902.8924169979291,74.0
1790261152,50,POST,POST /webhooks/im/messages,236.300000,0.000000,99,130,160,180,240,300,400,470,740,850,850,30045,0,64,85.69012473604435,2.125333994626999,902.8924169979291,74.0
1790261152,50,,Aggregated,236.300000,0.000000,99,130,160,180,240,300,400,470,740,850,850,30045,0,64,85.69012473604435,2.125333994626999,902.8924169979291,74.0
1790261153,50,POST,POST /webhooks/im/messages,236.100000,0.000000,100,140,170,200,260,350,530,630,850,860,860,30145,0,64,86.73749373048531,2.125333994626999,902.8924169979291,74.0
1790261153,50,,Aggregated,236.100000,0.000000,100,140,170,200,260,350,530,630,850,860,860,30145,0,64,86.73749373048531,2.125333994626999,902.8924169979291,74.0
1790261154,50,POST,POST /webhooks/im/messages,230.200000,0.000000,100,140,170,200,270,360,570,700,900,1000,1000,30343,0,65,87.9438554046245,2.125333994626999,1020.5580010078847,74.0
1790261154,50,,Aggregated,230.200000,0.000000,100,140,170,200,270,360,570,700,900,1000,1000,30343,0,65,87.9438554046245,2.125333994626999,1020.5580010078847,74.0
1790261155,50,POST,POST /webhooks/im/messages,220.400000,0.000000,110,140,170,210,280,380,580,710,920,1000,1000,30545,0,66,88.7030113431171,2.125333994626999,1020.5580010078847,74.0
1790261155,50,,Aggregated,220.400000,0.000000,110,140,170,210,280,380,580,710,920,1000,1000,30545,0,66,88.7030113431171,2.125333994626999,1020.5580010078847,74.0
1790261156,50,POST,POST /webhooks/im/messages,220.400000,0.000000,120,160,200,230,300,430,610,740,920,1000,1000,30591,0,66,89.12643524060978,2.125333994626999,1020.5580010078847,74.0
1790261156,50,,Aggregated,220.400000,0.000000,120,160,200,230,300,430,610,740,920,1000,1000,30591,0,66,89.12643524060978,2.125333994626999,1020.5580010078847,74.0
1790261157,50,POST,POST /webhooks/im/messages,220.300000,0.000000,130,180,240,260,410,620,1800,1900,2400,2400,2400,30658,0,66,92.0422647296759,2.125333994626999,2412.2087099967757,74.0
1790261157,50,,Aggregated,220.300000,0.000000,130,180,240,260,410,620,1800,1900,2400,2400,2400,30658,0,66,92.0422647296759,2.125333994626999,2412.2087099967757,74.0
1790261158,50,POST,POST /webhooks/im/messages,202.300000,0.000000,150,230,280,320,510,750,1900,2000,2400,2700,2700,30788,0,66,93.51580526992437,2.125333994626999,2666.197750993888,74.0
1790261158,50,,Aggregated,202.300000,0.000000,150,230,280,320,510,750,1900,2000,2400,2700,2700,30788,0,66,93.51580526992437,2.125333994626999,2666.197750993888,74.0
1790261159,50,POST,POST /webhooks/im/messages,178.400000,0.000000,170,250,310,340,540,770,1900,2000,2400,2700,2700,30998,0,67,94.09586146430156,2.125333994626999,2666.197750993888,74.0
1790261159,50,,Aggregated,178.400000,0.000000,170,250,310,340,540,770,1900,2000,2400,2700,2700,30998,0,67,94.09586146430156,2.125333994626999,2666.197750993888,74.0
1790261160,50,POST,POST /webhooks/im/messages,166.100000,0.000000,230,300,350,420,600,840,1900,2000,2400,2700,2700,31141,0,67,95.3314086167582,2.125333994626999,2666.197750993888,74.0
1790261160,50,,Aggregated,166.100000,0.000000,230,300,350,420,600,840,1900,2000,2400,2700,2700,31141,0,67,95.3314086167582,2.125333994626999,2666.197750993888,74.0
1790261161,50,POST,POST /webhooks/im/messages,156.800000,0.000000,240,310,360,420,600,830,1900,2000,2400,2700,2700,31352,0,68,96.12055781553168,2.125333994626999,2666.197750993888,74.0
1790261161,50,,Aggregated,156.800000,0.000000,240,310,360,420,600,830,1900,2000,2400,2700,2700,31352,0,68,96.12055781553168,2.125333994626999,2666.197750993888,74.0
1790261162,50,POST,POST /webhooks/im/messages,146.000000,0.000000,220,280,330,370,550,780,1900,2000,2400,2700,2700,31587,0,68,96.63077550978076,2.125333994626999,2666.197750993888,74.0
1790261162,50,,Aggregated,146.000000,0.000000,220,280,330,370,550,780,1900,2000,2400,2700,2700,31587,0,68,96.63077550978076,2.125333994626999,2666.197750993888,74.0
1790261163,50,POST,POST /webhooks/im/messages,140.400000,0.000000,210,270,320,350,490,720,1900,2000,2400,2700,2700,31786,0,69,97.23209713664458,2.125333994626999,2666.197750993888,74.0
1790261163,50,,Aggregated,140.400000,0.000000,210,270,320,350,490,720,1900,2000,2400,2700,2700,31786,0,69,97.23209713664458,2.125333994626999,2666.197750993888,74.0
1790261164,50,POST,POST /webhooks/im/messages,142.600000,0.000000,190,250,300,340,480,700,1800,2000,2400,2700,2700,32060,0,69,97.47911136364436,2.125333994626999,2666.197750993888,74.0
1790261164,50,,Aggregated,142.600000,0.000000,190,250,300,340,480,700,1800,2000,2400,2700,2700,32060,0,69,97.47911136364436,2.125333994626999,2666.197750993888,74.0
1790261165,50,POST,POST /webhooks/im/messages,151.700000,0.000000,160,220,270,310,450,650,1800,1900,2400,2700,2700,32289,0,70,97.55193916868153,2.125333994626999,2666.197750993888,74.0
1790261165,50,,Aggregated,151.700000,0.000000,160,220,270,310,450,650,1800,1900,2400,2700,2700,32289,0,70,97.55193916868153,2.125333994626999,2666.197750993888,74.0
1790261166,50,POST,POST /webhooks/im/messages,157.800000,0.000000,150,200,250,290,410,590,1600,1900,2400,2700,2700,32505,0,70,97.5092599135118,2.125333994626999,2666.197750993888,74.0
1790261166,50,,Aggregated,157.800000,0.000000,150,200,250,290,410,590,1600,1900,2400,2700,2700,32505,0,70,97.5092599135118,2.125333994626999,2666.197750993888,74.0
1790261167,50,POST,POST /webhooks/im/messages,162.900000,0.000000,140,190,220,250,340,440,600,690,1000,1200,1200,32768,0,70,97.81878207027019,2.125333994626999,2666.197750993888,74.0
1790261167,50,,Aggregated,162.900000,0.000000,140,190,220,250,340,440,600,690,1000,1200,1200,32768,0,70,97.81878207027019,2.125333994626999,2666.197750993888,74.0
1790261168,50,POST,POST /webhooks/im/messages,179.900000,0.000000,130,170,210,240,310,370,480,600,950,1200,1200,33005,0,70,97.96855332470089,2.125333994626999,2666.197750993888,74.0
1790261168,50,,Aggregated,179.900000,0.000000,130,170,210,240,310,370,480,600,950,1200,1200,33005,0,70,97.96855332470089,2.125333994626999,2666.197750993888,74.0
1790261169,50,POST,POST /webhooks/im/messages,198.700000,0.000000,120,160,200,220,290,360,450,580,950,1200,1200,33234,0,71,98.03091115377714,2.125333994626999,2666.197750993888,74.0
1790261169,50,,Aggregated,198.700000,0.000000,120,160,200,220,290,360,450,580,950,1200,1200,33234,0,71,98.03091115377714,2.125333994626999,2666.197750993888,74.0
1790261170,50,POST,POST /webhooks/im/messages,213.400000,0.000000,100,140,170,190,250,300,370,410,580,620,620,33486,0,71,97.8639783369386,2.125333994626999,2666.197750993888,74.0
1790261170,50,,Aggregated,213.400000,0.000000,100,140,170,190,250,300,370,410,580,620,620,33486,0,71,97.8639783369386,2.125333994626999,2666.197750993888,74.0
1790261171,50,POST,POST /webhooks/im/messages,218.000000,0.000000,98,130,160,170,230,280,330,390,500,620,620,33729,0,71,97.79879454788693,2.125333994626999,2666.197750993888,74.0
1790261171,50,,Aggregated,218.000000,0.000000,98,130,160,170,230,280,330,390,500,620,620,33729,0,71,97.79879454788693,2.125333994626999,2666.197750993888,74.0
1790261172,50,POST,POST /webhooks/im/messages,229.700000,0.000000,99,130,160,170,230,290,340,390,500,620,620,33990,0,71,98.18355831955407,2.125333994626999,2666.197750993888,74.0
1790261172,50,,Aggregated,229.700000,0.000000,99,130,160,170,230,290,340,390,500,620,620,33990,0,71,98.18355831955407,2.125333994626999,2666.197750993888,74.0
1790261173,50,POST,POST /webhooks/im/messages,234.500000,0.000000,96,130,160,170,230,290,330,370,470,480,480,34176,0,71,98.60189415471872,2.125333994626999,2666.197750993888,74.0
1790261173,50,,Aggregated,234.500000,0.000000,96,130,160,170,230,290,330,370,470,480,480,34176,0,71,98.60189415471872,2.125333994626999,2666.197750993888,74.0
1790261174,50,POST,POST /webhooks/im/messages,233.700000,0.000000,97,130,160,170,230,290,330,370,470,480,480,34445,0,71,98.669336102323,2.125333994626999,2666.197750993888,74.0
1790261174,50,,Aggregated,233.700000,0.000000,97,130,160,170,230,290,330,370,470,480,480,34445,0,71,98.669336102323,2.125333994626999,2666.197750993888,74.0
1790261175,50,POST,POST /webhooks/im/messages,236.100000,0.000000,95,130,160,170,230,290,330,370,470,480,480,34645,0,72,98.72225606551098,2.125333994626999,2666.197750993888,74.0
1790261175,50,,Aggregated,236.100000,0.000000,95,130,160,170,230,290,330,370,470,480,480,34645,0,72,98.72225606551098,2.125333994626999,2666.197750993888,74.0
1790261176,50,POST,POST /webhooks/im/messages,237.500000,0.000000,100,140,170,190,240,300,350,400,480,500,500,34847,0,72,99.43517529577005,2.125333994626999,2666.197750993888,74.0
1790261176,50,,Aggregated,237.500000,0.000000,100,140,170,190,240,300,350,400,480,500,500,34847,0,72,99.43517529577005,2.125333994626999,2666.197750993888,74.0
1790261177,50,POST,POST /webhooks/im/messages,235.600000,0.000000,110,150,190,210,260,330,390,450,580,670,670,35074,0,73,100.12447387226464,2.125333994626999,2666.197750993888,74.0
1790261177,50,,Aggregated,235.600000,0.000000,110,150,190,210,260,330,390,450,580,670,670,35074,0,73,100.12447387226464,2.125333994626999,2666.197750993888,74.0
1790261178,50,POST,POST /webhooks/im/messages,231.300000,0.000000,110,150,180,210,260,320,390,450,580,670,670,35310,0,73,100.31686861211799,2.125333994626999,2666.197750993888,74.0
1790261178,50,,Aggregated,231.300000,0.000000,110,150,180,210,260,320,390,450,580,670,670,35310,0,73,100.31686861211799,2.125333994626999,2666.197750993888,74.0
1790261179,50,POST,POST /webhooks/im/messages,231.400000,0.000000,110,150,180,210,260,320,390,450,580,670,670,35534,0,73,100.18198977016628,2.125333994626999,2666.197750993888,74.0
1790261179,50,,Aggregated,231.400000,0.000000,110,150,180,210,260,320,390,450,580,670,670,35534,0,73,100.18198977016628,2.125333994626999,2666.197750993888,74.0
1790261180,50,POST,POST /webhooks/im/messages,227.200000,0.000000,110,150,190,210,260,320,390,450,580,670,670,35795,0,73,100.2341802445064,2.125333994626999,2666.197750993888,74.0
1790261180,50,,Aggregated,227.200000,0.000000,110,150,190,210,260,320,390,450,580,670,670,35795,0,73,100.2341802445064,2.125333994626999,2666.197750993888,74.0
1790261181,50,POST,POST /webhooks/im/messages,231.600000,0.000000,110,150,180,200,250,310,370,440,580,670,670,36076,0,73,100.2525601586979,2.125333994626999,2666.197750993888,74.0
1790261181,50,,Aggregated,231.600000,0.000000,110,150,180,200,250,310,370,440,580,670,670,36076,0,73,100.2525601586979,2.125333994626999,2666.197750993888,74.0
1790261182,50,POST,POST /webhooks/im/messages,228.900000,0.000000,110,150,180,200,250,320,370,450,580,670,670,36303,0,73,100.33031394934869,2.125333994626999,2666.197750993888,74.0
1790261182,50,,Aggregated,228.900000,0.000000,110,150,180,200,250,320,370,450,580,670,670,36303,0,73,100.33031394934869,2.125333994626999,2666.197750993888,74.0
1790261183,50,POST,POST /webhooks/im/messages,231.700000,0.000000,100,140,170,200,250,330,380,450,580,670,670,36513,0,73,100.51307222378978,2.125333994626999,2666.197750993888,74.0
1790261183,50,,Aggregated,231.700000,0.000000,100,140,170,200,250,330,380,450,580,670,670,36513,0,73,100.51307222378978,2.125333994626999,2666.197750993888,74.0
1790261184,50,POST,POST /webhooks/im/messages,231.500000,0.000000,97,140,170,190,250,330,380,450,580,670,670,36763,0,73,100.32799613590483,2.125333994626999,2666.197750993888,74.0
1790261184,50,,Aggregated,231.500000,0.000000,97,140,170,190,250,330,380,450,580,670,670,36763,0,73,100.32799613590483,2.125333994626999,2666.197750993888,74.0
1790261185,50,POST,POST /webhooks/im/messages,235.700000,0.000000,92,130,160,180,240,320,370,440,580,670,670,36991,0,73,100.20896262115627,2.125333994626999,2666.197750993888,74.0
1790261185,50,,Aggregated,235.700000,0.000000,92,130,160,180,240,320,370,440,580,670,670,36991,0,73,100.20896262115627,2.125333994626999,2666.197750993888,74.0
1790261186,50,POST,POST /webhooks/im/messages,232.400000,0.000000,87,120,150,170,220,280,360,410,560,670,670,37211,0,73,100.38284280734506,2.125333994626999,2666.197750993888,74.0
1790261186,50,,Aggregated,232.400000,0.000000,87,120,150,170,220,280,360,410,560,670,670,37211,0,73,100.38284280734506,2.125333994626999,2666.197750993888,74.0
1790261187,50,POST,POST /webhooks/im/messages,232.000000,0.000000,87,120,150,170,220,260,320,360,450,500,500,37449,0,73,100.63601260904339,2.125333994626999,2666.197750993888,74.0
1790261187,50,,Aggregated,232.000000,0.000000,87,120,150,170,220,260,320,360,450,500,500,37449,0,73,100.63601260904339,2.125333994626999,2666.197750993888,74.0
1790261188,50,POST,POST /webhooks/im/messages,236.300000,0.000000,91,130,160,190,240,300,370,420,560,670,670,37624,0,74,101.29140908744651,2.125333994626999,2666.197750993888,74.0
1790261188,50,,Aggregated,236.300000,0.000000,91,130,160,190,240,300,370,420,560,670,670,37624,0,74,101.29140908744651,2.125333994626999,2666.197750993888,74.0
1790261189,50,POST,POST /webhooks/im/messages,240.200000,0.000000,96,140,180,200,250,320,400,450,580,670,670,37852,0,74,101.84362177900657,2.125333994626999,2666.197750993888,74.0
1790261189,50,,Aggregated,240.200000,0.000000,96,140,180,200,250,320,400,450,580,670,670,37852,0,74,101.84362177900657,2.125333994626999,2666.197750993888,74.0
1790261190,50,POST,POST /webhooks/im/messages,239.600000,0.000000,110,160,200,220,280,350,410,470,600,670,670,38049,0,75,102.3691150656484,2.125333994626999,2666.197750993888,74.0
1790261190,50,,Aggregated,239.600000,0.000000,110,160,200,220,280,350,410,470,600,670,670,38049,0,75,102.3691150656484,2.125333994626999,2666.197750993888,74.0
1790261191,50,POST,POST /webhooks/im/messages,228.700000,0.000000,120,180,220,230,320,390,500,600,720,730,730,38187,0,75,103.15105360771753,2.125333994626999,2666.197750993888,74.0
1790261191,50,,Aggregated,228.700000,0.000000,120,180,220,230,320,390,500,600,720,730,730,38187,0,75,103.15105360771753,2.125333994626999,2666.197750993888,74.0
1790261192,50,POST,POST /webhooks/im/messages,230.500000,0.000000,130,190,220,240,340,420,570,670,850,980,980,38438,0,76,103.73386900246516,2.125333994626999,2666.197750993888,74.0
1790261192,50,,Aggregated,230.500000,0.000000,130,190,220,240,340,420,570,670,850,980,980,38438,0,76,103.73386900246516,2.125333994626999,2666.197750993888,74.0
1790261193,50,POST,POST /webhooks/im/messages,223.600000,0.000000,140,190,220,240,320,410,570,670,850,980,980,38642,0,76,104.09201629658689,2.125333994626999,2666.197750993888,74.0
1790261193,50,,Aggregated,223.600000,0.000000,140,190,220,240,320,410,570,670,850,980,980,38642,0,76,104.09201629658689,2.125333994626999,2666.197750993888,74.0
1790261194,50,POST,POST /webhooks/im/messages,213.100000,0.000000,150,200,230,260,340,420,600,670,850,980,980,38825,0,76,104.50098501302757,2.125333994626999,2666.197750993888,74.0
1790261194,50,,Aggregated,213.100000,0.000000,150,200,230,260,340,420,600,670,850,980,980,38825,0,76,104.50098501302757,2.125333994626999,2666.197750993888,74.0
1790261195,50,POST,POST /webhooks/im/messages,209.900000,0.000000,160,200,230,260,350,420,600,670,850,980,980,39080,0,77,104.65062037831952,2.125333994626999,2666.197750993888,74.0
1790261195,50,,Aggregated,209.900000,0.000000,160,200,230,260,350,420,600,670,850,980,980,39080,0,77,104.65062037831952,2.125333994626999,2666.197750993888,74.0
1790261196,50,POST,POST /webhooks/im/messages,209.700000,0.000000,150,190,230,250,340,420,600,670,850,980,980,39331,0,77,104.6469493120907,2.125333994626999,2666.197750993888,74.0
1790261196,50,,Aggregated,209.700000,0.000000,150,190,230,250,340,420,600,670,850,980,980,39331,0,77,104.6469493120907,2.125333994626999,2666.197750993888,74.0
1790261197,50,POST,POST /webhooks/im/messages,209.400000,0.000000,150,190,220,240,340,420,580,670,850,980,980,39568,0,77,104.83495163469833,2.125333994626999,2666.197750993888,74.0
1790261197,50,,Aggregated,209.400000,0.000000,150,190,220,240,340,420,580,670,850,980,980,39568,0,77,104.83495163469833,2.125333994626999,2666.197750993888,74.0
1790261198,50,POST,POST /webhooks/im/messages,207.100000,0.000000,150,180,210,230,310,380,560,660,850,980,980,39812,0,77,105.08853479000997,2.125333994626999,2666.197750993888,74.0
1790261198,50,,Aggregated,207.100000,0.000000,150,180,210,230,310,380,560,660,850,980,980,39812,0,77,105.08853479000997,2.125333994626999,2666.197750993888,74.0
1790261199,50,POST,POST /webhooks/im/messages,208.500000,0.000000,140,180,200,220,300,370,560,660,850,980,980,40054,0,78,105.16935933532106,2.125333994626999,2666.197750993888,74.0
1790261199,50,,Aggregated,208.500000,0.000000,140,180,200,220,300,370,560,660,850,980,980,40054,0,78,105.16935933532106,2.125333994626999,2666.197750993888,74.0
1790261200,50,POST,POST /webhooks/im/messages,213.100000,0.000000,140,170,190,210,260,350,490,620,850,980,980,40311,0,78,105.17194935323037,2.125333994626999,2666.197750993888,74.0
1790261200,50,,Aggregated,213.100000,0.000000,140,170,190,210,260,350,490,620,850,980,980,40311,0,78,105.17194935323037,2.125333994626999,2666.197750993888,74.0
1790261201,50,POST,POST /webhooks/im/messages,221.000000,0.000000,130,160,180,200,240,300,360,380,540,660,660,40560,0,78,105.18295024245802,2.125333994626999,2666.197750993888,74.0
1790261201,50,,Aggregated,221.000000,0.000000,130,160,180,200,240,300,360,380,540,660,660,40560,0,78,105.18295024245802,2.125333994626999,2666.197750993888,74.0
1790261202,50,POST,POST /webhooks/im/messages,217.200000,0.000000,120,150,180,190,230,280,340,370,440,660,660,40778,0,78,105.07671589869408,2.125333994626999,2666.197750993888,74.0
1790261202,50,,Aggregated,217.200000,0.000000,120,150,180,190,230,280,340,370,440,660,660,40778,0,78,105.07671589869408,2.125333994626999,2666.197750993888,74.0
1790261203,50,POST,POST /webhooks/im/messages,224.400000,0.000000,120,150,170,190,230,270,340,370,420,660,660,41038,0,78,105.37645890750066,2.125333994626999,2666.197750993888,74.0
1790261203,50,,Aggregated,224.400000,0.000000,120,150,170,190,230,270,340,370,420,660,660,41038,0,78,105.37645890750066,2.125333994626999,2666.197750993888,74.0
1790261204,50,POST,POST /webhooks/im/messages,237.000000,0.000000,110,150,170,180,220,250,280,320,390,420,420,41272,0,78,105.43317564239935,2.125333994626999,2666.197750993888,74.0
1790261204,50,,Aggregated,237.000000,0.000000,110,150,170,180,220,250,280,320,390,420,420,41272,0,78,105.43317564239935,2.125333994626999,2666.197750993888,74.0
1790261205,50,POST,POST /webhooks/im/messages,234.000000,0.000000,110,140,170,180,220,250,290,320,400,420,420,41529,0,78,105.3961856023973,2.125333994626999,2666.197750993888,74.0
1790261205,50,,Aggregated,234.000000,0.000000,110,140,170,180,220,250,290,320,400,420,420,41529,0,78,105.3961856023973,2.125333994626999,2666.197750993888,74.0
1790261206,50,POST,POST /webhooks/im/messages,239.100000,0.000000,100,140,160,180,220,250,280,310,400,420,420,41790,0,78,105.24852450691024,2.125333994626999,2666.197750993888,74.0
1790261206,50,,Aggregated,239.100000,0.000000,100,140,160,180,220,250,280,310,400,420,420,41790,0,78,105.24852450691024,2.125333994626999,2666.197750993888,74.0
1790261207,50,POST,POST /webhooks/im/messages,237.800000,0.000000,96,130,160,170,220,250,280,310,400,420,420,42028,0,78,105.17778305282077,2.125333994626999,2666.197750993888,74.0
1790261207,50,,Aggregated,237.800000,0.000000,96,130,160,170,220,250,280,310,400,420,420,42028,0,78,105.17778305282077,2.125333994626999,2666.197750993888,74.0
1790261208,50,POST,POST /webhooks/im/messages,243.500000,0.000000,95,130,150,160,210,240,270,300,360,420,420,42276,0,78,105.13552561987233,2.125333994626999,2666.197750993888,74.0
1790261208,50,,Aggregated,243.500000,0.000000,95,130,150,160,210,240,270,300,360,420,420,42276,0,78,105.13552561987233,2.125333994626999,2666.197750993888,74.0
1790261209,50,POST,POST /webhooks/im/messages,243.400000,0.000000,83,110,130,150,190,230,270,290,360,420,420,42542,0,78,104.79133690416113,2.125333994626999,2666.197750993888,74.0
1790261209,50,,Aggregated,243.400000,0.000000,83,110,130,150,190,230,270,290,360,420,420,42542,0,78,104.79133690416113,2.125333994626999,2666.197750993888,74.0
1790261210,50,POST,POST /webhooks/im/messages,242.700000,0.000000,79,110,130,140,190,230,270,290,360,420,420,42758,0,78,104.53385691068293,2.125333994626999,2666.197750993888,74.0
1790261210,50,,Aggregated,242.700000,0.000000,79,110,130,140,190,230,270,290,360,420,420,42758,0,78,104.53385691068293,2.125333994626999,2666.197750993888,74.0
1790261211,50,POST,POST /webhooks/im/messages,243.800000,0.000000,80,110,130,150,190,230,270,290,370,420,420,42980,0,78,104.58622188822406,2.125333994626999,2666.197750993888,74.0
1790261211,50,,Aggregated,243.800000,0.000000,80,110,130,150,190,230,270,290,370,420,420,42980,0,78,104.58622188822406,2.125333994626999,2666.197750993888,74.0
1790261212,50,POST,POST /webhooks/im/messages,248.000000,0.000000,83,110,130,150,190,230,280,300,420,540,540,43255,0,78,104.63428263962129,2.125333994626999,2666.197750993888,74.0
1790261212,50,,Aggregated,248.000000,0.000000,83,110,130,150,190,230,280,300,420,540,540,43255,0,78,104.63428263962129,2.125333994626999,2666.197750993888,74.0
1790261213,50,POST,POST /webhooks/im/messages,243.900000,0.000000,80,110,130,140,190,240,360,490,610,630,630,43405,0,78,104.99090478161092,2.125333994626999,2666.197750993888,74.0
1790261213,50,,Aggregated,243.900000,0.000000,80,110,130,140,190,240,360,490,610,630,630,43405,0,78,104.99090478161092,2.125333994626999,2666.197750993888,74.0
1790261214,50,POST,POST /webhooks/im/messages,243.000000,0.000000,83,110,140,150,230,300,470,500,630,720,720,43567,0,79,105.61999359673075,2.125333994626999,2666.197750993888,74.0
1790261214,50,,Aggregated,243.000000,0.000000,83,110,140,150,230,300,470,500,630,720,720,43567,0,79,105.61999359673075,2.125333994626999,2666.197750993888,74.0
1790261215,50,POST,POST /webhooks/im/messages,249.700000,0.000000,92,130,150,180,280,390,500,570,740,820,820,43761,0,79,106.34411171588552,2.125333994626999,2666.197750993888,74.0
1790261215,50,,Aggregated,249.700000,0.000000,92,130,150,180,280,390,500,570,740,820,820,43761,0,79,106.34411171588552,2.125333994626999,2666.197750993888,74.0
1790261216,50,POST,POST /webhooks/im/messages,235.000000,0.000000,97,130,160,190,280,390,500,570,740,820,820,44022,0,79,106.26681051676283,2.125333994626999,2666.197750993888,74.0
1790261216,50,,Aggregated,235.000000,0.000000,97,130,160,190,280,390,500,570,740,820,820,44022,0,79,106.26681051676283,2.125333994626999,2666.197750993888,74.0
1790261217,50,POST,POST /webhooks/im/messages,229.300000,0.000000,95,130,150,180,280,390,500,570,740,820,820,44274,0,79,106.04994330092042,2.125333994626999,2666.197750993888,74.0
1790261217,50,,Aggregated,229.300000,0.000000,95,130,150,180,280,390,500,570,740,820,820,44274,0,79,106.04994330092042,2.125333994626999,2666.197750993888,74.0
1790261218,50,POST,POST /webhooks/im/messages,221.200000,0.000000,93,130,160,180,280,390,500,570,740,820,820,44497,0,79,106.05030024505137,2.125333994626999,2666.197750993888,74.0
1790261218,50,,Aggregated,221.200000,0.000000,93,130,160,180,280,390,500,570,740,820,820,44497,0,79,106.05030024505137,2.125333994626999,2666.197750993888,74.0
1790261219,50,POST,POST /webhooks/im/messages,222.800000,0.000000,100,140,170,200,280,390,500,570,740,820,820,44750,0,79,106.184943220606,2.125333994626999,2666.197750993888,74.0
1790261219,50,,Aggregated,222.800000,0.000000,100,140,170,200,280,390,500,570,740,820,820,44750,0,79,106.184943220606,2.125333994626999,2666.197750993888,74.0
1790261220,50,POST,POST /webhooks/im/messages,223.200000,0.000000,100,140,170,200,280,390,500,570,740,820,820,44986,0,79,106.08033135502507,2.125333994626999,2666.197750993888,74.0
1790261220,50,,Aggregated,223.200000,0.000000,100,140,170,200,280,390,500,570,740,820,820,44986,0,79,106.08033135502507,2.125333994626999,2666.197750993888,74.0
1790261221,50,POST,POST /webhooks/im/messages,219.200000,0.000000,99,130,160,190,280,380,500,570,740,820,820,45278,0,79,106.03707344805767,2.125333994626999,2666.197750993888,74.0
1790261221,50,,Aggregated,219.200000,0.000000,99,130,160,190,280,380,500,570,740,820,820,45278,0,79,106.03707344805767,2.125333994626999,2666.197750993888,74.0
1790261222,50,POST,POST /webhooks/im/messages,220.500000,0.000000,100,140,170,190,270,380,500,570,740,820,820,45514,0,79,105.96995942299496,2.125333994626999,2666.197750993888,74.0
1790261222,50,,Aggregated,220.500000,0.000000,100,140,170,190,270,380,500,570,740,820,820,45514,0,79,105.96995942299496,2.125333994626999,2666.197750993888,74.0
1790261223,50,POST,POST /webhooks/im/messages,221.400000,0.000000,98,130,160,180,240,300,420,530,740,820,820,45773,0,79,105.9328468882607,2.125333994626999,2666.197750993888,74.0
1790261223,50,,Aggregated,221.400000,0.000000,98,130,160,180,240,300,420,530,740,820,820,45773,0,79,105.9328468882607,2.125333994626999,2666.197750993888,74.0
1790261224,50,POST,POST /webhooks/im/messages,227.300000,0.000000,88,120,150,160,200,250,370,440,740,820,820,46023,0,79,105.77856199133747,2.125333994626999,2666.197750993888,74.0
1790261224,50,,Aggregated,227.300000,0.000000,88,120,150,160,200,250,370,440,740,820,820,46023,0,79,105.77856199133747,2.125333994626999,2666.197750993888,74.0
1790261225,50,POST,POST /webhooks/im/messages,224.100000,0.000000,82,110,130,150,180,210,240,280,360,400,400,46246,0,79,105.69877139634511,2.125333994626999,2666.197750993888,74.0
1790261225,50,,Aggregated,224.100000,0.000000,82,110,130,150,180,210,240,280,360,400,400,46246,0,79,105.69877139634511,2.125333994626999,2666.197750993888,74.0
1790261226,50,POST,POST /webhooks/im/messages,236.300000,0.000000,80,110,130,150,190,210,240,280,360,400,400,46502,0,79,105.57821531193022,2.125333994626999,2666.197750993888,74.0
1790261226,50,,Aggregated,236.300000,0.000000,80,110,130,150,190,210,240,280,360,400,400,46502,0,79,105.57821531193022,2.125333994626999,2666.197750993888,74.0
1790261227,50,POST,POST /webhooks/im/messages,244.800000,0.000000,84,120,140,150,190,210,240,280,360,400,400,46750,0,79,105.54259203526196,2.125333994626999,2666.197750993888,74.0
1790261227,50,,Aggregated,244.800000,0.000000,84,120,140,150,190,210,240,280,360,400,400,46750,0,79,105.54259203526196,2.125333994626999,2666.197750993888,74.0
1790261228,50,POST,POST /webhooks/im/messages,247.700000,0.000000,81,110,130,150,190,210,240,260,340,400,400,46983,0,79,105.44516636859049,2.125333994626999,2666.197750993888,74.0
1790261228,50,,Aggregated,247.700000,0.000000,81,110,130,150,190,210,240,260,340,400,400,46983,0,79,105.44516636859049,2.125333994626999,2666.197750993888,74.0
1790261229,50,POST,POST /webhooks/im/messages,246.000000,0.000000,75,110,120,140,180,210,230,240,310,340,340,47220,0,79,105.21237490544962,2.125333994626999,2666.197750993888,74.0
1790261229,50,,Aggregated,246.000000,0.000000,75,110,120,140,180,210,230,240,310,340,340,47220,0,79,105.21237490544962,2.125333994626999,2666.197750993888,74.0
1790261230,50,POST,POST /webhooks/im/messages,247.300000,0.000000,75,110,130,140,180,210,230,250,330,350,350,47483,0,79,105.22845194017567,2.125333994626999,2666.197750993888,74.0
1790261230,50,,Aggregated,247.300000,0.000000,75,110,130,140,180,210,230,250,330,350,350,47483,0,79,105.22845194017567,2.125333994626999,2666.197750993888,74.0
1790261231,50,POST,POST /webhooks/im/messages,249.400000,0.000000,72,110,130,140,180,210,230,250,330,350,350,47733,0,79,105.05437318399122,2.125333994626999,2666.197750993888,74.0
1790261231,50,,Aggregated,249.400000,0.000000,72,110,130,140,180,210,230,250,330,350,350,47733,0,79,105.05437318399122,2.125333994626999,2666.197750993888,74.0
1790261232,50,POST,POST /webhooks/im/messages,244.600000,0.000000,73,100,130,140,190,220,270,290,350,370,370,47986,0,79,105.0759956706443,2.125333994626999,2666.197750993888,74.0
1790261232,50,,Aggregated,244.600000,0.000000,73,100,130,140,190,220,270,290,350,370,370,47986,0,79,105.0759956706443,2.125333994626999,2666.197750993888,74.0
1790261233,50,POST,POST /webhooks/im/messages,248.900000,0.000000,75,110,130,140,190,230,280,310,470,570,570,48196,0,79,105.22817284138847,2.125333994626999,2666.197750993888,74.0
1790261233,50,,Aggregated,248.900000,0.000000,75,110,130,140,190,230,280,310,470,570,570,48196,0,79,105.22817284138847,2.125333994626999,2666.197750993888,74.0
1790261234,50,POST,POST /webhooks/im/messages,244.500000,0.000000,78,110,130,150,200,230,280,320,470,570,570,48470,0,79,105.18495279594855,2.125333994626999,2666.197750993888,74.0
1790261234,50,,Aggregated,244.500000,0.000000,78,110,130,150,200,230,280,320,470,570,570,48470,0,79,105.18495279594855,2.125333994626999,2666.197750993888,74.0
1790261235,50,POST,POST /webhooks/im/messages,245.100000,0.000000,79,110,130,140,190,230,280,320,470,570,570,48705,0,79,105.1382241040277,2.125333994626999,2666.197750993888,74.0
1790261235,50,,Aggregated,245.100000,0.000000,79,110,130,140,190,230,280,320,470,570,570,48705,0,79,105.1382241040277,2.125333994626999,2666.197750993888,74.0
1790261236,50,POST,POST /webhooks/im/messages,242.200000,0.000000,82,110,130,150,190,230,280,320,470,570,570,48971,0,79,105.06218148154394,2.125333994626999,2666.197750993888,74.0
1790261236,50,,Aggregated,242.200000,0.000000,82,110,130,150,190,230,280,320,470,570,570,48971,0,79,105.06218148154394,2.125333994626999,2666.197750993888,74.0
1790261237,50,POST,POST /webhooks/im/messages,243.800000,0.000000,76,110,130,140,190,230,280,320,470,570,570,49170,0,79,104.85211464666949,2.125333994626999,2666.197750993888,74.0
1790261237,50,,Aggregated,243.800000,0.000000,76,110,130,140,190,230,280,320,470,570,570,49170,0,79,104.85211464666949,2.125333994626999,2666.197750993888,74.0
1790261238,50,POST,POST /webhooks/im/messages,244.700000,0.000000,80,110,130,150,190,230,280,320,470,570,570,49439,0,79,104.90646544690829,2.125333994626999,2666.197750993888,74.0
1790261238,50,,Aggregated,244.700000,0.000000,80,110,130,150,190,230,280,320,470,570,570,49439,0,79,104.90646544690829,2.125333994626999,2666.197750993888,74.0
1790261239,50,POST,POST /webhooks/im/messages,246.400000,0.000000,76,110,130,150,190,230,290,320,470,570,570,49672,0,79,104.70419817429605,2.125333994626999,2666.197750993888,74.0
1790261239,50,,Aggregated,246.400000,0.000000,76,110,130,150,190,230,290,320,470,570,570,49672,0,79,104.70419817429605,2.125333994626999,2666.197750993888,74.0
1790261241,50,POST,POST /webhooks/im/messages,239.500000,0.000000,86,120,150,160,210,250,290,340,470,570,570,49930,0,79,104.93170395675105,2.125333994626999,2666.197750993888,74.0
1790261241,50,,Aggregated,239.500000,0.000000,86,120,150,160,210,250,290,340,470,570,570,49930,0,79,104.93170395675105,2.125333994626999,2666.197750993888,74.0
1790261242,50,POST,POST /webhooks/im/messages,243.400000,0.000000,90,120,150,160,200,230,260,320,470,570,570,50175,0,79,104.93452595732337,2.125333994626999,2666.197750993888,74.0
1790261242,50,,Aggregated,243.400000,0.000000,90,120,150,160,200,230,260,320,470,570,570,50175,0,79,104.93452595732337,2.125333994626999,2666.197750993888,74.0
1790261243,50,POST,POST /webhooks/im/messages,243.500000,0.000000,90,120,140,160,190,220,260,280,370,410,410,50418,0,80,105.00161384568666,2.125333994626999,2666.197750993888,74.0
1790261243,50,,Aggregated,243.500000,0.000000,90,120,140,160,190,220,260,280,370,410,410,50418,0,80,105.00161384568666,2.125333994626999,2666.197750993888,74.0
1790261244,50,POST,POST /webhooks/im/messages,244.000000,0.000000,89,120,140,160,200,230,260,290,390,410,410,50673,0,80,105.00662053174013,2.125333994626999,2666.197750993888,74.0
1790261244,50,,Aggregated,244.000000,0.000000,89,120,140,160,200,230,260,290,390,410,410,50673,0,80,105.00662053174013,2.125333994626999,2666.197750993888,74.0
1790261245,50,POST,POST /webhooks/im/messages,242.600000,0.000000,87,120,140,150,190,230,260,290,390,410,410,50931,0,80,104.87235457962308,2.125333994626999,2666.197750993888,74.0
1790261245,50,,Aggregated,242.600000,0.000000,87,120,140,150,190,230,260,290,390,410,410,50931,0,80,104.87235457962308,2.125333994626999,2666.197750993888,74.0
1790261246,50,POST,POST /webhooks/im/messages,246.500000,0.000000,85,110,140,150,200,240,260,290,390,410,410,51118,0,80,104.7421207667899,2.125333994626999,2666.197750993888,74.0
1790261246,50,,Aggregated,246.500000,0.000000,85,110,140,150,200,240,260,290,390,410,410,51118,0,80,104.7421207667899,2.125333994626999,2666.197750993888,74.0
1790261247,50,POST,POST /webhooks/im/messages,245.100000,0.000000,93,120,150,160,220,250,300,340,460,470,470,51340,0,80,104.94582471600354,2.125333994626999,2666.197750993888,74.0
1790261247,50,,Aggregated,245.100000,0.000000,93,120,150,160,220,250,300,340,460,470,470,51340,0,80,104.94582471600354,2.125333994626999,2666.197750993888,74.0
1790261248,50,POST,POST /webhooks/im/messages,240.600000,0.000000,88,120,140,160,220,260,300,340,460,470,470,51619,0,80,104.95628281264004,2.125333994626999,2666.197750993888,74.0
1790261248,50,,Aggregated,240.600000,0.000000,88,120,140,160,220,260,300,340,460,470,470,51619,0,80,104.95628281264004,2.125333994626999,2666.197750993888,74.0
1790261249,50,POST,POST /webhooks/im/messages,236.800000,0.000000,96,130,150,170,220,260,310,340,460,470,470,51874,0,80,105.05329753062223,2.125333994626999,2666.197750993888,74.0
1790261249,50,,Aggregated,236.800000,0.000000,96,130,150,170,220,260,310,340,460,470,470,51874,0,80,105.05329753062223,2.125333994626999,2666.197750993888,74.0
1790261250,50,POST,POST /webhooks/im/messages,244.400000,0.000000,88,120,140,150,210,250,300,330,460,470,470,52134,0,80,104.82397829120184,2.125333994626999,2666.197750993888,74.0
1790261250,50,,Aggregated,244.400000,0.000000,88,120,140,150,210,250,300,330,460,470,470,52134,0,80,104.82397829120184,2.125333994626999,2666.197750993888,74.0
1790261251,50,POST,POST /webhooks/im/messages,241.800000,0.000000,87,120,140,150,210,250,300,330,460,470,470,52358,0,80,104.83234870076338,2.125333994626999,2666.197750993888,74.0
1790261251,50,,Aggregated,241.800000,0.000000,87,120,140,150,210,250,300,330,460,470,470,52358,0,80,104.83234870076338,2.125333994626999,2666.197750993888,74.0
1790261252,50,POST,POST /webhooks/im/messages,245.300000,0.000000,84,110,130,140,200,250,300,330,460,470,470,52605,0,80,104.73127684164001,2.125333994626999,2666.197750993888,74.0
1790261252,50,,Aggregated,245.300000,0.000000,84,110,130,140,200,250,300,330,460,470,470,52605,0,80,104.73127684164001,2.125333994626999,2666.197750993888,74.0
1790261253,50,POST,POST /webhooks/im/messages,241.000000,0.000000,81,110,120,140,180,230,290,320,460,470,470,52878,0,80,104.57795450638096,2.125333994626999,2666.197750993888,74.0
1790261253,50,,Aggregated,241.000000,0.000000,81,110,120,140,180,230,290,320,460,470,470,52878,0,80,104.57795450638096,2.125333994626999,2666.197750993888,74.0
1790261254,50,POST,POST /webhooks/im/messages,241.700000,0.000000,81,110,130,140,190,240,290,330,460,470,470,53096,0,80,104.55072619674574,2.125333994626999,2666.197750993888,74.0
1790261254,50,,Aggregated,241.700000,0.000000,81,110,130,140,190,240,290,330,460,470,470,53096,0,80,104.55072619674574,2.125333994626999,2666.197750993888,74.0
1790261255,50,POST,POST /webhooks/im/messages,243.800000,0.000000,84,110,130,150,200,250,300,340,460,470,470,53359,0,80,104.59060790553514,2.125333994626999,2666.197750993888,74.0
1790261255,50,,Aggregated,243.800000,0.000000,84,110,130,150,200,250,300,340,460,470,470,53359,0,80,104.59060790553514,2.125333994626999,2666.197750993888,74.0
1790261256,50,POST,POST /webhooks/im/messages,242.200000,0.000000,80,110,130,140,180,220,270,310,350,380,380,53599,0,80,104.4858148611072,2.125333994626999,2666.197750993888,74.0
1790261256,50,,Aggregated,242.200000,0.000000,80,110,130,140,180,220,270,310,350,380,380,53599,0,80,104.4858148611072,2.125333994626999,2666.197750993888,74.0
1790261257,50,POST,POST /webhooks/im/messages,242.200000,0.000000,80,110,120,140,180,210,250,290,350,370,370,53859,0,80,104.41839820021819,2.125333994626999,2666.197750993888,74.0
1790261257,50,,Aggregated,242.200000,0.000000,80,110,120,140,180,210,250,290,350,370,370,53859,0,80,104.41839820021819,2.125333994626999,2666.197750993888,74.0
1790261258,50,POST,POST /webhooks/im/messages,248.200000,0.000000,79,110,120,130,170,200,240,270,350,370,370,54091,0,80,104.40692600217359,2.125333994626999,2666.197750993888,74.0
1790261258,50,,Aggregated,248.200000,0.000000,79,110,120,130,170,200,240,270,350,370,370,54091,0,80,104.40692600217359,2.125333994626999,2666.197750993888,74.0
1790261259,50,POST,POST /webhooks/im/messages,249.600000,0.000000,82,110,130,140,170,200,240,270,350,370,370,54354,0,80,104.28720397340612,2.125333994626999,2666.197750993888,74.0
1790261259,50,,Aggregated,249.600000,0.000000,82,110,130,140,170,200,240,270,350,370,370,54354,0,80,104.28720397340612,2.125333994626999,2666.197750993888,74.0
1790261260,50,POST,POST /webhooks/im/messages,249.600000,0.000000,79,100,120,130,160,190,230,250,340,350,350,54591,0,80,104.15713150432404,2.125333994626999,2666.197750993888,74.0
1790261260,50,,Aggregated,249.600000,0.000000,79,100,120,130,160,190,230,250,340,350,350,54591,0,80,104.15713150432404,2.125333994626999,2666.197750993888,74.0
1790261261,50,POST,POST /webhooks/im/messages,246.300000,0.000000,81,110,130,130,170,200,230,260,340,350,350,54836,0,80,104.18556481531418,2.125333994626999,2666.197750993888,74.0
1790261261,50,,Aggregated,246.300000,0.000000,81,110,130,130,170,200,230,260,340,350,350,54836,0,80,104.18556481531418,2.125333994626999,2666.197750993888,74.0
1790261262,50,POST,POST /webhooks/im/messages,246.600000,0.000000,85,110,130,140,170,200,240,260,340,350,350,55081,0,80,104.1856168444771,2.125333994626999,2666.197750993888,74.0
1790261262,50,,Aggregated,246.600000,0.000000,85,110,130,140,170,200,240,260,340,350,350,55081,0,80,104.1856168444771,2.125333994626999,2666.197750993888,74.0
1790261263,50,POST,POST /webhooks/im/messages,246.700000,0.000000,89,120,130,140,180,210,250,290,370,400,400,55328,0,80,104.35318116529615,2.125333994626999,2666.197750993888,74.0
1790261263,50,,Aggregated,246.700000,0.000000,89,120,130,140,180,210,250,290,370,400,400,55328,0,80,104.35318116529615,2.125333994626999,2666.197750993888,74.0
1790261264,50,POST,POST /webhooks/im/messages,248.600000,0.000000,89,120,130,140,170,200,240,260,370,400,400,55584,0,80,104.27749158361169,2.125333994626999,2666.197750993888,74.0
1790261264,50,,Aggregated,248.600000,0.000000,89,120,130,140,170,200,240,260,370,400,400,55584,0,80,104.27749158361169,2.125333994626999,2666.197750993888,74.0
1790261265,50,POST,POST /webhooks/im/messages,244.600000,0.000000,86,120,130,140,170,200,240,260,370,400,400,55807,0,80,104.07138395451345,2.125333994626999,2666.197750993888,74.0
1790261265,50,,Aggregated,244.600000,0.000000,86,120,130,140,170,200,240,260,370,400,400,55807,0,80,104.07138395451345,2.125333994626999,2666.197750993888,74.0
1790261266,50,POST,POST /webhooks/im/messages,246.200000,0.000000,89,120,130,140,180,210,260,290,420,470,470,56075,0,80,104.13725993206667,2.125333994626999,2666.197750993888,74.0
1790261266,50,,Aggregated,246.200000,0.000000,89,120,130,140,180,210,260,290,420,470,470,56075,0,80,104.13725993206667,2.125333994626999,2666.197750993888,74.0
1790261267,50,POST,POST /webhooks/im/messages,245.000000,0.000000,85,120,130,140,180,220,260,300,420,470,470,56315,0,80,104.05357863197602,2.125333994626999,2666.197750993888,74.0
1790261267,50,,Aggregated,245.000000,0.000000,85,120,130,140,180,220,260,300,420,470,470,56315,0,80,104.05357863197602,2.125333994626999,2666.197750993888,74.0
1790261268,50,POST,POST /webhooks/im/messages,243.400000,0.000000,82,110,130,140,180,210,260,300,420,470,470,56577,0,80,103.87202658691264,2.125333994626999,2666.197750993888,74.0
1790261268,50,,Aggregated,243.400000,0.000000,82,110,130,140,180,210,260,300,420,470,470,56577,0,80,103.87202658691264,2.125333994626999,2666.197750993888,74.0
1790261269,50,POST,POST /webhooks/im/messages,247.300000,0.000000,85,120,140,150,180,220,260,300,420,470,470,56811,0,80,103.84916178229194,2.125333994626999,2666.197750993888,74.0
1790261269,50,,Aggregated,247.300000,0.000000,85,120,140,150,180,220,260,300,420,470,470,56811,0,80,103.84916178229194,2.125333994626999,2666.197750993888,74.0
1790261270,50,POST,POST /webhooks/im/messages,246.900000,0.000000,86,120,140,150,190,220,260,300,420,470,470,57051,0,80,103.90686547570972,2.125333994626999,2666.197750993888,74.0
1790261270,50,,Aggregated,246.900000,0.000000,86,120,140,150,190,220,260,300,420,470,470,57051,0,80,103.90686547570972,2.125333994626999,2666.197750993888,74.0
1790261271,50,POST,POST /webhooks/im/messages,248.300000,0.000000,85,120,140,150,190,220,260,300,420,470,470,57291,0,80,103.91143791451998,2.125333994626999,2666.197750993888,74.0
1790261271,50,,Aggregated,248.300000,0.000000,85,120,140,150,190,220,260,300,420,470,470,57291,0,80,103.91143791451998,2.125333994626999,2666.197750993888,74.0
1790261272,50,POST,POST /webhooks/im/messages,244.200000,0.000000,82,120,140,150,180,220,260,290,420,470,470,57553,0,80,103.9668714362708,2.125333994626999,2666.197750993888,74.0
1790261272,50,,Aggregated,244.200000,0.000000,82,120,140,150,180,220,260,290,420,470,470,57553,0,80,103.9668714362708,2.125333994626999,2666.197750993888,74.0
1790261273,50,POST,POST /webhooks/im/messages,245.500000,0.000000,82,110,130,150,180,220,260,290,420,470,470,57806,0,80,103.84153212806171,2.125333994626999,2666.197750993888,74.0
1790261273,50,,Aggregated,245.500000,0.000000,82,110,130,150,180,220,260,290,420,470,470,57806,0,80,103.84153212806171,2.125333994626999,2666.197750993888,74.0
1790261274,50,POST,POST /webhooks/im/messages,246.300000,0.000000,95,120,140,150,200,230,270,290,420,470,470,58000,0,80,103.98298731525479,2.125333994626999,2666.197750993888,74.0
1790261274,50,,Aggregated,246.300000,0.000000,95,120,140,150,200,230,270,290,420,470,470,58000,0,80,103.98298731525479,2.125333994626999,2666.197750993888,74.0
1790261275,50,POST,POST /webhooks/im/messages,246.700000,0.000000,100,130,150,160,220,260,330,360,500,560,560,58255,0,81,104.39732833423459,2.125333994626999,2666.197750993888,74.0
1790261275,50,,Aggregated,246.700000,0.000000,100,130,150,160,220,260,330,360,500,560,560,58255,0,81,104.39732833423459,2.125333994626999,2666.197750993888,74.0
1790261276,50,POST,POST /webhooks/im/messages,244.300000,0.000000,100,130,150,170,220,270,330,360,500,560,560,58472,0,81,104.41806464854821,2.125333994626999,2666.197750993888,74.0
1790261276,50,,Aggregated,244.300000,0.000000,100,130,150,170,220,270,330,360,500,560,560,58472,0,81,104.41806464854821,2.125333994626999,2666.197750993888,74.0
1790261277,50,POST,POST /webhooks/im/messages,239.200000,0.000000,100,130,150,170,220,270,330,360,500,560,560,58720,0,81,104.33793527722912,2.125333994626999,2666.197750993888,74.0
1790261277,50,,Aggregated,239.200000,0.000000,100,130,150,170,220,270,330,360,500,560,560,58720,0,81,104.33793527722912,2.125333994626999,2666.197750993888,74.0
1790261278,50,POST,POST /webhooks/im/messages,241.600000,0.000000,110,140,160,190,240,300,340,380,510,560,560,58917,0,81,104.61554780728642,2.125333994626999,2666.197750993888,74.0
1790261278,50,,Aggregated,241.600000,0.000000,110,140,160,190,240,300,340,380,510,560,560,58917,0,81,104.61554780728642,2.125333994626999,2666.197750993888,74.0
1790261279,50,POST,POST /webhooks/im/messages,238.000000,0.000000,110,150,180,210,270,310,370,420,550,590,590,59085,0,81,104.95009762298162,2.125333994626999,2666.197750993888,74.0
1790261279,50,,Aggregated,238.000000,0.000000,110,150,180,210,270,310,370,420,550,590,590,59085,0,81,104.95009762298162,2.125333994626999,2666.197750993888,74.0
1790261280,50,POST,POST /webhooks/im/messages,235.100000,0.000000,120,160,210,230,280,330,380,460,620,770,770,59328,0,81,105.22278371898103,2.125333994626999,2666.197750993888,74.0
1790261280,50,,Aggregated,235.100000,0.000000,120,160,210,230,280,330,380,460,620,770,770,59328,0,81,105.22278371898103,2.125333994626999,2666.197750993888,74.0
1790261281,50,POST,POST /webhooks/im/messages,226.100000,0.000000,120,150,200,220,280,330,390,460,620,770,770,59586,0,82,105.30662724644489,2.125333994626999,2666.197750993888,74.0
1790261281,50,,Aggregated,226.100000,0.000000,120,150,200,220,280,330,390,460,620,770,770,59586,0,82,105.30662724644489,2.125333994626999,2666.197750993888,74.0
1790261282,50,POST,POST /webhooks/im/messages,224.300000,0.000000,120,150,200,220,280,330,390,460,620,770,770,59809,0,82,105.22224917212273,2.125333994626999,2666.197750993888,74.0
1790261282,50,,Aggregated,224.300000,0.000000,120,150,200,220,280,330,390,460,620,770,770,59809,0,82,105.22224917212273,2.125333994626999,2666.197750993888,74.0
1790261283,50,POST,POST /webhooks/im/messages,228.700000,0.000000,110,150,190,220,280,330,390,460,620,770,770,60062,0,81,105.09000301570987,2.125333994626999,2666.197750993888,74.0
1790261283,50,,Aggregated,228.700000,0.000000,110,150,190,220,280,330,390,460,620,770,770,60062,0,81,105.09000301570987,2.125333994626999,2666.197750993888,74.0
1790261284,50,POST,POST /webhooks/im/messages,226.000000,0.000000,100,140,170,200,260,310,380,450,620,770,770,60319,0,82,105.26632265451072,2.125333994626999,2666.197750993888,74.0
1790261284,50,,Aggregated,226.000000,0.000000,100,140,170,200,260,310,380,450,620,770,770,60319,0,82,105.26632265451072,2.125333994626999,2666.197750993888,74.0
1790261285,50,POST,POST /webhooks/im/messages,229.300000,0.000000,110,150,190,220,270,320,380,450,620,770,770,60512,0,82,105.50695011602039,2.125333994626999,2666.197750993888,74.0
1790261285,50,,Aggregated,229.300000,0.000000,110,150,190,220,270,320,380,450,620,770,770,60512,0,82,105.50695011602039,2.125333994626999,2666.197750993888,74.0
1790261286,50,POST,POST /webhooks/im/messages,226.200000,0.000000,120,160,210,230,290,350,400,470,620,770,770,60729,0,82,105.81649801007563,2.125333994626999,2666.197750993888,74.0
1790261286,50,,Aggregated,226.200000,0.000000,120,160,210,230,290,350,400,470,620,770,770,60729,0,82,105.81649801007563,2.125333994626999,2666.197750993888,74.0
1790261287,50,POST,POST /webhooks/im/messages,227.300000,0.000000,110,150,190,220,280,340,390,440,620,770,770,60928,0,82,105.73295673635783,2.125333994626999,2666.197750993888,74.0
1790261287,50,,Aggregated,227.300000,0.000000,110,150,190,220,280,340,390,440,620,770,770,60928,0,82,105.73295673635783,2.125333994626999,2666.197750993888,74.0
1790261288,50,POST,POST /webhooks/im/messages,220.900000,0.000000,100,140,170,190,270,340,380,430,620,770,770,61223,0,82,105.6844634007421,2.125333994626999,2666.197750993888,74.0
1790261288,50,,Aggregated,220.900000,0.000000,100,140,170,190,270,340,380,430,620,770,770,61223,0,82,105.6844634007421,2.125333994626999,2666.197750993888,74.0
1790261289,50,POST,POST /webhooks/im/messages,222.500000,0.000000,96,130,150,180,250,310,360,400,530,550,550,61450,0,82,105.61651038518583,2.125333994626999,2666.197750993888,74.0
1790261289,50,,Aggregated,222.500000,0.000000,96,130,150,180,250,310,360,400,530,550,550,61450,0,82,105.61651038518583,2.125333994626999,2666.197750993888,74.0
1790261290,50,POST,POST /webhooks/im/messages,228.100000,0.000000,95,120,150,170,240,300,360,390,530,550,550,61705,0,82,105.55680651648288,2.125333994626999,2666.197750993888,74.0
1790261290,50,,Aggregated,228.100000,0.000000,95,120,150,170,240,300,360,390,530,550,550,61705,0,82,105.55680651648288,2.125333994626999,2666.197750993888,74.0
1790261291,50,POST,POST /webhooks/im/messages,235.900000,0.000000,96,130,150,180,250,300,360,390,530,550,550,61942,0,82,105.57025591268349,2.125333994626999,2666.197750993888,74.0
1790261291,50,,Aggregated,235.900000,0.000000,96,130,150,180,250,300,360,390,530,550,550,61942,0,82,105.57025591268349,2.125333994626999,2666.197750993888,74.0
1790261292,50,POST,POST /webhooks/im/messages,237.400000,0.000000,100,130,150,180,260,310,360,390,530,550,550,62166,0,82,105.60685582220809,2.125333994626999,2666.197750993888,74.0
1790261292,50,,Aggregated,237.400000,0.000000,100,130,150,180,260,310,360,390,530,550,550,62166,0,82,105.60685582220809,2.125333994626999,2666.197750993888,74.0
1790261293,50,POST,POST /webhooks/im/messages,235.200000,0.000000,100,130,160,180,250,300,350,380,450,550,550,62418,0,82,105.68797437951221,2.125333994626999,2666.197750993888,74.0
1790261293,50,,Aggregated,235.200000,0.000000,100,130,160,180,250,300,350,380,450,550,550,62418,0,82,105.68797437951221,2.125333994626999,2666.197750993888,74.0
1790261294,50,POST,POST /webhooks/im/messages,234.900000,0.000000,92,120,150,170,230,290,350,370,450,550,550,62651,0,82,105.56583873549276,2.125333994626999,2666.197750993888,74.0
1790261294,50,,Aggregated,234.900000,0.000000,92,120,150,170,230,290,350,370,450,550,550,62651,0,82,105.56583873549276,2.125333994626999,2666.197750993888,74.0
1790261295,50,POST,POST /webhooks/im/messages,230.200000,0.000000,85,120,140,160,220,270,330,360,450,550,550,62910,0,82,105.60977747377592,2.125333994626999,2666.197750993888,74.0
1790261295,50,,Aggregated,230.200000,0.000000,85,120,140,160,220,270,330,360,450,550,550,62910,0,82,105.60977747377592,2.125333994626999,2666.197750993888,74.0
1790261296,50,POST,POST /webhooks/im/messages,238.300000,0.000000,83,110,130,150,210,260,310,330,370,380,380,63161,0,82,105.46016389677605,2.125333994626999,2666.197750993888,74.0
1790261296,50,,Aggregated,238.300000,0.000000,83,110,130,150,210,260,310,330,370,380,380,63161,0,82,105.46016389677605,2.125333994626999,2666.197750993888,74.0
1790261297,50,POST,POST /webhooks/im/messages,241.200000,0.000000,85,120,140,160,210,270,320,350,470,540,540,63380,0,82,105.6743173863255,2.125333994626999,2666.197750993888,74.0
1790261297,50,,Aggregated,241.200000,0.000000,85,120,140,160,210,270,320,350,470,540,540,63380,0,82,105.6743173863255,2.125333994626999,2666.197750993888,74.0
1790261298,50,POST,POST /webhooks/im/messages,244.600000,0.000000,92,120,150,170,220,270,320,350,470,540,540,63616,0,82,105.72942103260705,2.125333994626999,2666.197750993888,74.0
1790261298,50,,Aggregated,244.600000,0.000000,92,120,150,170,220,270,320,350,470,540,540,63616,0,82,105.72942103260705,2.125333994626999,2666.197750993888,74.0
1790261299,50,POST,POST /webhooks/im/messages,240.200000,0.000000,90,120,150,170,220,270,330,350,470,540,540,63866,0,82,105.70069712111656,2.125333994626999,2666.197750993888,74.0
1790261299,50,,Aggregated,240.200000,0.000000,90,120,150,170,220,270,330,350,470,540,540,63866,0,82,105.70069712111656,2.125333994626999,2666.197750993888,74.0
1790261300,50,POST,POST /webhooks/im/messages,240.500000,0.000000,94,130,160,180,230,280,340,360,470,540,540,64092,0,82,105.88384484904854,2.125333994626999,2666.197750993888,74.0
1790261300,50,,Aggregated,240.500000,0.000000,94,130,160,180,230,280,340,360,470,540,540,64092,0,82,105.88384484904854,2.125333994626999,2666.197750993888,74.0
1790261301,50,POST,POST /webhooks/im/messages,235.600000,0.000000,89,130,160,180,230,280,340,360,470,540,540,64320,0,82,105.79664562921575,2.125333994626999,2666.197750993888,74.0
1790261301,50,,Aggregated,235.600000,0.000000,89,130,160,180,230,280,340,360,470,540,540,64320,0,82,105.79664562921575,2.125333994626999,2666.197750993888,74.0
1790261302,50,POST,POST /webhooks/im/messages,235.500000,0.000000,84,120,150,160,210,270,330,360,470,540,540,64610,0,82,105.61252550713365,2.125333994626999,2666.197750993888,74.0
1790261302,50,,Aggregated,235.500000,0.000000,84,120,150,160,210,270,330,360,470,540,540,64610,0,82,105.61252550713365,2.125333994626999,2666.197750993888,74.0
1790261303,50,POST,POST /webhooks/im/messages,238.900000,0.000000,87,120,150,160,220,270,330,360,470,540,540,64806,0,82,105.65320882299267,2.125333994626999,2666.197750993888,74.0
1790261303,50,,Aggregated,238.900000,0.000000,87,120,150,160,220,270,330,360,470,540,540,64806,0,82,105.65320882299267,2.125333994626999,2666.197750993888,74.0
1790261304,50,POST,POST /webhooks/im/messages,239.000000,0.000000,92,130,160,180,240,320,390,430,540,730,730,64972,0,82,106.0275085897757,2.125333994626999,2666.197750993888,74.0
1790261304,50,,Aggregated,239.000000,0.000000,92,130,160,180,240,320,390,430,540,730,730,64972,0,82,106.0275085897757,2.125333994626999,2666.197750993888,74.0
1790261305,50,POST,POST /webhooks/im/messages,241.600000,0.000000,100,150,180,200,260,330,410,440,650,730,730,65202,0,83,106.28584619385927,2.125333994626999,2666.197750993888,74.0
1790261305,50,,Aggregated,241.600000,0.000000,100,150,180,200,260,330,410,440,650,730,730,65202,0,83,106.28584619385927,2.125333994626999,2666.197750993888,74.0
1790261306,50,POST,POST /webhooks/im/messages,227.800000,0.000000,100,140,170,190,250,310,400,430,650,730,730,65461,0,83,106.31996678046555,2.125333994626999,2666.197750993888,74.0
1790261306,50,,Aggregated,227.800000,0.000000,100,140,170,190,250,310,400,430,650,730,730,65461,0,83,106.31996678046555,2.125333994626999,2666.197750993888,74.0
1790261307,50,POST,POST /webhooks/im/messages,227.000000,0.000000,110,160,180,200,260,320,410,450,650,730,730,65661,0,83,106.59058478981585,2.125333994626999,2666.197750993888,74.0
1790261307,50,,Aggregated,227.000000,0.000000,110,160,180,200,260,320,410,450,650,730,730,65661,0,83,106.59058478981585,2.125333994626999,2666.197750993888,74.0
1790261308,50,POST,POST /webhooks/im/messages,230.900000,0.000000,120,160,190,210,260,320,410,440,650,730,730,65935,0,83,106.71729840932919,2.125333994626999,2666.197750993888,74.0
1790261308,50,,Aggregated,230.900000,0.000000,120,160,190,210,260,320,410,440,650,730,730,65935,0,83,106.71729840932919,2.125333994626999,2666.197750993888,74.0
1790261309,50,POST,POST /webhooks/im/messages,228.800000,0.000000,110,150,180,200,260,320,410,440,650,730,730,66138,0,83,106.77016253821077,2.125333994626999,2666.197750993888,74.0
1790261309,50,,Aggregated,228.800000,0.000000,110,150,180,200,260,320,410,440,650,730,730,66138,0,83,106.77016253821077,2.125333994626999,2666.197750993888,74.0
1790261310,50,POST,POST /webhooks/im/messages,226.900000,0.000000,120,160,180,200,260,320,410,440,650,730,730,66407,0,83,106.87451379433291,2.125333994626999,2666.197750993888,74.0
1790261310,50,,Aggregated,226.900000,0.000000,120,160,180,200,260,320,410,440,650,730,730,66407,0,83,106.87451379433291,2.125333994626999,2666.197750993888,74.0
1790261311,50,POST,POST /webhooks/im/messages,230.900000,0.000000,130,170,190,210,260,320,410,450,650,730,730,66616,0,83,106.87967297341682,2.125333994626999,2666.197750993888,74.0
1790261311,50,,Aggregated,230.900000,0.000000,130,170,190,210,260,320,410,450,650,730,730,66616,0,83,106.87967297341682,2.125333994626999,2666.197750993888,74.0
1790261312,50,POST,POST /webhooks/im/messages,231.000000,0.000000,130,170,190,210,260,320,410,450,650,730,730,66899,0,83,106.7835728458146,2.125333994626999,2666.197750993888,74.0
1790261312,50,,Aggregated,231.000000,0.000000,130,170,190,210,260,320,410,450,650,730,730,66899,0,83,106.7835728458146,2.125333994626999,2666.197750993888,74.0
1790261313,50,POST,POST /webhooks/im/messages,229.200000,0.000000,130,170,190,210,260,310,400,430,600,720,720,67087,0,83,106.93528267882486,2.125333994626999,2666.197750993888,74.0
1790261313,50,,Aggregated,229.200000,0.000000,130,170,190,210,260,310,400,430,600,720,720,67087,0,83,106.93528267882486,2.125333994626999,2666.197750993888,74.0
1790261314,50,POST,POST /webhooks/im/messages,228.400000,0.000000,120,170,190,210,260,320,460,550,870,1000,1000,67210,0,84,107.42071560382936,2.125333994626999,2666.197750993888,74.0
1790261314,50,,Aggregated,228.400000,0.000000,120,170,190,210,260,320,460,550,870,1000,1000,67210,0,84,107.42071560382936,2.125333994626999,2666.197750993888,74.0
1790261315,50,POST,POST /webhooks/im/messages,227.800000,0.000000,130,170,200,220,290,370,520,580,870,1000,1000,67427,0,84,107.74725547889247,2.125333994626999,2666.197750993888,74.0
1790261315,50,,Aggregated,227.800000,0.000000,130,170,200,220,290,370,520,580,870,1000,1000,67427,0,84,107.74725547889247,2.125333994626999,2666.197750993888,74.0
1790261316,50,POST,POST /webhooks/im/messages,223.500000,0.000000,130,180,210,230,300,380,520,580,870,1000,1000,67642,0,84,108.06384179566417,2.125333994626999,2666.197750993888,74.0
1790261316,50,,Aggregated,223.500000,0.000000,130,180,210,230,300,380,520,580,870,1000,1000,67642,0,84,108.06384179566417,2.125333994626999,2666.197750993888,74.0
1790261317,50,POST,POST /webhooks/im/messages,221.800000,0.000000,130,170,200,220,300,380,520,580,870,1000,1000,67877,0,84,108.01682349974531,2.125333994626999,2666.197750993888,74.0
1790261317,50,,Aggregated,221.800000,0.000000,130,170,200,220,300,380,520,580,870,1000,1000,67877,0,84,108.01682349974531,2.125333994626999,2666.197750993888,74.0
1790261318,50,POST,POST /webhooks/im/messages,213.600000,0.000000,120,160,190,210,300,370,520,580,870,1000,1000,68128,0,84,107.92955274062308,2.125333994626999,2666.197750993888,74.0
1790261318,50,,Aggregated,213.600000,0.000000,120,160,190,210,300,370,520,580,870,1000,1000,68128,0,84,107.92955274062308,2.125333994626999,2666.197750993888,74.0
1790261319,50,POST,POST /webhooks/im/messages,219.400000,0.000000,120,170,190,210,300,380,520,580,870,1000,1000,68354,0,84,107.96621430281002,2.125333994626999,2666.197750993888,74.0
1790261319,50,,Aggregated,219.400000,0.000000,120,170,190,210,300,380,520,580,870,1000,1000,68354,0,84,107.96621430281002,2.125333994626999,2666.197750993888,74.0
1790261320,50,POST,POST /webhooks/im/messages,222.900000,0.000000,120,180,210,220,310,380,520,580,890,1000,1000,68572,0,84,108.23382604427995,2.125333994626999,2666.197750993888,74.0
1790261320,50,,Aggregated,222.900000,0.000000,120,180,210,220,310,380,520,580,890,1000,1000,68572,0,84,108.23382604427995,2.125333994626999,2666.197750993888,74.0
1790261321,50,POST,POST /webhooks/im/messages,219.700000,0.000000,130,180,210,220,310,380,520,580,870,1000,1000,68838,0,85,108.37843740314008,2.125333994626999,2666.197750993888,74.0
1790261321,50,,Aggregated,219.700000,0.000000,130,180,210,220,310,380,520,580,870,1000,1000,68838,0,85,108.37843740314008,2.125333994626999,2666.197750993888,74.0
1790261322,50,POST,POST /webhooks/im/messages,218.100000,0.000000,120,180,210,230,310,380,520,580,870,1000,1000,69083,0,84,108.33638186396537,2.125333994626999,2666.197750993888,74.0
1790261322,50,,Aggregated,218.100000,0.000000,120,180,210,230,310,380,520,580,870,1000,1000,69083,0,84,108.33638186396537,2.125333994626999,2666.197750993888,74.0
1790261323,50,POST,POST /webhooks/im/messages,214.300000,0.000000,110,160,190,210,290,360,510,580,870,1000,1000,69322,0,84,108.25644872841633,2.125333994626999,2666.197750993888,74.0
1790261323,50,,Aggregated,214.300000,0.000000,110,160,190,210,290,360,510,580,870,1000,1000,69322,0,84,108.25644872841633,2.125333994626999,2666.197750993888,74.0
1790261324,50,POST,POST /webhooks/im/messages,217.100000,0.000000,100,140,170,190,230,290,350,380,460,480,480,69533,0,84,108.1796962269746,2.125333994626999,2666.197750993888,74.0
1790261324,50,,Aggregated,217.100000,0.000000,100,140,170,190,230,290,350,380,460,480,480,69533,0,84,108.1796962269746,2.125333994626999,2666.197750993888,74.0
