Timestamp,User Count,Type,Name,Requests/s,Failures/s,50%,66%,75%,80%,90%,95%,98%,99%,99.9%,99.99%,100%,Total Request Count,Total Failure Count,Total Median Response Time,Total Average Response Time,Total Min Response Time,Total Max Response Time,Total Average Content Size
1790261463,0,,Aggregated,0.000000,0.000000,N/A,N/A,N/A,N/A,N/A,N/A,N/A,N/A,N/A,N/A,N/A,0,0,0,0.0,0,0,0
1790261464,50,POST,POST /webhooks/im/messages,0.000000,0.000000,0,0,0,0,0,0,0,0,0,0,0,111,0,290.0,275.2846427481288,62.10799999826122,544.1175000014482,74.0
1790261464,50,,Aggregated,0.000000,0.000000,0,0,0,0,0,0,0,0,0,0,0,111,0,290.0,275.2846427481288,62.10799999826122,544.1175000014482,74.0
1790261465,50,POST,POST /webhooks/im/messages,0.000000,0.000000,270,360,400,420,450,490,550,560,840,840,840,252,0,300.0,300.4331163486183,62.10799999826122,836.3566259940853,74.0
1790261465,50,,Aggregated,0.000000,0.000000,270,360,400,420,450,490,550,560,840,840,840,252,0,300.0,300.4331163486183,62.10799999826122,836.3566259940853,74.0
1790261466,50,POST,POST /webhooks/im/messages,34.000000,0.000000,270,370,410,420,460,540,600,730,840,840,840,429,0,290.0,301.1669039579449,45.454541002982296,836.3566259940853,74.0
1790261466,50,,Aggregated,34.000000,0.000000,270,370,410,420,460,540,600,730,840,840,840,429,0,290.0,301.1669039579449,45.454541002982296,836.3566259940853,74.0
1790261467,50,POST,POST /webhooks/im/messages,103.500000,0.000000,200,260,320,370,430,470,560,600,840,840,840,705,0,210.0,231.6807775232893,9.960249997675419,836.3566259940853,74.0
1790261467,50,,Aggregated,103.500000,0.000000,200,260,320,370,430,470,560,600,840,840,840,705,0,210.0,231.6807775232893,9.960249997675419,836.3566259940853,74.0
1790261468,50,POST,POST /webhooks/im/messages,111.666667,0.000000,170,240,270,310,410,450,540,600,840,840,840,936,0,170.0,202.66770988771304,3.6634999996749684,836.3566259940853,74.0
1790261468,50,,Aggregated,111.666667,0.000000,170,240,270,310,410,450,540,600,840,840,840,936,0,170.0,202.66770988771304,3.6634999996749684,836.3566259940853,74.0
1790261469,50,POST,POST /webhooks/im/messages,146.500000,0.000000,160,220,260,290,400,440,510,580,750,840,840,1165,0,160.0,191.2777638230213,3.6634999996749684,836.3566259940853,74.0
1790261469,50,,Aggregated,146.500000,0.000000,160,220,260,290,400,440,510,580,750,840,840,1165,0,160.0,191.2777638230213,3.6634999996749684,836.3566259940853,74.0
1790261470,50,POST,POST /webhooks/im/messages,162.400000,0.000000,150,210,250,270,380,430,500,560,750,840,840,1364,0,150.0,183.8934481517095,3.6634999996749684,836.3566259940853,74.0
1790261470,50,,Aggregated,162.400000,0.000000,150,210,250,270,380,430,500,560,750,840,840,1364,0,150.0,183.8934481517095,3.6634999996749684,836.3566259940853,74.0
1790261471,50,POST,POST /webhooks/im/messages,171.000000,0.000000,130,190,240,260,350,420,490,550,750,840,840,1620,0,130.0,168.41847378692128,3.5776250006165355,836.3566259940853,74.0
1790261471,50,,Aggregated,171.000000,0.000000,130,190,240,260,350,420,490,550,750,840,840,1620,0,130.0,168.41847378692128,3.5776250006165355,836.3566259940853,74.0
1790261472,50,POST,POST /webhooks/im/messages,183.285714,0.000000,120,180,230,250,330,420,470,550,750,840,840,1825,0,130.0,161.88315942734386,3.5776250006165355,836.3566259940853,74.0
1790261472,50,,Aggregated,183.285714,0.000000,120,180,230,250,330,420,470,550,750,840,840,1825,0,130.0,161.88315942734386,3.5776250006165355,836.3566259940853,74.0
1790261473,50,POST,POST /webhooks/im/messages,190.000000,0.000000,140,200,240,260,340,430,470,540,750,840,840,2025,0,140.0,171.56148293334417,3.5776250006165355,836.3566259940853,74.0
1790261473,50,,Aggregated,190.000000,0.000000,140,200,240,260,340,430,470,540,750,840,840,2025,0,140.0,171.56148293334417,3.5776250006165355,836.3566259940853,74.0
1790261474,50,POST,POST /webhooks/im/messages,198.444444,0.000000,130,190,230,260,330,420,490,550,740,840,840,2229,0,150.0,175.421933550496,3.5776250006165355,836.3566259940853,74.0
1790261474,50,,Aggregated,198.444444,0.000000,130,190,230,260,330,420,490,550,740,840,840,2229,0,150.0,175.421933550496,3.5776250006165355,836.3566259940853,74.0
1790261475,50,POST,POST /webhooks/im/messages,193.500000,0.000000,120,160,200,230,290,370,450,500,600,710,710,2459,0,130.0,168.1699996303353,3.5776250006165355,836.3566259940853,74.0
1790261475,50,,Aggregated,193.500000,0.000000,120,160,200,230,290,370,450,500,600,710,710,2459,0,130.0,168.1699996303353,3.5776250006165355,836.3566259940853,74.0
1790261476,50,POST,POST /webhooks/im/messages,211.800000,0.000000,110,160,200,230,300,390,520,560,720,750,750,2660,0,130.0,171.28341767893835,3.5776250006165355,836.3566259940853,74.0
1790261476,50,,Aggregated,211.800000,0.000000,110,160,200,230,300,390,520,560,720,750,750,2660,0,130.0,171.28341767893835,3.5776250006165355,836.3566259940853,74.0
1790261477,50,POST,POST /webhooks/im/messages,215.800000,0.000000,120,180,230,250,320,430,520,560,720,750,750,2851,0,130.0,173.3579189603099,3.5776250006165355,836.3566259940853,74.0
1790261477,50,,Aggregated,215.800000,0.000000,120,180,230,250,320,430,520,560,720,750,750,2851,0,130.0,173.3579189603099,3.5776250006165355,836.3566259940853,74.0
1790261478,50,POST,POST /webhooks/im/messages,218.000000,0.000000,120,180,230,250,330,440,530,570,750,750,750,2998,0,130.0,171.71898289423194,3.5776250006165355,836.3566259940853,74.0
1790261478,50,,Aggregated,218.000000,0.000000,120,180,230,250,330,440,530,570,750,750,750,2998,0,130.0,171.71898289423194,3.5776250006165355,836.3566259940853,74.0
1790261479,50,POST,POST /webhooks/im/messages,212.200000,0.000000,130,180,230,260,340,440,530,570,750,750,750,3277,0,130.0,170.92671099964366,3.5776250006165355,836.3566259940853,74.0
1790261479,50,,Aggregated,212.200000,0.000000,130,180,230,260,340,440,530,570,750,750,750,3277,0,130.0,170.92671099964366,3.5776250006165355,836.3566259940853,74.0
1790261480,50,POST,POST /webhooks/im/messages,213.900000,0.000000,130,170,220,250,340,440,530,570,750,750,750,3496,0,130.0,168.4568520228429,3.5776250006165355,836.3566259940853,74.0
1790261480,50,,Aggregated,213.900000,0.000000,130,170,220,250,340,440,530,570,750,750,750,3496,0,130.0,168.4568520228429,3.5776250006165355,836.3566259940853,74.0
1790261481,50,POST,POST /webhooks/im/messages,214.100000,0.000000,130,180,220,250,340,440,530,560,720,750,750,3787,0,130.0,163.49432311987098,2.6946669968310744,836.3566259940853,74.0
1790261481,50,,Aggregated,214.100000,0.000000,130,180,220,250,340,440,530,560,720,750,750,3787,0,130.0,163.49432311987098,2.6946669968310744,836.3566259940853,74.0
1790261482,50,POST,POST /webhooks/im/messages,212.200000,0.000000,130,180,210,250,340,430,530,570,720,750,750,3949,0,130.0,165.71898175793845,2.6946669968310744,836.3566259940853,74.0
1790261482,50,,Aggregated,212.200000,0.000000,130,180,210,250,340,430,530,570,720,750,750,3949,0,130.0,165.71898175793845,2.6946669968310744,836.3566259940853,74.0
1790261483,50,POST,POST /webhooks/im/messages,214.700000,0.000000,130,180,230,260,330,430,540,580,750,760,760,4164,0,140.0,169.03625718207647,2.6946669968310744,836.3566259940853,74.0
1790261483,50,,Aggregated,214.700000,0.000000,130,180,230,260,330,430,540,580,750,760,760,4164,0,140.0,169.03625718207647,2.6946669968310744,836.3566259940853,74.0
1790261484,50,POST,POST /webhooks/im/messages,208.400000,0.000000,140,190,220,250,310,420,530,570,750,760,760,4390,0,140.0,169.32100376543448,2.6946669968310744,836.3566259940853,74.0
1790261484,50,,Aggregated,208.400000,0.000000,140,190,220,250,310,420,530,570,750,760,760,4390,0,140.0,169.32100376543448,2.6946669968310744,836.3566259940853,74.0
1790261485,50,POST,POST /webhooks/im/messages,211.600000,0.000000,140,190,220,240,290,360,430,500,750,760,760,4613,0,140.0,168.43100349734866,2.6946669968310744,836.3566259940853,74.0
1790261485,50,,Aggregated,211.600000,0.000000,140,190,220,240,290,360,430,500,750,760,760,4613,0,140.0,168.43100349734866,2.6946669968310744,836.3566259940853,74.0
1790261486,50,POST,POST /webhooks/im/messages,211.700000,0.000000,150,190,220,240,290,360,430,500,700,760,760,4848,0,140.0,168.85767169025155,2.6946669968310744,836.3566259940853,74.0
1790261486,50,,Aggregated,211.700000,0.000000,150,190,220,240,290,360,430,500,700,760,760,4848,0,140.0,168.85767169025155,2.6946669968310744,836.3566259940853,74.0
1790261487,50,POST,POST /webhooks/im/messages,216.300000,0.000000,150,180,220,230,280,320,400,450,700,760,760,5104,0,140.0,166.2387034828293,2.6946669968310744,836.3566259940853,74.0
1790261487,50,,Aggregated,216.300000,0.000000,150,180,220,230,280,320,400,450,700,760,760,5104,0,140.0,166.2387034828293,2.6946669968310744,836.3566259940853,74.0
1790261488,50,POST,POST /webhooks/im/messages,225.500000,0.000000,140,180,200,220,260,290,350,410,700,760,760,5322,0,140.0,164.82628251451942,2.6946669968310744,836.3566259940853,74.0
1790261488,50,,Aggregated,225.500000,0.000000,140,180,200,220,260,290,350,410,700,760,760,5322,0,140.0,164.82628251451942,2.6946669968310744,836.3566259940853,74.0
1790261489,50,POST,POST /webhooks/im/messages,228.600000,0.000000,150,180,210,230,270,290,360,420,700,760,760,5559,0,140.0,163.3355754425774,2.6946669968310744,836.3566259940853,74.0
1790261489,50,,Aggregated,228.600000,0.000000,150,180,210,230,270,290,360,420,700,760,760,5559,0,140.0,163.3355754425774,2.6946669968310744,836.3566259940853,74.0
1790261490,50,POST,POST /webhooks/im/messages,227.800000,0.000000,150,190,220,240,290,370,540,570,760,990,990,5635,0,140.0,167.62543227441702,2.6946669968310744,990.272916998947,74.0
1790261490,50,,Aggregated,227.800000,0.000000,150,190,220,240,290,370,540,570,760,990,990,5635,0,140.0,167.62543227441702,2.6946669968310744,990.272916998947,74.0
1790261491,50,POST,POST /webhooks/im/messages,229.900000,0.000000,160,210,240,270,330,520,670,700,990,1100,1100,5806,0,140.0,173.61447421881374,2.6946669968310744,1114.3498750025174,74.0
1790261491,50,,Aggregated,229.900000,0.000000,160,210,240,270,330,520,670,700,990,1100,1100,5806,0,140.0,173.61447421881374,2.6946669968310744,1114.3498750025174,74.0
1790261492,50,POST,POST /webhooks/im/messages,219.400000,0.000000,160,200,230,260,340,510,660,690,990,1100,1100,6021,0,140.0,175.12374343470452,2.6946669968310744,1114.3498750025174,74.0
1790261492,50,,Aggregated,219.400000,0.000000,160,200,230,260,340,510,660,690,990,1100,1100,6021,0,140.0,175.12374343470452,2.6946669968310744,1114.3498750025174,74.0
1790261493,50,POST,POST /webhooks/im/messages,202.600000,0.000000,150,190,230,250,340,510,660,690,990,1100,1100,6232,0,140.0,172.90362197402328,2.6946669968310744,1114.3498750025174,74.0
1790261493,50,,Aggregated,202.600000,0.000000,150,190,230,250,340,510,660,690,990,1100,1100,6232,0,140.0,172.90362197402328,2.6946669968310744,1114.3498750025174,74.0
1790261494,50,POST,POST /webhooks/im/messages,200.500000,0.000000,140,190,230,250,340,510,660,690,990,1100,1100,6472,0,140.0,172.1200096553271,2.6946669968310744,1114.3498750025174,74.0
1790261494,50,,Aggregated,200.500000,0.000000,140,190,230,250,340,510,660,690,990,1100,1100,6472,0,140.0,172.1200096553271,2.6946669968310744,1114.3498750025174,74.0
1790261495,50,POST,POST /webhooks/im/messages,210.900000,0.000000,150,190,220,240,330,510,660,690,990,1100,1100,6709,0,140.0,171.57891998693046,2.6946669968310744,1114.3498750025174,74.0
1790261495,50,,Aggregated,210.900000,0.000000,150,190,220,240,330,510,660,690,990,1100,1100,6709,0,140.0,171.57891998693046,2.6946669968310744,1114.3498750025174,74.0
1790261496,50,POST,POST /webhooks/im/messages,209.400000,0.000000,150,200,230,260,350,510,660,690,990,1100,1100,6950,0,140.0,171.83995847602412,2.6946669968310744,1114.3498750025174,74.0
1790261496,50,,Aggregated,209.400000,0.000000,150,200,230,260,350,510,660,690,990,1100,1100,6950,0,140.0,171.83995847602412,2.6946669968310744,1114.3498750025174,74.0
1790261497,50,POST,POST /webhooks/im/messages,205.400000,0.000000,160,210,240,260,350,520,660,690,990,1100,1100,7169,0,140.0,171.84358369415546,2.6946669968310744,1114.3498750025174,74.0
1790261497,50,,Aggregated,205.400000,0.000000,160,210,240,260,350,520,660,690,990,1100,1100,7169,0,140.0,171.84358369415546,2.6946669968310744,1114.3498750025174,74.0
1790261498,50,POST,POST /webhooks/im/messages,200.300000,0.000000,170,210,250,270,350,520,660,690,990,1100,1100,7371,0,140.0,171.71092959590635,2.6946669968310744,1114.3498750025174,74.0
1790261498,50,,Aggregated,200.300000,0.000000,170,210,250,270,350,520,660,690,990,1100,1100,7371,0,140.0,171.71092959590635,2.6946669968310744,1114.3498750025174,74.0
1790261499,50,POST,POST /webhooks/im/messages,201.700000,0.000000,170,210,240,260,330,420,660,690,990,1100,1100,7570,0,150.0,171.95256557550326,2.6946669968310744,1114.3498750025174,74.0
1790261499,50,,Aggregated,201.700000,0.000000,170,210,240,260,330,420,660,690,990,1100,1100,7570,0,150.0,171.95256557550326,2.6946669968310744,1114.3498750025174,74.0
1790261500,50,POST,POST /webhooks/im/messages,203.500000,0.000000,160,210,240,260,310,350,410,460,650,940,940,7780,0,150.0,172.295460048665,2.6946669968310744,1114.3498750025174,74.0
1790261500,50,,Aggregated,203.500000,0.000000,160,210,240,260,310,350,410,460,650,940,940,7780,0,150.0,172.295460048665,2.6946669968310744,1114.3498750025174,74.0
1790261501,50,POST,POST /webhooks/im/messages,201.200000,0.000000,150,200,230,250,300,340,420,480,550,610,610,8020,0,150.0,173.0693205735181,2.6946669968310744,1114.3498750025174,74.0
1790261501,50,,Aggregated,201.200000,0.000000,150,200,230,250,300,340,420,480,550,610,610,8020,0,150.0,173.0693205735181,2.6946669968310744,1114.3498750025174,74.0
1790261502,50,POST,POST /webhooks/im/messages,208.700000,0.000000,160,200,230,250,300,340,410,480,550,610,610,8206,0,150.0,172.43049857613053,2.6946669968310744,1114.3498750025174,74.0
1790261502,50,,Aggregated,208.700000,0.000000,160,200,230,250,300,340,410,480,550,610,610,8206,0,150.0,172.43049857613053,2.6946669968310744,1114.3498750025174,74.0
1790261503,50,POST,POST /webhooks/im/messages,216.600000,0.000000,160,210,240,260,320,380,490,530,750,1100,1100,8345,0,150.0,175.09789741494657,2.6946669968310744,1133.239709000918,74.0
1790261503,50,,Aggregated,216.600000,0.000000,160,210,240,260,320,380,490,530,750,1100,1100,8345,0,150.0,175.09789741494657,2.6946669968310744,1133.239709000918,74.0
1790261504,50,POST,POST /webhooks/im/messages,223.100000,0.000000,160,210,250,270,340,410,500,550,780,1100,1100,8583,0,150.0,175.83390240275523,2.6946669968310744,1133.239709000918,74.0
1790261504,50,,Aggregated,223.100000,0.000000,160,210,250,270,340,410,500,550,780,1100,1100,8583,0,150.0,175.83390240275523,2.6946669968310744,1133.239709000918,74.0
1790261505,50,POST,POST /webhooks/im/messages,212.300000,0.000000,150,210,240,260,330,400,500,550,780,1100,1100,8819,0,150.0,174.51359490528588,2.6946669968310744,1133.239709000918,74.0
1790261505,50,,Aggregated,212.300000,0.000000,150,210,240,260,330,400,500,550,780,1100,1100,8819,0,150.0,174.51359490528588,2.6946669968310744,1133.239709000918,74.0
1790261506,50,POST,POST /webhooks/im/messages,207.000000,0.000000,160,220,250,280,340,420,490,550,780,1100,1100,9001,0,150.0,176.08172087230616,2.6946669968310744,1133.239709000918,74.0
1790261506,50,,Aggregated,207.000000,0.000000,160,220,250,280,340,420,490,550,780,1100,1100,9001,0,150.0,176.08172087230616,2.6946669968310744,1133.239709000918,74.0
1790261507,50,POST,POST /webhooks/im/messages,209.400000,0.000000,160,220,260,280,340,420,500,550,780,1100,1100,9236,0,150.0,175.14947829998496,2.6946669968310744,1133.239709000918,74.0
1790261507,50,,Aggregated,209.400000,0.000000,160,220,260,280,340,420,500,550,780,1100,1100,9236,0,150.0,175.14947829998496,2.6946669968310744,1133.239709000918,74.0
1790261508,50,POST,POST /webhooks/im/messages,210.600000,0.000000,170,220,240,270,330,420,500,550,780,1100,1100,9475,0,150.0,175.24342642688333,2.6946669968310744,1133.239709000918,74.0
1790261508,50,,Aggregated,210.600000,0.000000,170,220,240,270,330,420,500,550,780,1100,1100,9475,0,150.0,175.24342642688333,2.6946669968310744,1133.239709000918,74.0
1790261509,50,POST,POST /webhooks/im/messages,209.000000,0.000000,160,210,240,250,320,410,490,550,780,1100,1100,9720,0,150.0,175.24391160768863,2.6946669968310744,1133.239709000918,74.0
1790261509,50,,Aggregated,209.000000,0.000000,160,210,240,250,320,410,490,550,780,1100,1100,9720,0,150.0,175.24391160768863,2.6946669968310744,1133.239709000918,74.0
1790261510,50,POST,POST /webhooks/im/messages,205.400000,0.000000,160,210,230,240,310,380,480,550,780,1100,1100,9910,0,150.0,174.29805206940532,2.6946669968310744,1133.239709000918,74.0
1790261510,50,,Aggregated,205.400000,0.000000,160,210,230,240,310,380,480,550,780,1100,1100,9910,0,150.0,174.29805206940532,2.6946669968310744,1133.239709000918,74.0
1790261511,50,POST,POST /webhooks/im/messages,206.200000,0.000000,180,220,250,280,350,410,490,580,790,1100,1100,10068,0,150.0,176.45386268720318,2.6946669968310744,1133.239709000918,74.0
1790261511,50,,Aggregated,206.200000,0.000000,180,220,250,280,350,410,490,580,790,1100,1100,10068,0,150.0,176.45386268720318,2.6946669968310744,1133.239709000918,74.0
1790261512,50,POST,POST /webhooks/im/messages,208.900000,0.000000,180,220,250,270,340,390,480,550,780,1100,1100,10304,0,150.0,177.18514516769315,2.6946669968310744,1133.239709000918,74.0
1790261512,50,,Aggregated,208.900000,0.000000,180,220,250,270,340,390,480,550,780,1100,1100,10304,0,150.0,177.18514516769315,2.6946669968310744,1133.239709000918,74.0
1790261513,50,POST,POST /webhooks/im/messages,211.700000,0.000000,170,210,240,250,310,380,430,510,690,790,790,10549,0,150.0,176.881686109589,2.6946669968310744,1133.239709000918,74.0
1790261513,50,,Aggregated,211.700000,0.000000,170,210,240,250,310,380,430,510,690,790,790,10549,0,150.0,176.881686109589,2.6946669968310744,1133.239709000918,74.0
1790261514,50,POST,POST /webhooks/im/messages,202.600000,0.000000,160,210,240,250,310,380,420,500,680,790,790,10787,0,150.0,175.57025789089138,2.6946669968310744,1133.239709000918,74.0
1790261514,50,,Aggregated,202.600000,0.000000,160,210,240,250,310,380,420,500,680,790,790,10787,0,150.0,175.57025789089138,2.6946669968310744,1133.239709000918,74.0
1790261515,50,POST,POST /webhooks/im/messages,207.200000,0.000000,170,210,240,260,320,380,440,500,680,790,790,10984,0,150.0,175.54160923861275,2.6946669968310744,1133.239709000918,74.0
1790261515,50,,Aggregated,207.200000,0.000000,170,210,240,260,320,380,440,500,680,790,790,10984,0,150.0,175.54160923861275,2.6946669968310744,1133.239709000918,74.0
1790261516,50,POST,POST /webhooks/im/messages,213.900000,0.000000,160,210,230,250,340,400,470,520,680,790,790,11158,0,150.0,175.9500215958056,2.6946669968310744,1133.239709000918,74.0
1790261516,50,,Aggregated,213.900000,0.000000,160,210,230,250,340,400,470,520,680,790,790,11158,0,150.0,175.9500215958056,2.6946669968310744,1133.239709000918,74.0
1790261517,50,POST,POST /webhooks/im/messages,215.300000,0.000000,160,210,240,260,340,400,470,520,680,790,790,11387,0,150.0,175.64156622253245,2.6946669968310744,1133.239709000918,74.0
1790261517,50,,Aggregated,215.300000,0.000000,160,210,240,260,340,400,470,520,680,790,790,11387,0,150.0,175.64156622253245,2.6946669968310744,1133.239709000918,74.0
1790261518,50,POST,POST /webhooks/im/messages,218.000000,0.000000,150,200,230,250,330,400,470,520,680,790,790,11642,0,150.0,174.33296790998892,2.6946669968310744,1133.239709000918,74.0
1790261518,50,,Aggregated,218.000000,0.000000,150,200,230,250,330,400,470,520,680,790,790,11642,0,150.0,174.33296790998892,2.6946669968310744,1133.239709000918,74.0
1790261519,50,POST,POST /webhooks/im/messages,214.800000,0.000000,140,190,230,250,330,400,470,520,680,790,790,11870,0,150.0,173.24522492342936,2.6946669968310744,1133.239709000918,74.0
1790261519,50,,Aggregated,214.800000,0.000000,140,190,230,250,330,400,470,520,680,790,790,11870,0,150.0,173.24522492342936,2.6946669968310744,1133.239709000918,74.0
1790261520,50,POST,POST /webhooks/im/messages,214.700000,0.000000,150,200,240,260,310,390,460,520,680,790,790,12087,0,150.0,173.83789447489173,2.6946669968310744,1133.239709000918,74.0
1790261520,50,,Aggregated,214.700000,0.000000,150,200,240,260,310,390,460,520,680,790,790,12087,0,150.0,173.83789447489173,2.6946669968310744,1133.239709000918,74.0
1790261521,50,POST,POST /webhooks/im/messages,213.700000,0.000000,130,170,200,230,290,350,450,480,580,660,660,12330,0,150.0,171.94645212060786,2.6946669968310744,1133.239709000918,74.0
1790261521,50,,Aggregated,213.700000,0.000000,130,170,200,230,290,350,450,480,580,660,660,12330,0,150.0,171.94645212060786,2.6946669968310744,1133.239709000918,74.0
1790261522,50,POST,POST /webhooks/im/messages,212.900000,0.000000,120,160,190,210,280,340,450,470,580,660,660,12559,0,150.0,170.90241119189062,2.6946669968310744,1133.239709000918,74.0
1790261522,50,,Aggregated,212.900000,0.000000,120,160,190,210,280,340,450,470,580,660,660,12559,0,150.0,170.90241119189062,2.6946669968310744,1133.239709000918,74.0
1790261523,50,POST,POST /webhooks/im/messages,218.700000,0.000000,110,150,180,200,270,310,420,460,580,660,660,12838,0,150.0,169.3612248790322,2.6946669968310744,1133.239709000918,74.0
1790261523,50,,Aggregated,218.700000,0.000000,110,150,180,200,270,310,420,460,580,660,660,12838,0,150.0,169.3612248790322,2.6946669968310744,1133.239709000918,74.0
1790261524,50,POST,POST /webhooks/im/messages,225.800000,0.000000,110,150,180,200,270,310,430,460,580,660,660,13056,0,140.0,167.9181522872942,2.6946669968310744,1133.239709000918,74.0
1790261524,50,,Aggregated,225.800000,0.000000,110,150,180,200,270,310,430,460,580,660,660,13056,0,140.0,167.9181522872942,2.6946669968310744,1133.239709000918,74.0
1790261525,50,POST,POST /webhooks/im/messages,228.900000,0.000000,100,140,170,190,250,300,410,460,580,660,660,13312,0,140.0,166.581972127698,2.6946669968310744,1133.239709000918,74.0
1790261525,50,,Aggregated,228.900000,0.000000,100,140,170,190,250,300,410,460,580,660,660,13312,0,140.0,166.581972127698,2.6946669968310744,1133.239709000918,74.0
1790261526,50,POST,POST /webhooks/im/messages,233.400000,0.000000,100,140,160,180,250,290,340,370,460,580,580,13553,0,140.0,166.2055749973302,2.6946669968310744,1133.239709000918,74.0
1790261526,50,,Aggregated,233.400000,0.000000,100,140,160,180,250,290,340,370,460,580,580,13553,0,140.0,166.2055749973302,2.6946669968310744,1133.239709000918,74.0
1790261527,50,POST,POST /webhooks/im/messages,232.200000,0.000000,93,130,150,160,220,280,330,360,460,580,580,13785,0,140.0,164.80690177967378,2.6946669968310744,1133.239709000918,74.0
1790261527,50,,Aggregated,232.200000,0.000000,93,130,150,160,220,280,330,360,460,580,580,13785,0,140.0,164.80690177967378,2.6946669968310744,1133.239709000918,74.0
1790261528,50,POST,POST /webhooks/im/messages,227.000000,0.000000,93,130,150,170,220,290,340,370,460,580,580,14027,0,140.0,164.03624709557715,2.6946669968310744,1133.239709000918,74.0
1790261528,50,,Aggregated,227.000000,0.000000,93,130,150,170,220,290,340,370,460,580,580,14027,0,140.0,164.03624709557715,2.6946669968310744,1133.239709000918,74.0
1790261529,50,POST,POST /webhooks/im/messages,234.400000,0.000000,95,130,160,170,240,290,340,370,460,580,580,14235,0,140.0,163.76277705955366,2.6946669968310744,1133.239709000918,74.0
1790261529,50,,Aggregated,234.400000,0.000000,95,130,160,170,240,290,340,370,460,580,580,14235,0,140.0,163.76277705955366,2.6946669968310744,1133.239709000918,74.0
1790261530,50,POST,POST /webhooks/im/messages,240.800000,0.000000,94,130,150,170,220,280,330,360,460,480,480,14448,0,140.0,163.37335965986765,2.6946669968310744,1133.239709000918,74.0
1790261530,50,,Aggregated,240.800000,0.000000,94,130,150,170,220,280,330,360,460,480,480,14448,0,140.0,163.37335965986765,2.6946669968310744,1133.239709000918,74.0
1790261531,50,POST,POST /webhooks/im/messages,243.400000,0.000000,98,140,160,180,250,290,350,380,480,550,550,14663,0,140.0,163.29547718268856,2.6946669968310744,1133.239709000918,74.0
1790261531,50,,Aggregated,243.400000,0.000000,98,140,160,180,250,290,350,380,480,550,550,14663,0,140.0,163.29547718268856,2.6946669968310744,1133.239709000918,74.0
1790261532,50,POST,POST /webhooks/im/messages,242.900000,0.000000,94,130,150,180,260,300,360,390,490,550,550,14945,0,140.0,162.31708847030183,2.6946669968310744,1133.239709000918,74.0
1790261532,50,,Aggregated,242.900000,0.000000,94,130,150,180,260,300,360,390,490,550,550,14945,0,140.0,162.31708847030183,2.6946669968310744,1133.239709000918,74.0
1790261533,50,POST,POST /webhooks/im/messages,235.300000,0.000000,110,140,170,190,260,300,360,390,490,550,550,15181,0,140.0,161.99007070961594,2.6946669968310744,1133.239709000918,74.0
1790261533,50,,Aggregated,235.300000,0.000000,110,140,170,190,260,300,360,390,490,550,550,15181,0,140.0,161.99007070961594,2.6946669968310744,1133.239709000918,74.0
1790261534,50,POST,POST /webhooks/im/messages,235.100000,0.000000,110,150,180,200,260,300,360,400,490,550,550,15373,0,140.0,161.95967124143988,2.6946669968310744,1133.239709000918,74.0
1790261534,50,,Aggregated,235.100000,0.000000,110,150,180,200,260,300,360,400,490,550,550,15373,0,140.0,161.95967124143988,2.6946669968310744,1133.239709000918,74.0
1790261535,50,POST,POST /webhooks/im/messages,232.300000,0.000000,120,160,190,220,270,300,370,410,520,550,550,15621,0,140.0,162.28912228088228,2.6946669968310744,1133.239709000918,74.0
1790261535,50,,Aggregated,232.300000,0.000000,120,160,190,220,270,300,370,410,520,550,550,15621,0,140.0,162.28912228088228,2.6946669968310744,1133.239709000918,74.0
1790261536,50,POST,POST /webhooks/im/messages,234.300000,0.000000,130,180,210,230,270,300,370,420,520,550,550,15818,0,140.0,162.9230576582733,2.6946669968310744,1133.239709000918,74.0
1790261536,50,,Aggregated,234.300000,0.000000,130,180,210,230,270,300,370,420,520,550,550,15818,0,140.0,162.9230576582733,2.6946669968310744,1133.239709000918,74.0
1790261537,50,POST,POST /webhooks/im/messages,226.700000,0.000000,140,190,220,230,280,310,380,430,520,550,550,16055,0,140.0,163.01671980283598,2.6946669968310744,1133.239709000918,74.0
1790261537,50,,Aggregated,226.700000,0.000000,140,190,220,230,280,310,380,430,520,550,550,16055,0,140.0,163.01671980283598,2.6946669968310744,1133.239709000918,74.0
1790261538,50,POST,POST /webhooks/im/messages,232.100000,0.000000,140,190,220,240,290,330,400,440,520,550,550,16283,0,140.0,162.85801895790118,2.6946669968310744,1133.239709000918,74.0
1790261538,50,,Aggregated,232.100000,0.000000,140,190,220,240,290,330,400,440,520,550,550,16283,0,140.0,162.85801895790118,2.6946669968310744,1133.239709000918,74.0
1790261539,50,POST,POST /webhooks/im/messages,229.000000,0.000000,140,190,220,240,290,350,400,450,520,550,550,16492,0,140.0,162.78810875675424,2.6946669968310744,1133.239709000918,74.0
1790261539,50,,Aggregated,229.000000,0.000000,140,190,220,240,290,350,400,450,520,550,550,16492,0,140.0,162.78810875675424,2.6946669968310744,1133.239709000918,74.0
1790261540,50,POST,POST /webhooks/im/messages,219.600000,0.000000,140,190,210,230,290,340,390,440,490,520,520,16677,0,140.0,162.47910601465972,2.6946669968310744,1133.239709000918,74.0
1790261540,50,,Aggregated,219.600000,0.000000,140,190,210,230,290,340,390,440,490,520,520,16677,0,140.0,162.47910601465972,2.6946669968310744,1133.239709000918,74.0
1790261541,50,POST,POST /webhooks/im/messages,223.700000,0.000000,140,200,220,240,310,360,450,500,690,780,780,16883,0,140.0,163.63103111274333,2.6946669968310744,1133.239709000918,74.0
1790261541,50,,Aggregated,223.700000,0.000000,140,200,220,240,310,360,450,500,690,780,780,16883,0,140.0,163.63103111274333,2.6946669968310744,1133.239709000918,74.0
1790261542,50,POST,POST /webhooks/im/messages,223.200000,0.000000,150,200,230,250,310,360,450,500,690,780,780,17101,0,140.0,163.01991665268253,2.6946669968310744,1133.239709000918,74.0
1790261542,50,,Aggregated,223.200000,0.000000,150,200,230,250,310,360,450,500,690,780,780,17101,0,140.0,163.01991665268253,2.6946669968310744,1133.239709000918,74.0
1790261543,50,POST,POST /webhooks/im/messages,219.200000,0.000000,160,210,230,250,320,360,450,520,690,780,780,17332,0,140.0,163.33880852748848,2.6946669968310744,1133.239709000918,74.0
1790261543,50,,Aggregated,219.200000,0.000000,160,210,230,250,320,360,450,520,690,780,780,17332,0,140.0,163.33880852748848,2.6946669968310744,1133.239709000918,74.0
1790261544,50,POST,POST /webhooks/im/messages,220.200000,0.000000,160,210,230,250,330,360,460,520,690,780,780,17528,0,140.0,163.55902919371013,2.6946669968310744,1133.239709000918,74.0
1790261544,50,,Aggregated,220.200000,0.000000,160,210,230,250,330,360,460,520,690,780,780,17528,0,140.0,163.55902919371013,2.6946669968310744,1133.239709000918,74.0
1790261545,50,POST,POST /webhooks/im/messages,218.600000,0.000000,160,210,230,250,320,360,450,530,690,780,780,17753,0,140.0,163.6149262805886,2.6946669968310744,1133.239709000918,74.0
1790261545,50,,Aggregated,218.600000,0.000000,160,210,230,250,320,360,450,530,690,780,780,17753,0,140.0,163.6149262805886,2.6946669968310744,1133.239709000918,74.0
1790261546,50,POST,POST /webhooks/im/messages,211.100000,0.000000,160,210,240,260,330,360,450,530,690,780,780,17997,0,140.0,163.94349478552672,2.6946669968310744,1133.239709000918,74.0
1790261546,50,,Aggregated,211.100000,0.000000,160,210,240,260,330,360,450,530,690,780,780,17997,0,140.0,163.94349478552672,2.6946669968310744,1133.239709000918,74.0
1790261547,50,POST,POST /webhooks/im/messages,215.800000,0.000000,150,200,240,260,330,370,450,530,690,780,780,18218,0,140.0,164.00313982286974,2.6946669968310744,1133.239709000918,74.0
1790261547,50,,Aggregated,215.800000,0.000000,150,200,240,260,330,370,450,530,690,780,780,18218,0,140.0,164.00313982286974,2.6946669968310744,1133.239709000918,74.0
1790261548,50,POST,POST /webhooks/im/messages,213.800000,0.000000,160,200,240,260,330,360,450,530,690,780,780,18415,0,140.0,163.28210272653138,2.6946669968310744,1133.239709000918,74.0
1790261548,50,,Aggregated,213.800000,0.000000,160,200,240,260,330,360,450,530,690,780,780,18415,0,140.0,163.28210272653138,2.6946669968310744,1133.239709000918,74.0
1790261549,50,POST,POST /webhooks/im/messages,214.400000,0.000000,160,210,240,260,310,360,440,530,690,780,780,18617,0,140.0,163.32107447414376,2.6946669968310744,1133.239709000918,74.0
1790261549,50,,Aggregated,214.400000,0.000000,160,210,240,260,310,360,440,530,690,780,780,18617,0,140.0,163.32107447414376,2.6946669968310744,1133.239709000918,74.0
1790261550,50,POST,POST /webhooks/im/messages,220.300000,0.000000,160,210,240,260,320,360,450,530,690,780,780,18876,0,140.0,163.8578368789559,2.6946669968310744,1133.239709000918,74.0
1790261550,50,,Aggregated,220.300000,0.000000,160,210,240,260,320,360,450,530,690,780,780,18876,0,140.0,163.8578368789559,2.6946669968310744,1133.239709000918,74.0
1790261551,50,POST,POST /webhooks/im/messages,210.800000,0.000000,170,210,240,260,310,350,440,460,570,670,670,19028,0,140.0,164.32818515404045,2.6946669968310744,1133.239709000918,74.0
1790261551,50,,Aggregated,210.800000,0.000000,170,210,240,260,310,350,440,460,570,670,670,19028,0,140.0,164.32818515404045,2.6946669968310744,1133.239709000918,74.0
1790261552,50,POST,POST /webhooks/im/messages,210.000000,0.000000,170,220,240,260,320,360,440,460,570,670,670,19260,0,140.0,164.39026065882348,2.6946669968310744,1133.239709000918,74.0
1790261552,50,,Aggregated,210.000000,0.000000,170,220,240,260,320,360,440,460,570,670,670,19260,0,140.0,164.39026065882348,2.6946669968310744,1133.239709000918,74.0
1790261553,50,POST,POST /webhooks/im/messages,218.700000,0.000000,160,220,240,260,320,360,440,460,560,670,670,19450,0,140.0,164.29905477788893,2.6946669968310744,1133.239709000918,74.0
1790261553,50,,Aggregated,218.700000,0.000000,160,220,240,260,320,360,440,460,560,670,670,19450,0,140.0,164.29905477788893,2.6946669968310744,1133.239709000918,74.0
1790261554,50,POST,POST /webhooks/im/messages,214.300000,0.000000,170,220,250,280,340,410,530,590,970,1100,1100,19568,0,140.0,165.86757384479506,2.6946669968310744,1133.239709000918,74.0
1790261554,50,,Aggregated,214.300000,0.000000,170,220,250,280,340,410,530,590,970,1100,1100,19568,0,140.0,165.86757384479506,2.6946669968310744,1133.239709000918,74.0
1790261555,50,POST,POST /webhooks/im/messages,213.000000,0.000000,170,230,260,290,350,420,550,610,910,1100,1100,19833,0,140.0,166.3010638337577,2.6946669968310744,1133.239709000918,74.0
1790261555,50,,Aggregated,213.000000,0.000000,170,230,260,290,350,420,550,610,910,1100,1100,19833,0,140.0,166.3010638337577,2.6946669968310744,1133.239709000918,74.0
1790261556,50,POST,POST /webhooks/im/messages,209.900000,0.000000,170,230,260,290,340,420,550,610,970,1100,1100,20022,0,140.0,166.3044869679278,2.6946669968310744,1133.239709000918,74.0
1790261556,50,,Aggregated,209.900000,0.000000,170,230,260,290,340,420,550,610,970,1100,1100,20022,0,140.0,166.3044869679278,2.6946669968310744,1133.239709000918,74.0
1790261557,50,POST,POST /webhooks/im/messages,202.100000,0.000000,170,230,260,280,340,420,550,610,970,1100,1100,20224,0,140.0,165.87913559359626,2.6946669968310744,1133.239709000918,74.0
1790261557,50,,Aggregated,202.100000,0.000000,170,230,260,280,340,420,550,610,970,1100,1100,20224,0,140.0,165.87913559359626,2.6946669968310744,1133.239709000918,74.0
1790261558,50,POST,POST /webhooks/im/messages,208.200000,0.000000,170,230,260,280,340,420,550,610,910,1100,1100,20493,0,140.0,165.8754932226594,2.6946669968310744,1133.239709000918,74.0
1790261558,50,,Aggregated,208.200000,0.000000,170,230,260,280,340,420,550,610,910,1100,1100,20493,0,140.0,165.8754932226594,2.6946669968310744,1133.239709000918,74.0
1790261559,50,POST,POST /webhooks/im/messages,203.600000,0.000000,170,220,250,270,330,410,540,610,910,1100,1100,20668,0,140.0,165.32501796816362,2.6946669968310744,1133.239709000918,74.0
1790261559,50,,Aggregated,203.600000,0.000000,170,220,250,270,330,410,540,610,910,1100,1100,20668,0,140.0,165.32501796816362,2.6946669968310744,1133.239709000918,74.0
1790261560,50,POST,POST /webhooks/im/messages,198.300000,0.000000,160,220,250,270,340,410,540,610,910,1100,1100,20918,0,140.0,165.2106487262068,2.6946669968310744,1133.239709000918,74.0
1790261560,50,,Aggregated,198.300000,0.000000,160,220,250,270,340,410,540,610,910,1100,1100,20918,0,140.0,165.2106487262068,2.6946669968310744,1133.239709000918,74.0
1790261561,50,POST,POST /webhooks/im/messages,206.700000,0.000000,150,210,240,260,320,390,520,590,910,1100,1100,21191,0,140.0,164.9892233271618,2.6946669968310744,1133.239709000918,74.0
1790261561,50,,Aggregated,206.700000,0.000000,150,210,240,260,320,390,520,590,910,1100,1100,21191,0,140.0,164.9892233271618,2.6946669968310744,1133.239709000918,74.0
1790261562,50,POST,POST /webhooks/im/messages,202.400000,0.000000,140,210,250,270,340,410,530,610,910,1100,1100,21320,0,140.0,165.24024601115636,2.6946669968310744,1133.239709000918,74.0
1790261562,50,,Aggregated,202.400000,0.000000,140,210,250,270,340,410,530,610,910,1100,1100,21320,0,140.0,165.24024601115636,2.6946669968310744,1133.239709000918,74.0
1790261563,50,POST,POST /webhooks/im/messages,205.400000,0.000000,140,190,240,270,340,400,540,610,910,1100,1100,21601,0,140.0,164.52450877838112,2.6946669968310744,1133.239709000918,74.0
1790261563,50,,Aggregated,205.400000,0.000000,140,190,240,270,340,400,540,610,910,1100,1100,21601,0,140.0,164.52450877838112,2.6946669968310744,1133.239709000918,74.0
1790261564,50,POST,POST /webhooks/im/messages,213.200000,0.000000,140,180,220,250,310,360,430,480,630,760,760,21785,0,140.0,165.05660543827742,2.6946669968310744,1133.239709000918,74.0
1790261564,50,,Aggregated,213.200000,0.000000,140,180,220,250,310,360,430,480,630,760,760,21785,0,140.0,165.05660543827742,2.6946669968310744,1133.239709000918,74.0
1790261565,50,POST,POST /webhooks/im/messages,206.300000,0.000000,130,170,210,240,310,360,410,470,600,680,680,22030,0,140.0,164.30947005773183,2.6946669968310744,1133.239709000918,74.0
1790261565,50,,Aggregated,206.300000,0.000000,130,170,210,240,310,360,410,470,600,680,680,22030,0,140.0,164.30947005773183,2.6946669968310744,1133.239709000918,74.0
1790261566,50,POST,POST /webhooks/im/messages,214.200000,0.000000,130,180,210,240,320,370,440,480,610,680,680,22245,0,140.0,164.8045099015491,2.6946669968310744,1133.239709000918,74.0
1790261566,50,,Aggregated,214.200000,0.000000,130,180,210,240,320,370,440,480,610,680,680,22245,0,140.0,164.8045099015491,2.6946669968310744,1133.239709000918,74.0
1790261567,50,POST,POST /webhooks/im/messages,219.600000,0.000000,130,170,200,230,310,370,430,480,610,680,680,22441,0,140.0,164.3256752887607,2.6946669968310744,1133.239709000918,74.0
1790261567,50,,Aggregated,219.600000,0.000000,130,170,200,230,310,370,430,480,610,680,680,22441,0,140.0,164.3256752887607,2.6946669968310744,1133.239709000918,74.0
1790261568,50,POST,POST /webhooks/im/messages,217.100000,0.000000,130,180,200,220,310,370,440,480,610,680,680,22688,0,140.0,164.10709359706397,2.6946669968310744,1133.239709000918,74.0
1790261568,50,,Aggregated,217.100000,0.000000,130,180,200,220,310,370,440,480,610,680,680,22688,0,140.0,164.10709359706397,2.6946669968310744,1133.239709000918,74.0
1790261570,50,POST,POST /webhooks/im/messages,219.400000,0.000000,150,190,220,240,330,390,460,500,620,680,680,22891,0,140.0,164.72694071841315,2.6946669968310744,1133.239709000918,74.0
1790261570,50,,Aggregated,219.400000,0.000000,150,190,220,240,330,390,460,500,620,680,680,22891,0,140.0,164.72694071841315,2.6946669968310744,1133.239709000918,74.0
1790261571,50,POST,POST /webhooks/im/messages,217.100000,0.000000,160,200,220,250,340,390,470,500,620,680,680,23057,0,140.0,164.929082339382,2.6946669968310744,1133.239709000918,74.0
1790261571,50,,Aggregated,217.100000,0.000000,160,200,220,250,340,390,470,500,620,680,680,23057,0,140.0,164.929082339382,2.6946669968310744,1133.239709000918,74.0
1790261572,50,POST,POST /webhooks/im/messages,217.900000,0.000000,150,190,210,230,320,390,440,500,680,710,710,23328,0,140.0,164.8903843673244,2.6946669968310744,1133.239709000918,74.0
1790261572,50,,Aggregated,217.900000,0.000000,150,190,210,230,320,390,440,500,680,710,710,23328,0,140.0,164.8903843673244,2.6946669968310744,1133.239709000918,74.0
1790261573,50,POST,POST /webhooks/im/messages,210.400000,0.000000,150,190,210,230,320,390,440,500,620,710,710,23598,0,140.0,164.2079261353451,2.6946669968310744,1133.239709000918,74.0
1790261573,50,,Aggregated,210.400000,0.000000,150,190,210,230,320,390,440,500,620,710,710,23598,0,140.0,164.2079261353451,2.6946669968310744,1133.239709000918,74.0
1790261574,50,POST,POST /webhooks/im/messages,209.200000,0.000000,130,180,200,220,300,380,440,490,600,710,710,23823,0,140.0,163.82863130381193,2.6946669968310744,1133.239709000918,74.0
1790261574,50,,Aggregated,209.200000,0.000000,130,180,200,220,300,380,440,490,600,710,710,23823,0,140.0,163.82863130381193,2.6946669968310744,1133.239709000918,74.0
1790261575,50,POST,POST /webhooks/im/messages,221.500000,0.000000,130,180,210,220,300,380,440,490,600,710,710,24077,0,140.0,163.43366847741072,2.6946669968310744,1133.239709000918,74.0
1790261575,50,,Aggregated,221.500000,0.000000,130,180,210,220,300,380,440,490,600,710,710,24077,0,140.0,163.43366847741072,2.6946669968310744,1133.239709000918,74.0
1790261576,50,POST,POST /webhooks/im/messages,218.600000,0.000000,130,170,210,230,310,370,420,460,590,710,710,24259,0,140.0,163.7233508589624,2.6946669968310744,1133.239709000918,74.0
1790261576,50,,Aggregated,218.600000,0.000000,130,170,210,230,310,370,420,460,590,710,710,24259,0,140.0,163.7233508589624,2.6946669968310744,1133.239709000918,74.0
1790261577,50,POST,POST /webhooks/im/messages,225.300000,0.000000,140,180,220,240,330,380,430,480,600,710,710,24438,0,140.0,163.91334936916525,2.6946669968310744,1133.239709000918,74.0
1790261577,50,,Aggregated,225.300000,0.000000,140,180,220,240,330,380,430,480,600,710,710,24438,0,140.0,163.91334936916525,2.6946669968310744,1133.239709000918,74.0
1790261578,50,POST,POST /webhooks/im/messages,219.000000,0.000000,130,180,210,230,320,380,430,470,590,710,710,24695,0,140.0,163.46290151433942,2.6946669968310744,1133.239709000918,74.0
1790261578,50,,Aggregated,219.000000,0.000000,130,180,210,230,320,380,430,470,590,710,710,24695,0,140.0,163.46290151433942,2.6946669968310744,1133.239709000918,74.0
1790261579,50,POST,POST /webhooks/im/messages,214.700000,0.000000,140,180,210,240,310,360,420,460,600,760,760,24891,0,140.0,164.02970321624306,2.6946669968310744,1133.239709000918,74.0
1790261579,50,,Aggregated,214.700000,0.000000,140,180,210,240,310,360,420,460,600,760,760,24891,0,140.0,164.02970321624306,2.6946669968310744,1133.239709000918,74.0
1790261580,50,POST,POST /webhooks/im/messages,220.800000,0.000000,130,180,220,240,310,370,420,460,600,760,760,25084,0,140.0,164.1511988626051,2.6946669968310744,1133.239709000918,74.0
1790261580,50,,Aggregated,220.800000,0.000000,130,180,220,240,310,370,420,460,600,760,760,25084,0,140.0,164.1511988626051,2.6946669968310744,1133.239709000918,74.0
1790261581,50,POST,POST /webhooks/im/messages,215.200000,0.000000,140,200,240,250,300,350,410,450,600,760,760,25275,0,140.0,164.7607638154097,2.6946669968310744,1133.239709000918,74.0
1790261581,50,,Aggregated,215.200000,0.000000,140,200,240,250,300,350,410,450,600,760,760,25275,0,140.0,164.7607638154097,2.6946669968310744,1133.239709000918,74.0
1790261582,50,POST,POST /webhooks/im/messages,218.800000,0.000000,150,220,250,260,320,370,420,450,600,760,760,25480,0,140.0,164.77179496830334,2.6946669968310744,1133.239709000918,74.0
1790261582,50,,Aggregated,218.800000,0.000000,150,220,250,260,320,370,420,450,600,760,760,25480,0,140.0,164.77179496830334,2.6946669968310744,1133.239709000918,74.0
1790261583,50,POST,POST /webhooks/im/messages,219.700000,0.000000,170,240,270,280,340,390,440,470,660,760,760,25667,0,140.0,165.46626690331274,2.6946669968310744,1133.239709000918,74.0
1790261583,50,,Aggregated,219.700000,0.000000,170,240,270,280,340,390,440,470,660,760,760,25667,0,140.0,165.46626690331274,2.6946669968310744,1133.239709000918,74.0
1790261584,50,POST,POST /webhooks/im/messages,214.100000,0.000000,200,250,280,300,360,410,470,510,760,830,830,25797,0,140.0,166.11768909506227,2.6946669968310744,1133.239709000918,74.0
1790261584,50,,Aggregated,214.100000,0.000000,200,250,280,300,360,410,470,510,760,830,830,25797,0,140.0,166.11768909506227,2.6946669968310744,1133.239709000918,74.0
1790261585,50,POST,POST /webhooks/im/messages,208.000000,0.000000,200,260,290,310,370,430,500,570,790,830,830,25974,0,140.0,167.03843439043672,2.6946669968310744,1133.239709000918,74.0
1790261585,50,,Aggregated,208.000000,0.000000,200,260,290,310,370,430,500,570,790,830,830,25974,0,140.0,167.03843439043672,2.6946669968310744,1133.239709000918,74.0
1790261586,50,POST,POST /webhooks/im/messages,200.200000,0.000000,220,270,300,320,390,440,510,600,800,830,830,26186,0,150.0,167.65432997010828,2.6946669968310744,1133.239709000918,74.0
1790261586,50,,Aggregated,200.200000,0.000000,220,270,300,320,390,440,510,600,800,830,830,26186,0,150.0,167.65432997010828,2.6946669968310744,1133.239709000918,74.0
1790261587,50,POST,POST /webhooks/im/messages,189.600000,0.000000,240,280,310,350,400,470,550,630,800,830,830,26318,0,150.0,168.39911376978625,2.6946669968310744,1133.239709000918,74.0
1790261587,50,,Aggregated,189.600000,0.000000,240,280,310,350,400,470,550,630,800,830,830,26318,0,150.0,168.39911376978625,2.6946669968310744,1133.239709000918,74.0
1790261588,50,POST,POST /webhooks/im/messages,188.300000,0.000000,220,280,310,350,400,470,560,630,830,830,830,26492,0,150.0,168.297674452221,2.6946669968310744,1133.239709000918,74.0
1790261588,50,,Aggregated,188.300000,0.000000,220,280,310,350,400,470,560,630,830,830,830,26492,0,150.0,168.297674452221,2.6946669968310744,1133.239709000918,74.0
1790261589,50,POST,POST /webhooks/im/messages,186.200000,0.000000,230,290,340,370,430,500,600,660,830,830,830,26680,0,150.0,169.11166068501555,2.6946669968310744,1133.239709000918,74.0
1790261589,50,,Aggregated,186.200000,0.000000,230,290,340,370,430,500,600,660,830,830,830,26680,0,150.0,169.11166068501555,2.6946669968310744,1133.239709000918,74.0
1790261590,50,POST,POST /webhooks/im/messages,182.900000,0.000000,220,300,350,370,440,510,610,660,830,830,830,26861,0,150.0,169.70473818875848,2.6946669968310744,1133.239709000918,74.0
1790261590,50,,Aggregated,182.900000,0.000000,220,300,350,370,440,510,610,660,830,830,830,26861,0,150.0,169.70473818875848,2.6946669968310744,1133.239709000918,74.0
1790261591,50,POST,POST /webhooks/im/messages,180.600000,0.000000,250,320,370,390,470,550,650,700,840,1000,1000,26984,0,150.0,170.61834868056474,2.6946669968310744,1133.239709000918,74.0
1790261591,50,,Aggregated,180.600000,0.000000,250,320,370,390,470,550,650,700,840,1000,1000,26984,0,150.0,170.61834868056474,2.6946669968310744,1133.239709000918,74.0
1790261592,50,POST,POST /webhooks/im/messages,176.800000,0.000000,250,330,380,410,490,580,690,760,1200,1700,1700,27136,0,150.0,171.74529403885384,2.6946669968310744,1712.679043004755,74.0
1790261592,50,,Aggregated,176.800000,0.000000,250,330,380,410,490,580,690,760,1200,1700,1700,27136,0,150.0,171.74529403885384,2.6946669968310744,1712.679043004755,74.0
1790261593,50,POST,POST /webhooks/im/messages,170.900000,0.000000,240,310,380,400,480,560,680,730,1200,1700,1700,27341,0,150.0,172.0882486667421,2.6946669968310744,1712.679043004755,74.0
1790261593,50,,Aggregated,170.900000,0.000000,240,310,380,400,480,560,680,730,1200,1700,1700,27341,0,150.0,172.0882486667421,2.6946669968310744,1712.679043004755,74.0
1790261594,50,POST,POST /webhooks/im/messages,163.700000,0.000000,220,290,350,380,470,550,670,730,1200,1700,1700,27553,0,150.0,172.3703019792898,2.6946669968310744,1712.679043004755,74.0
1790261594,50,,Aggregated,163.700000,0.000000,220,290,350,380,470,550,670,730,1200,1700,1700,27553,0,150.0,172.3703019792898,2.6946669968310744,1712.679043004755,74.0
1790261595,50,POST,POST /webhooks/im/messages,165.500000,0.000000,210,260,310,360,460,530,670,730,1200,1700,1700,27769,0,150.0,172.68842830258552,2.6946669968310744,1712.679043004755,74.0
1790261595,50,,Aggregated,165.500000,0.000000,210,260,310,360,460,530,670,730,1200,1700,1700,27769,0,150.0,172.68842830258552,2.6946669968310744,1712.679043004755,74.0
1790261596,50,POST,POST /webhooks/im/messages,172.000000,0.000000,200,250,290,320,440,500,670,720,1200,1700,1700,28035,0,150.0,172.00050658713698,2.6946669968310744,1712.679043004755,74.0
1790261596,50,,Aggregated,172.000000,0.000000,200,250,290,320,440,500,670,720,1200,1700,1700,28035,0,150.0,172.00050658713698,2.6946669968310744,1712.679043004755,74.0
1790261597,50,POST,POST /webhooks/im/messages,177.000000,0.000000,210,260,300,340,430,500,660,720,1200,1700,1700,28203,0,150.0,172.44964556888837,2.6946669968310744,1712.679043004755,74.0
1790261597,50,,Aggregated,177.000000,0.000000,210,260,300,340,430,500,660,720,1200,1700,1700,28203,0,150.0,172.44964556888837,2.6946669968310744,1712.679043004755,74.0
1790261598,50,POST,POST /webhooks/im/messages,186.700000,0.000000,200,250,280,310,400,470,600,720,1200,1700,1700,28414,0,150.0,172.07711896510236,2.6946669968310744,1712.679043004755,74.0
1790261598,50,,Aggregated,186.700000,0.000000,200,250,280,310,400,470,600,720,1200,1700,1700,28414,0,150.0,172.07711896510236,2.6946669968310744,1712.679043004755,74.0
1790261599,50,POST,POST /webhooks/im/messages,186.900000,0.000000,190,240,260,290,380,450,560,710,1200,1700,1700,28669,0,150.0,171.82469728369887,2.6946669968310744,1712.679043004755,74.0
1790261599,50,,Aggregated,186.900000,0.000000,190,240,260,290,380,450,560,710,1200,1700,1700,28669,0,150.0,171.82469728369887,2.6946669968310744,1712.679043004755,74.0
1790261600,50,POST,POST /webhooks/im/messages,188.800000,0.000000,170,220,240,260,340,410,490,660,1200,1700,1700,28907,0,150.0,171.52446471247097,2.6946669968310744,1712.679043004755,74.0
1790261600,50,,Aggregated,188.800000,0.000000,170,220,240,260,340,410,490,660,1200,1700,1700,28907,0,150.0,171.52446471247097,2.6946669968310744,1712.679043004755,74.0
1790261601,50,POST,POST /webhooks/im/messages,196.600000,0.000000,170,210,230,250,290,360,400,440,800,1200,1200,29136,0,150.0,171.42799496510509,2.6946669968310744,1712.679043004755,74.0
1790261601,50,,Aggregated,196.600000,0.000000,170,210,230,250,290,360,400,440,800,1200,1200,29136,0,150.0,171.42799496510509,2.6946669968310744,1712.679043004755,74.0
1790261602,50,POST,POST /webhooks/im/messages,206.000000,0.000000,150,200,220,240,290,350,390,420,540,800,800,29378,0,150.0,171.17496681432874,2.6946669968310744,1712.679043004755,74.0
1790261602,50,,Aggregated,206.000000,0.000000,150,200,220,240,290,350,390,420,540,800,800,29378,0,150.0,171.17496681432874,2.6946669968310744,1712.679043004755,74.0
1790261603,50,POST,POST /webhooks/im/messages,212.900000,0.000000,150,190,210,230,270,320,390,410,540,800,800,29619,0,150.0,171.13086759479867,2.6946669968310744,1712.679043004755,74.0
1790261603,50,,Aggregated,212.900000,0.000000,150,190,210,230,270,320,390,410,540,800,800,29619,0,150.0,171.13086759479867,2.6946669968310744,1712.679043004755,74.0
1790261604,50,POST,POST /webhooks/im/messages,223.500000,0.000000,140,180,200,220,260,310,380,410,540,800,800,29857,0,150.0,170.76393029652792,2.6946669968310744,1712.679043004755,74.0
1790261604,50,,Aggregated,223.500000,0.000000,140,180,200,220,260,310,380,410,540,800,800,29857,0,150.0,170.76393029652792,2.6946669968310744,1712.679043004755,74.0
1790261605,50,POST,POST /webhooks/im/messages,226.000000,0.000000,140,180,200,210,260,310,380,410,540,800,800,30094,0,150.0,170.45702319254326,2.6946669968310744,1712.679043004755,74.0
1790261605,50,,Aggregated,226.000000,0.000000,140,180,200,210,260,310,380,410,540,800,800,30094,0,150.0,170.45702319254326,2.6946669968310744,1712.679043004755,74.0
1790261606,50,POST,POST /webhooks/im/messages,227.200000,0.000000,150,180,200,210,260,320,380,410,540,800,800,30269,0,150.0,170.70338294064442,2.6946669968310744,1712.679043004755,74.0
1790261606,50,,Aggregated,227.200000,0.000000,150,180,200,210,260,320,380,410,540,800,800,30269,0,150.0,170.70338294064442,2.6946669968310744,1712.679043004755,74.0
1790261607,50,POST,POST /webhooks/im/messages,234.700000,0.000000,150,190,210,220,280,330,410,470,720,1000,1000,30435,0,150.0,171.34030230692957,2.6946669968310744,1712.679043004755,74.0
1790261607,50,,Aggregated,234.700000,0.000000,150,190,210,220,280,330,410,470,720,1000,1000,30435,0,150.0,171.34030230692957,2.6946669968310744,1712.679043004755,74.0
1790261608,50,POST,POST /webhooks/im/messages,225.000000,0.000000,160,200,210,230,310,370,450,520,860,1000,1000,30608,0,150.0,171.9006268753421,2.6946669968310744,1712.679043004755,74.0
1790261608,50,,Aggregated,225.000000,0.000000,160,200,210,230,310,370,450,520,860,1000,1000,30608,0,150.0,171.9006268753421,2.6946669968310744,1712.679043004755,74.0
1790261609,50,POST,POST /webhooks/im/messages,227.200000,0.000000,170,200,240,260,330,400,470,530,860,1000,1000,30831,0,150.0,172.3235436629481,2.6946669968310744,1712.679043004755,74.0
1790261609,50,,Aggregated,227.200000,0.000000,170,200,240,260,330,400,470,530,860,1000,1000,30831,0,150.0,172.3235436629481,2.6946669968310744,1712.679043004755,74.0
1790261610,50,POST,POST /webhooks/im/messages,220.300000,0.000000,180,210,250,270,330,400,470,530,860,1000,1000,31056,0,150.0,172.4902515893997,2.6946669968310744,1712.679043004755,74.0
1790261610,50,,Aggregated,220.300000,0.000000,180,210,250,270,330,400,470,530,860,1000,1000,31056,0,150.0,172.4902515893997,2.6946669968310744,1712.679043004755,74.0
1790261611,50,POST,POST /webhooks/im/messages,214.300000,0.000000,180,220,250,270,330,400,470,530,860,1000,1000,31258,0,150.0,172.63529925412183,2.6946669968310744,1712.679043004755,74.0
1790261611,50,,Aggregated,214.300000,0.000000,180,220,250,270,330,400,470,530,860,1000,1000,31258,0,150.0,172.63529925412183,2.6946669968310744,1712.679043004755,74.0
1790261612,50,POST,POST /webhooks/im/messages,207.900000,0.000000,180,210,250,270,330,400,470,530,860,1000,1000,31503,0,150.0,172.10850889249994,2.6946669968310744,1712.679043004755,74.0
1790261612,50,,Aggregated,207.900000,0.000000,180,210,250,270,330,400,470,530,860,1000,1000,31503,0,150.0,172.10850889249994,2.6946669968310744,1712.679043004755,74.0
1790261613,50,POST,POST /webhooks/im/messages,209.300000,0.000000,170,210,240,260,330,400,470,530,860,1000,1000,31764,0,150.0,171.68079009638043,2.6946669968310744,1712.679043004755,74.0
1790261613,50,,Aggregated,209.300000,0.000000,170,210,240,260,330,400,470,530,860,1000,1000,31764,0,150.0,171.68079009638043,2.6946669968310744,1712.679043004755,74.0
1790261614,50,POST,POST /webhooks/im/messages,212.700000,0.000000,180,210,250,270,330,400,470,530,860,1000,1000,31973,0,150.0,171.6403100290383,2.6946669968310744,1712.679043004755,74.0
1790261614,50,,Aggregated,212.700000,0.000000,180,210,250,270,330,400,470,530,860,1000,1000,31973,0,150.0,171.6403100290383,2.6946669968310744,1712.679043004755,74.0
1790261615,50,POST,POST /webhooks/im/messages,214.200000,0.000000,180,220,260,280,350,420,480,540,860,1000,1000,32197,0,150.0,171.9381697906414,2.6946669968310744,1712.679043004755,74.0
1790261615,50,,Aggregated,214.200000,0.000000,180,220,260,280,350,420,480,540,860,1000,1000,32197,0,150.0,171.9381697906414,2.6946669968310744,1712.679043004755,74.0
1790261617,50,POST,POST /webhooks/im/messages,212.700000,0.000000,170,210,240,260,340,400,460,500,740,750,750,32300,0,150.0,172.27426801254748,2.6946669968310744,1712.679043004755,74.0
1790261617,50,,Aggregated,212.700000,0.000000,170,210,240,260,340,400,460,500,740,750,750,32300,0,150.0,172.27426801254748,2.6946669968310744,1712.679043004755,74.0
1790261618,50,POST,POST /webhooks/im/messages,201.100000,0.000000,160,210,240,260,340,420,1300,1700,1800,1900,1900,32353,0,150.0,174.10239762662516,2.6946669968310744,1873.2803750026505,74.0
1790261618,50,,Aggregated,201.100000,0.000000,160,210,240,260,340,420,1300,1700,1800,1900,1900,32353,0,150.0,174.10239762662516,2.6946669968310744,1873.2803750026505,74.0
1790261619,50,POST,POST /webhooks/im/messages,189.500000,0.000000,170,220,250,300,400,720,1400,1700,2200,2500,2500,32454,0,150.0,175.53821292420915,2.6946669968310744,2498.5553760052426,74.0
1790261619,50,,Aggregated,189.500000,0.000000,170,220,250,300,400,720,1400,1700,2200,2500,2500,32454,0,150.0,175.53821292420915,2.6946669968310744,2498.5553760052426,74.0
1790261620,50,POST,POST /webhooks/im/messages,177.600000,0.000000,170,240,300,350,470,910,1500,1700,2200,2500,2500,32587,0,150.0,176.28649080456537,2.6946669968310744,2498.5553760052426,74.0
1790261620,50,,Aggregated,177.600000,0.000000,170,240,300,350,470,910,1500,1700,2200,2500,2500,32587,0,150.0,176.28649080456537,2.6946669968310744,2498.5553760052426,74.0
1790261621,50,POST,POST /webhooks/im/messages,169.000000,0.000000,200,270,350,380,570,1000,1600,1700,2200,2500,2500,32767,0,150.0,176.978075097088,2.6946669968310744,2498.5553760052426,74.0
1790261621,50,,Aggregated,169.000000,0.000000,200,270,350,380,570,1000,1600,1700,2200,2500,2500,32767,0,150.0,176.978075097088,2.6946669968310744,2498.5553760052426,74.0
1790261622,50,POST,POST /webhooks/im/messages,160.600000,0.000000,240,330,380,410,600,1100,1700,1700,2200,2500,2500,32898,0,150.0,177.50613465771048,2.6946669968310744,2498.5553760052426,74.0
1790261622,50,,Aggregated,160.600000,0.000000,240,330,380,410,600,1100,1700,1700,2200,2500,2500,32898,0,150.0,177.50613465771048,2.6946669968310744,2498.5553760052426,74.0
1790261623,50,POST,POST /webhooks/im/messages,156.800000,0.000000,300,380,440,500,750,1100,1700,1700,2200,2500,2500,32957,0,150.0,178.42326885027168,2.6946669968310744,2498.5553760052426,74.0
1790261623,50,,Aggregated,156.800000,0.000000,300,380,440,500,750,1100,1700,1700,2200,2500,2500,32957,0,150.0,178.42326885027168,2.6946669968310744,2498.5553760052426,74.0
1790261624,50,POST,POST /webhooks/im/messages,144.100000,0.000000,320,410,460,560,930,1200,1700,1700,2200,2500,2500,33105,0,150.0,179.67016084260592,2.6946669968310744,2498.5553760052426,74.0
1790261624,50,,Aggregated,144.100000,0.000000,320,410,460,560,930,1200,1700,1700,2200,2500,2500,33105,0,150.0,179.67016084260592,2.6946669968310744,2498.5553760052426,74.0
1790261625,50,POST,POST /webhooks/im/messages,124.500000,0.000000,350,440,500,580,930,1300,1700,1700,2500,2500,2500,33252,0,150.0,180.31061157742357,2.6946669968310744,2498.5553760052426,74.0
1790261625,50,,Aggregated,124.500000,0.000000,350,440,500,580,930,1300,1700,1700,2500,2500,2500,33252,0,150.0,180.31061157742357,2.6946669968310744,2498.5553760052426,74.0
1790261626,50,POST,POST /webhooks/im/messages,117.000000,0.000000,280,390,450,500,870,1100,1700,1700,2200,2500,2500,33523,0,150.0,179.62721534879435,2.6946669968310744,2498.5553760052426,74.0
1790261626,50,,Aggregated,117.000000,0.000000,280,390,450,500,870,1100,1700,1700,2200,2500,2500,33523,0,150.0,179.62721534879435,2.6946669968310744,2498.5553760052426,74.0
1790261627,50,POST,POST /webhooks/im/messages,115.800000,0.000000,250,340,420,450,610,900,1000,1300,2200,2500,2500,33706,0,150.0,179.69155496868956,2.6946669968310744,2498.5553760052426,74.0
1790261627,50,,Aggregated,115.800000,0.000000,250,340,420,450,610,900,1000,1300,2200,2500,2500,33706,0,150.0,179.69155496868956,2.6946669968310744,2498.5553760052426,74.0
1790261628,50,POST,POST /webhooks/im/messages,124.700000,0.000000,250,340,420,450,620,880,960,1000,1700,1700,1700,33784,0,150.0,180.76203388224206,2.6946669968310744,2498.5553760052426,74.0
1790261628,50,,Aggregated,124.700000,0.000000,250,340,420,450,620,880,960,1000,1700,1700,1700,33784,0,150.0,180.76203388224206,2.6946669968310744,2498.5553760052426,74.0
1790261629,50,POST,POST /webhooks/im/messages,138.600000,0.000000,220,310,380,430,570,870,950,1000,1700,1700,1700,34015,0,150.0,180.84287492843256,2.6946669968310744,2498.5553760052426,74.0
1790261629,50,,Aggregated,138.600000,0.000000,220,310,380,430,570,870,950,1000,1700,1700,1700,34015,0,150.0,180.84287492843256,2.6946669968310744,2498.5553760052426,74.0
1790261630,50,POST,POST /webhooks/im/messages,140.700000,0.000000,200,300,370,420,540,870,950,1000,1400,1700,1700,34174,0,150.0,180.86626194767112,2.6946669968310744,2498.5553760052426,74.0
1790261630,50,,Aggregated,140.700000,0.000000,200,300,370,420,540,870,950,1000,1400,1700,1700,34174,0,150.0,180.86626194767112,2.6946669968310744,2498.5553760052426,74.0
1790261631,50,POST,POST /webhooks/im/messages,150.300000,0.000000,200,290,360,410,540,870,950,1000,1400,1700,1700,34360,0,150.0,181.40658110415401,2.6946669968310744,2498.5553760052426,74.0
1790261631,50,,Aggregated,150.300000,0.000000,200,290,360,410,540,870,950,1000,1400,1700,1700,34360,0,150.0,181.40658110415401,2.6946669968310744,2498.5553760052426,74.0
1790261632,50,POST,POST /webhooks/im/messages,158.300000,0.000000,190,260,310,360,460,810,930,990,1400,1700,1700,34580,0,150.0,181.22176015768346,2.6946669968310744,2498.5553760052426,74.0
1790261632,50,,Aggregated,158.300000,0.000000,190,260,310,360,460,810,930,990,1400,1700,1700,34580,0,150.0,181.22176015768346,2.6946669968310744,2498.5553760052426,74.0
1790261633,50,POST,POST /webhooks/im/messages,158.300000,0.000000,180,250,290,330,430,550,850,890,1100,1200,1200,34666,0,150.0,181.59309898179143,2.6946669968310744,2498.5553760052426,74.0
1790261633,50,,Aggregated,158.300000,0.000000,180,250,290,330,430,550,850,890,1100,1200,1200,34666,0,150.0,181.59309898179143,2.6946669968310744,2498.5553760052426,74.0
1790261634,50,POST,POST /webhooks/im/messages,168.400000,0.000000,170,240,290,330,440,820,1400,1800,2000,2000,2000,34703,0,150.0,183.0910605759388,2.6946669968310744,2498.5553760052426,74.0
1790261634,50,,Aggregated,168.400000,0.000000,170,240,290,330,440,820,1400,1800,2000,2000,2000,34703,0,150.0,183.0910605759388,2.6946669968310744,2498.5553760052426,74.0
1790261635,50,POST,POST /webhooks/im/messages,172.300000,0.000000,210,280,350,380,650,960,1800,1800,2400,2400,2400,34813,0,150.0,184.75483499933327,2.6946669968310744,2498.5553760052426,74.0
1790261635,50,,Aggregated,172.300000,0.000000,210,280,350,380,650,960,1800,1800,2400,2400,2400,34813,0,150.0,184.75483499933327,2.6946669968310744,2498.5553760052426,74.0
1790261636,50,POST,POST /webhooks/im/messages,159.900000,0.000000,210,290,360,390,640,960,1800,1800,2400,2400,2400,35043,0,150.0,184.88785060810196,2.6946669968310744,2498.5553760052426,74.0
1790261636,50,,Aggregated,159.900000,0.000000,210,290,360,390,640,960,1800,1800,2400,2400,2400,35043,0,150.0,184.88785060810196,2.6946669968310744,2498.5553760052426,74.0
1790261637,50,POST,POST /webhooks/im/messages,151.500000,0.000000,210,280,330,360,500,840,1700,1800,2400,2400,2400,35206,0,150.0,185.01791988214765,2.6946669968310744,2498.5553760052426,74.0
1790261637,50,,Aggregated,151.500000,0.000000,210,280,330,360,500,840,1700,1800,2400,2400,2400,35206,0,150.0,185.01791988214765,2.6946669968310744,2498.5553760052426,74.0
1790261638,50,POST,POST /webhooks/im/messages,137.500000,0.000000,210,280,330,360,500,800,1700,1800,2400,2400,2400,35412,0,150.0,185.32042781590872,2.6946669968310744,2498.5553760052426,74.0
1790261638,50,,Aggregated,137.500000,0.000000,210,280,330,360,500,800,1700,1800,2400,2400,2400,35412,0,150.0,185.32042781590872,2.6946669968310744,2498.5553760052426,74.0
1790261639,50,POST,POST /webhooks/im/messages,143.600000,0.000000,230,290,330,370,520,840,1800,1800,2400,2400,2400,35537,0,160.0,185.5250571928143,2.6946669968310744,2498.5553760052426,74.0
1790261639,50,,Aggregated,143.600000,0.000000,230,290,330,370,520,840,1800,1800,2400,2400,2400,35537,0,160.0,185.5250571928143,2.6946669968310744,2498.5553760052426,74.0
1790261640,50,POST,POST /webhooks/im/messages,152.000000,0.000000,230,290,350,390,660,1100,1800,1800,2400,2400,2400,35609,0,160.0,186.80648789033737,2.6946669968310744,2498.5553760052426,74.0
1790261640,50,,Aggregated,152.000000,0.000000,230,290,350,390,660,1100,1800,1800,2400,2400,2400,35609,0,160.0,186.80648789033737,2.6946669968310744,2498.5553760052426,74.0
1790261641,50,POST,POST /webhooks/im/messages,153.900000,0.000000,240,300,370,410,740,1200,1800,1800,2400,2400,2400,35833,0,160.0,187.01306738280093,2.6946669968310744,2498.5553760052426,74.0
1790261641,50,,Aggregated,153.900000,0.000000,240,300,370,410,740,1200,1800,1800,2400,2400,2400,35833,0,160.0,187.01306738280093,2.6946669968310744,2498.5553760052426,74.0
1790261642,50,POST,POST /webhooks/im/messages,138.900000,0.000000,240,310,390,450,750,1200,1800,1800,2400,2400,2400,35943,0,160.0,187.76759395809555,2.6946669968310744,2498.5553760052426,74.0
1790261642,50,,Aggregated,138.900000,0.000000,240,310,390,450,750,1200,1800,1800,2400,2400,2400,35943,0,160.0,187.76759395809555,2.6946669968310744,2498.5553760052426,74.0
1790261643,50,POST,POST /webhooks/im/messages,137.300000,0.000000,250,330,390,440,640,1100,1700,1800,2400,2400,2400,36089,0,160.0,188.43560057269383,2.6946669968310744,2498.5553760052426,74.0
1790261643,50,,Aggregated,137.300000,0.000000,250,330,390,440,640,1100,1700,1800,2400,2400,2400,36089,0,160.0,188.43560057269383,2.6946669968310744,2498.5553760052426,74.0
1790261644,50,POST,POST /webhooks/im/messages,128.500000,0.000000,240,300,350,380,520,730,1100,1200,1600,1700,1700,36285,0,160.0,188.63991489141614,2.6946669968310744,2498.5553760052426,74.0
1790261644,50,,Aggregated,128.500000,0.000000,240,300,350,380,520,730,1100,1200,1600,1700,1700,36285,0,160.0,188.63991489141614,2.6946669968310744,2498.5553760052426,74.0
1790261645,50,POST,POST /webhooks/im/messages,131.800000,0.000000,230,310,350,400,550,730,1000,1200,1600,1600,1600,36399,0,160.0,189.45397157611484,2.6946669968310744,2498.5553760052426,74.0
1790261645,50,,Aggregated,131.800000,0.000000,230,310,350,400,550,730,1000,1200,1600,1600,1600,36399,0,160.0,189.45397157611484,2.6946669968310744,2498.5553760052426,74.0
1790261646,50,POST,POST /webhooks/im/messages,148.100000,0.000000,270,330,370,420,570,740,1000,1200,1600,1600,1600,36526,0,160.0,189.92604588296143,2.6946669968310744,2498.5553760052426,74.0
1790261646,50,,Aggregated,148.100000,0.000000,270,330,370,420,570,740,1000,1200,1600,1600,1600,36526,0,160.0,189.92604588296143,2.6946669968310744,2498.5553760052426,74.0
1790261647,50,POST,POST /webhooks/im/messages,155.700000,0.000000,240,330,380,440,580,750,1000,1200,1600,1600,1600,36756,0,160.0,190.0561614552197,2.6946669968310744,2498.5553760052426,74.0
1790261647,50,,Aggregated,155.700000,0.000000,240,330,380,440,580,750,1000,1200,1600,1600,1600,36756,0,160.0,190.0561614552197,2.6946669968310744,2498.5553760052426,74.0
1790261648,50,POST,POST /webhooks/im/messages,156.100000,0.000000,270,350,410,460,590,780,1000,1200,1600,1600,1600,36896,0,160.0,190.55785513701298,2.6946669968310744,2498.5553760052426,74.0
1790261648,50,,Aggregated,156.100000,0.000000,270,350,410,460,590,780,1000,1200,1600,1600,1600,36896,0,160.0,190.55785513701298,2.6946669968310744,2498.5553760052426,74.0
1790261649,50,POST,POST /webhooks/im/messages,144.600000,0.000000,240,320,370,420,580,740,1000,1200,1600,1600,1600,37110,0,160.0,190.47882656977006,2.6946669968310744,2498.5553760052426,74.0
1790261649,50,,Aggregated,144.600000,0.000000,240,320,370,420,580,740,1000,1200,1600,1600,1600,37110,0,160.0,190.47882656977006,2.6946669968310744,2498.5553760052426,74.0
1790261650,50,POST,POST /webhooks/im/messages,150.100000,0.000000,240,320,360,400,540,610,750,830,1100,1300,1300,37268,0,160.0,191.03539541150832,2.6946669968310744,2498.5553760052426,74.0
1790261650,50,,Aggregated,150.100000,0.000000,240,320,360,400,540,610,750,830,1100,1300,1300,37268,0,160.0,191.03539541150832,2.6946669968310744,2498.5553760052426,74.0
1790261651,50,POST,POST /webhooks/im/messages,147.400000,0.000000,220,310,350,390,530,600,740,820,1100,1300,1300,37520,0,160.0,190.7232311237229,2.6946669968310744,2498.5553760052426,74.0
1790261651,50,,Aggregated,147.400000,0.000000,220,310,350,390,530,600,740,820,1100,1300,1300,37520,0,160.0,190.7232311237229,2.6946669968310744,2498.5553760052426,74.0
1790261652,50,POST,POST /webhooks/im/messages,160.600000,0.000000,190,260,320,350,450,570,690,800,980,1100,1100,37784,0,160.0,190.1779890171779,2.6946669968310744,2498.5553760052426,74.0
1790261652,50,,Aggregated,160.600000,0.000000,190,260,320,350,450,570,690,800,980,1100,1100,37784,0,160.0,190.1779890171779,2.6946669968310744,2498.5553760052426,74.0
1790261653,50,POST,POST /webhooks/im/messages,164.900000,0.000000,180,240,300,340,430,560,680,790,980,1100,1100,37949,0,160.0,190.23585815057297,2.6946669968310744,2498.5553760052426,74.0
1790261653,50,,Aggregated,164.900000,0.000000,180,240,300,340,430,560,680,790,980,1100,1100,37949,0,160.0,190.23585815057297,2.6946669968310744,2498.5553760052426,74.0
1790261654,50,POST,POST /webhooks/im/messages,173.100000,0.000000,170,240,290,330,410,550,670,780,980,1100,1100,38194,0,160.0,190.18355146235294,2.6946669968310744,2498.5553760052426,74.0
1790261654,50,,Aggregated,173.100000,0.000000,170,240,290,330,410,550,670,780,980,1100,1100,38194,0,160.0,190.18355146235294,2.6946669968310744,2498.5553760052426,74.0
1790261655,50,POST,POST /webhooks/im/messages,185.200000,0.000000,150,200,250,280,360,450,590,690,860,860,860,38430,0,160.0,189.60978705833995,2.6946669968310744,2498.5553760052426,74.0
1790261655,50,,Aggregated,185.200000,0.000000,150,200,250,280,360,450,590,690,860,860,860,38430,0,160.0,189.60978705833995,2.6946669968310744,2498.5553760052426,74.0
1790261656,50,POST,POST /webhooks/im/messages,184.600000,0.000000,140,180,220,240,330,410,520,620,840,860,860,38648,0,160.0,189.3124518963464,2.6946669968310744,2498.5553760052426,74.0
1790261656,50,,Aggregated,184.600000,0.000000,140,180,220,240,330,410,520,620,840,860,860,38648,0,160.0,189.3124518963464,2.6946669968310744,2498.5553760052426,74.0
1790261657,50,POST,POST /webhooks/im/messages,195.800000,0.000000,150,190,230,250,330,400,460,580,840,860,860,38866,0,160.0,189.2200196775856,2.6946669968310744,2498.5553760052426,74.0
1790261657,50,,Aggregated,195.800000,0.000000,150,190,230,250,330,400,460,580,840,860,860,38866,0,160.0,189.2200196775856,2.6946669968310744,2498.5553760052426,74.0
1790261658,50,POST,POST /webhooks/im/messages,206.300000,0.000000,150,190,230,260,330,410,500,570,860,900,900,39012,0,160.0,189.86753719663085,2.6946669968310744,2498.5553760052426,74.0
1790261658,50,,Aggregated,206.300000,0.000000,150,190,230,260,330,410,500,570,860,900,900,39012,0,160.0,189.86753719663085,2.6946669968310744,2498.5553760052426,74.0
1790261659,50,POST,POST /webhooks/im/messages,214.000000,0.000000,150,190,230,260,330,410,500,580,860,900,900,39191,0,160.0,189.73021742769987,2.6946669968310744,2498.5553760052426,74.0
1790261659,50,,Aggregated,214.000000,0.000000,150,190,230,260,330,410,500,580,860,900,900,39191,0,160.0,189.73021742769987,2.6946669968310744,2498.5553760052426,74.0
1790261660,50,POST,POST /webhooks/im/messages,211.300000,0.000000,150,190,230,260,340,460,590,680,900,1100,1100,39278,0,160.0,190.4311902512864,2.6946669968310744,2498.5553760052426,74.0
1790261660,50,,Aggregated,211.300000,0.000000,150,190,230,260,340,460,590,680,900,1100,1100,39278,0,160.0,190.4311902512864,2.6946669968310744,2498.5553760052426,74.0
1790261661,50,POST,POST /webhooks/im/messages,211.300000,0.000000,150,210,250,280,400,500,690,790,1200,1300,1300,39507,0,160.0,190.92123187290872,2.6946669968310744,2498.5553760052426,74.0
1790261661,50,,Aggregated,211.300000,0.000000,150,210,250,280,400,500,690,790,1200,1300,1300,39507,0,160.0,190.92123187290872,2.6946669968310744,2498.5553760052426,74.0
1790261662,50,POST,POST /webhooks/im/messages,207.600000,0.000000,180,230,280,310,420,530,710,800,1200,1300,1300,39681,0,160.0,191.17412451697018,2.6946669968310744,2498.5553760052426,74.0
1790261662,50,,Aggregated,207.600000,0.000000,180,230,280,310,420,530,710,800,1200,1300,1300,39681,0,160.0,191.17412451697018,2.6946669968310744,2498.5553760052426,74.0
1790261663,50,POST,POST /webhooks/im/messages,196.500000,0.000000,170,220,270,290,390,510,700,800,1200,1300,1300,39894,0,160.0,191.0681315133347,2.6946669968310744,2498.5553760052426,74.0
1790261663,50,,Aggregated,196.500000,0.000000,170,220,270,290,390,510,700,800,1200,1300,1300,39894,0,160.0,191.0681315133347,2.6946669968310744,2498.5553760052426,74.0
1790261664,50,POST,POST /webhooks/im/messages,193.800000,0.000000,180,230,270,300,420,530,700,800,1200,1300,1300,40117,0,160.0,191.13167124099223,2.6946669968310744,2498.5553760052426,74.0
1790261664,50,,Aggregated,193.800000,0.000000,180,230,270,300,420,530,700,800,1200,1300,1300,40117,0,160.0,191.13167124099223,2.6946669968310744,2498.5553760052426,74.0
1790261665,50,POST,POST /webhooks/im/messages,189.900000,0.000000,200,250,290,310,430,540,710,820,1200,1300,1300,40303,0,160.0,191.41243223099724,2.6946669968310744,2498.5553760052426,74.0
1790261665,50,,Aggregated,189.900000,0.000000,200,250,290,310,430,540,710,820,1200,1300,1300,40303,0,160.0,191.41243223099724,2.6946669968310744,2498.5553760052426,74.0
1790261666,50,POST,POST /webhooks/im/messages,193.400000,0.000000,210,250,280,310,430,540,710,800,1200,1300,1300,40512,0,160.0,191.5277376740435,2.6946669968310744,2498.5553760052426,74.0
1790261666,50,,Aggregated,193.400000,0.000000,210,250,280,310,430,540,710,800,1200,1300,1300,40512,0,160.0,191.5277376740435,2.6946669968310744,2498.5553760052426,74.0
1790261667,50,POST,POST /webhooks/im/messages,189.200000,0.000000,220,260,290,320,430,550,710,800,1200,1300,1300,40725,0,160.0,191.76269323962626,2.6946669968310744,2498.5553760052426,74.0
1790261667,50,,Aggregated,189.200000,0.000000,220,260,290,320,430,550,710,800,1200,1300,1300,40725,0,160.0,191.76269323962626,2.6946669968310744,2498.5553760052426,74.0
1790261668,50,POST,POST /webhooks/im/messages,185.900000,0.000000,220,260,280,310,390,490,680,770,1200,1300,1300,40895,0,160.0,191.94534575299434,2.6946669968310744,2498.5553760052426,74.0
1790261668,50,,Aggregated,185.900000,0.000000,220,260,280,310,390,490,680,770,1200,1300,1300,40895,0,160.0,191.94534575299434,2.6946669968310744,2498.5553760052426,74.0
1790261669,50,POST,POST /webhooks/im/messages,183.400000,0.000000,220,260,280,300,380,480,680,770,1200,1300,1300,41073,0,160.0,192.1577231766768,2.6946669968310744,2498.5553760052426,74.0
1790261669,50,,Aggregated,183.400000,0.000000,220,260,280,300,380,480,680,770,1200,1300,1300,41073,0,160.0,192.1577231766768,2.6946669968310744,2498.5553760052426,74.0
1790261670,50,POST,POST /webhooks/im/messages,186.900000,0.000000,220,250,280,300,360,410,490,640,1200,1300,1300,41273,0,160.0,192.56239294184033,2.6946669968310744,2498.5553760052426,74.0
1790261670,50,,Aggregated,186.900000,0.000000,220,250,280,300,360,410,490,640,1200,1300,1300,41273,0,160.0,192.56239294184033,2.6946669968310744,2498.5553760052426,74.0
1790261671,50,POST,POST /webhooks/im/messages,185.800000,0.000000,220,250,280,300,350,390,450,490,710,710,710,41435,0,160.0,192.42032530900303,2.6946669968310744,2498.5553760052426,74.0
1790261671,50,,Aggregated,185.800000,0.000000,220,250,280,300,350,390,450,490,710,710,710,41435,0,160.0,192.42032530900303,2.6946669968310744,2498.5553760052426,74.0
1790261672,50,POST,POST /webhooks/im/messages,187.900000,0.000000,230,260,280,300,370,420,510,600,810,870,870,41467,0,160.0,192.68861755778332,2.6946669968310744,2498.5553760052426,74.0
1790261672,50,,Aggregated,187.900000,0.000000,230,260,280,300,370,420,510,600,810,870,870,41467,0,160.0,192.68861755778332,2.6946669968310744,2498.5553760052426,74.0
1790261673,50,POST,POST /webhooks/im/messages,202.700000,0.000000,230,270,300,330,410,630,1200,1400,1600,1800,1800,41538,0,160.0,194.27800649832878,2.6946669968310744,2498.5553760052426,74.0
1790261673,50,,Aggregated,202.700000,0.000000,230,270,300,330,410,630,1200,1400,1600,1800,1800,41538,0,160.0,194.27800649832878,2.6946669968310744,2498.5553760052426,74.0
1790261674,50,POST,POST /webhooks/im/messages,191.100000,0.000000,240,290,340,370,530,820,1200,1500,1700,1800,1800,41645,0,160.0,195.2621281265118,2.6946669968310744,2498.5553760052426,74.0
1790261674,50,,Aggregated,191.100000,0.000000,240,290,340,370,530,820,1200,1500,1700,1800,1800,41645,0,160.0,195.2621281265118,2.6946669968310744,2498.5553760052426,74.0
1790261675,50,POST,POST /webhooks/im/messages,174.100000,0.000000,250,310,350,390,590,830,1300,1500,1700,1800,1800,41795,0,160.0,195.70352719068177,2.6946669968310744,2498.5553760052426,74.0
1790261675,50,,Aggregated,174.100000,0.000000,250,310,350,390,590,830,1300,1500,1700,1800,1800,41795,0,160.0,195.70352719068177,2.6946669968310744,2498.5553760052426,74.0
1790261676,50,POST,POST /webhooks/im/messages,160.400000,0.000000,260,330,380,430,660,860,1300,1500,1700,1800,1800,41854,0,160.0,196.11573028746304,2.6946669968310744,2498.5553760052426,74.0
1790261676,50,,Aggregated,160.400000,0.000000,260,330,380,430,660,860,1300,1500,1700,1800,1800,41854,0,160.0,196.11573028746304,2.6946669968310744,2498.5553760052426,74.0
1790261677,50,POST,POST /webhooks/im/messages,150.300000,0.000000,290,370,440,510,800,1200,1400,1500,1800,2000,2000,41964,0,160.0,197.21781811360978,2.6946669968310744,2498.5553760052426,74.0
1790261677,50,,Aggregated,150.300000,0.000000,290,370,440,510,800,1200,1400,1500,1800,2000,2000,41964,0,160.0,197.21781811360978,2.6946669968310744,2498.5553760052426,74.0
1790261678,50,POST,POST /webhooks/im/messages,143.500000,0.000000,320,420,510,640,900,1200,1500,1600,2000,2000,2000,42015,0,160.0,197.89396164271315,2.6946669968310744,2498.5553760052426,74.0
1790261678,50,,Aggregated,143.500000,0.000000,320,420,510,640,900,1200,1500,1600,2000,2000,2000,42015,0,160.0,197.89396164271315,2.6946669968310744,2498.5553760052426,74.0
1790261679,50,POST,POST /webhooks/im/messages,131.600000,0.000000,350,490,630,720,950,1200,1500,1600,2000,2100,2100,42133,0,160.0,198.90364017206315,2.6946669968310744,2498.5553760052426,74.0
1790261679,50,,Aggregated,131.600000,0.000000,350,490,630,720,950,1200,1500,1600,2000,2100,2100,42133,0,160.0,198.90364017206315,2.6946669968310744,2498.5553760052426,74.0
1790261680,50,POST,POST /webhooks/im/messages,120.300000,0.000000,440,580,700,760,1100,1300,1500,1600,2100,2100,2100,42225,0,160.0,199.45333392662099,2.6946669968310744,2498.5553760052426,74.0
1790261680,50,,Aggregated,120.300000,0.000000,440,580,700,760,1100,1300,1500,1600,2100,2100,2100,42225,0,160.0,199.45333392662099,2.6946669968310744,2498.5553760052426,74.0
1790261681,50,POST,POST /webhooks/im/messages,108.600000,0.000000,470,600,720,790,1100,1300,1500,1600,2100,2100,2100,42347,0,160.0,200.20917830858215,2.6946669968310744,2498.5553760052426,74.0
1790261681,50,,Aggregated,108.600000,0.000000,470,600,720,790,1100,1300,1500,1600,2100,2100,2100,42347,0,160.0,200.20917830858215,2.6946669968310744,2498.5553760052426,74.0
1790261682,50,POST,POST /webhooks/im/messages,103.100000,0.000000,470,590,720,780,1000,1200,1500,1600,2100,2100,2100,42406,0,160.0,200.61748469199,2.6946669968310744,2498.5553760052426,74.0
1790261682,50,,Aggregated,103.100000,0.000000,470,590,720,780,1000,1200,1500,1600,2100,2100,2100,42406,0,160.0,200.61748469199,2.6946669968310744,2498.5553760052426,74.0
1790261683,50,POST,POST /webhooks/im/messages,89.400000,0.000000,460,580,720,770,1000,1300,1500,1600,2100,2100,2100,42469,0,160.0,201.87564613406204,2.6946669968310744,2498.5553760052426,74.0
1790261683,50,,Aggregated,89.400000,0.000000,460,580,720,770,1000,1300,1500,1600,2100,2100,2100,42469,0,160.0,201.87564613406204,2.6946669968310744,2498.5553760052426,74.0
1790261684,50,POST,POST /webhooks/im/messages,91.800000,0.000000,490,650,730,800,1100,1300,1600,1700,2100,2100,2100,42583,0,160.0,202.68003246947237,2.6946669968310744,2498.5553760052426,74.0
1790261684,50,,Aggregated,91.800000,0.000000,490,650,730,800,1100,1300,1600,1700,2100,2100,2100,42583,0,160.0,202.68003246947237,2.6946669968310744,2498.5553760052426,74.0
1790261686,50,POST,POST /webhooks/im/messages,92.700000,0.000000,420,560,680,740,980,1300,1500,1600,2100,2100,2100,42754,0,160.0,202.8833594635942,2.6946669968310744,2498.5553760052426,74.0
1790261686,50,,Aggregated,92.700000,0.000000,420,560,680,740,980,1300,1500,1600,2100,2100,2100,42754,0,160.0,202.8833594635942,2.6946669968310744,2498.5553760052426,74.0
1790261687,50,POST,POST /webhooks/im/messages,93.000000,0.000000,420,570,670,740,980,1200,1500,1600,2100,2100,2100,42798,0,160.0,203.37021038220286,2.6946669968310744,2498.5553760052426,74.0
1790261687,50,,Aggregated,93.000000,0.000000,420,570,670,740,980,1200,1500,1600,2100,2100,2100,42798,0,160.0,203.37021038220286,2.6946669968310744,2498.5553760052426,74.0
1790261688,50,POST,POST /webhooks/im/messages,95.100000,0.000000,390,550,650,720,1000,1200,1400,1600,2200,2200,2200,42929,0,170.0,204.49539747442378,2.6946669968310744,2498.5553760052426,74.0
1790261688,50,,Aggregated,95.100000,0.000000,390,550,650,720,1000,1200,1400,1600,2200,2200,2200,42929,0,170.0,204.49539747442378,2.6946669968310744,2498.5553760052426,74.0
1790261689,50,POST,POST /webhooks/im/messages,95.100000,0.000000,330,490,600,690,1000,1200,1400,1600,2200,2200,2200,43045,0,170.0,204.58058172688268,2.6946669968310744,2498.5553760052426,74.0
1790261689,50,,Aggregated,95.100000,0.000000,330,490,600,690,1000,1200,1400,1600,2200,2200,2200,43045,0,170.0,204.58058172688268,2.6946669968310744,2498.5553760052426,74.0
1790261690,50,POST,POST /webhooks/im/messages,96.200000,0.000000,340,520,670,780,1100,1300,1400,1600,2200,2200,2200,43142,0,170.0,205.6204846755519,2.6946669968310744,2498.5553760052426,74.0
1790261690,50,,Aggregated,96.200000,0.000000,340,520,670,780,1100,1300,1400,1600,2200,2200,2200,43142,0,170.0,205.6204846755519,2.6946669968310744,2498.5553760052426,74.0
1790261691,50,POST,POST /webhooks/im/messages,102.100000,0.000000,350,490,650,740,1000,1200,1400,1600,2200,2200,2200,43264,0,170.0,206.18447133449564,2.6946669968310744,2498.5553760052426,74.0
1790261691,50,,Aggregated,102.100000,0.000000,350,490,650,740,1000,1200,1400,1600,2200,2200,2200,43264,0,170.0,206.18447133449564,2.6946669968310744,2498.5553760052426,74.0
1790261692,50,POST,POST /webhooks/im/messages,100.800000,0.000000,340,460,630,700,980,1200,1400,1600,2200,2200,2200,43387,0,170.0,206.73470035083366,2.6946669968310744,2498.5553760052426,74.0
1790261692,50,,Aggregated,100.800000,0.000000,340,460,630,700,980,1200,1400,1600,2200,2200,2200,43387,0,170.0,206.73470035083366,2.6946669968310744,2498.5553760052426,74.0
1790261693,50,POST,POST /webhooks/im/messages,102.600000,0.000000,350,470,570,660,890,1100,1300,1400,2200,2200,2200,43457,0,170.0,207.40066236685954,2.6946669968310744,2498.5553760052426,74.0
1790261693,50,,Aggregated,102.600000,0.000000,350,470,570,660,890,1100,1300,1400,2200,2200,2200,43457,0,170.0,207.40066236685954,2.6946669968310744,2498.5553760052426,74.0
1790261694,50,POST,POST /webhooks/im/messages,102.000000,0.000000,330,440,540,620,880,1000,1300,1400,1800,2200,2200,43639,0,170.0,207.9099533664539,2.6946669968310744,2498.5553760052426,74.0
1790261694,50,,Aggregated,102.000000,0.000000,330,440,540,620,880,1000,1300,1400,1800,2200,2200,43639,0,170.0,207.9099533664539,2.6946669968310744,2498.5553760052426,74.0
1790261695,50,POST,POST /webhooks/im/messages,103.600000,0.000000,370,490,590,670,890,1100,1300,1400,2200,2200,2200,43724,0,170.0,208.40523495452595,2.6946669968310744,2498.5553760052426,74.0
1790261695,50,,Aggregated,103.600000,0.000000,370,490,590,670,890,1100,1300,1400,2200,2200,2200,43724,0,170.0,208.40523495452595,2.6946669968310744,2498.5553760052426,74.0
1790261696,50,POST,POST /webhooks/im/messages,115.900000,0.000000,380,500,590,660,880,1000,1300,1300,1900,2200,2200,43845,0,170.0,209.16521083103316,2.6946669968310744,2498.5553760052426,74.0
1790261696,50,,Aggregated,115.900000,0.000000,380,500,590,660,880,1000,1300,1300,1900,2200,2200,43845,0,170.0,209.16521083103316,2.6946669968310744,2498.5553760052426,74.0
1790261697,50,POST,POST /webhooks/im/messages,112.900000,0.000000,340,450,540,590,780,900,1100,1200,1800,1900,1900,44010,0,170.0,209.31291641371317,2.6946669968310744,2498.5553760052426,74.0
1790261697,50,,Aggregated,112.900000,0.000000,340,450,540,590,780,900,1100,1200,1800,1900,1900,44010,0,170.0,209.31291641371317,2.6946669968310744,2498.5553760052426,74.0
1790261698,50,POST,POST /webhooks/im/messages,106.900000,0.000000,370,460,550,600,780,900,1000,1200,1800,1900,1900,44120,0,170.0,209.6591069066312,2.6946669968310744,2498.5553760052426,74.0
1790261698,50,,Aggregated,106.900000,0.000000,370,460,550,600,780,900,1000,1200,1800,1900,1900,44120,0,170.0,209.6591069066312,2.6946669968310744,2498.5553760052426,74.0
1790261699,50,POST,POST /webhooks/im/messages,119.800000,0.000000,370,450,530,580,710,850,970,1100,1800,1900,1900,44230,0,170.0,210.45258517202302,2.6946669968310744,2498.5553760052426,74.0
1790261699,50,,Aggregated,119.800000,0.000000,370,450,530,580,710,850,970,1100,1800,1900,1900,44230,0,170.0,210.45258517202302,2.6946669968310744,2498.5553760052426,74.0
1790261700,50,POST,POST /webhooks/im/messages,118.700000,0.000000,350,450,500,560,690,830,960,1000,1800,1900,1900,44397,0,170.0,210.77525840109874,2.6946669968310744,2498.5553760052426,74.0
1790261700,50,,Aggregated,118.700000,0.000000,350,450,500,560,690,830,960,1000,1800,1900,1900,44397,0,170.0,210.77525840109874,2.6946669968310744,2498.5553760052426,74.0
1790261701,50,POST,POST /webhooks/im/messages,117.600000,0.000000,350,440,490,540,680,790,950,1000,1800,1900,1900,44544,0,170.0,211.2427211905462,2.6946669968310744,2498.5553760052426,74.0
1790261701,50,,Aggregated,117.600000,0.000000,350,440,490,540,680,790,950,1000,1800,1900,1900,44544,0,170.0,211.2427211905462,2.6946669968310744,2498.5553760052426,74.0
1790261702,50,POST,POST /webhooks/im/messages,117.600000,0.000000,340,430,470,530,670,770,920,990,1800,1900,1900,44619,0,170.0,211.58818603556088,2.6946669968310744,2498.5553760052426,74.0
1790261702,50,,Aggregated,117.600000,0.000000,340,430,470,530,670,770,920,990,1800,1900,1900,44619,0,170.0,211.58818603556088,2.6946669968310744,2498.5553760052426,74.0
1790261703,50,POST,POST /webhooks/im/messages,126.200000,0.000000,370,450,490,550,700,860,950,1100,1400,1900,1900,44724,0,170.0,212.47771485130244,2.6946669968310744,2498.5553760052426,74.0
1790261703,50,,Aggregated,126.200000,0.000000,370,450,490,550,700,860,950,1100,1400,1900,1900,44724,0,170.0,212.47771485130244,2.6946669968310744,2498.5553760052426,74.0
1790261704,50,POST,POST /webhooks/im/messages,124.100000,0.000000,340,430,460,520,680,850,960,1100,1400,1900,1900,44905,0,170.0,212.74557155832733,2.6946669968310744,2498.5553760052426,74.0
1790261704,50,,Aggregated,124.100000,0.000000,340,430,460,520,680,850,960,1100,1400,1900,1900,44905,0,170.0,212.74557155832733,2.6946669968310744,2498.5553760052426,74.0
1790261705,50,POST,POST /webhooks/im/messages,126.000000,0.000000,330,420,450,480,650,820,900,990,1200,1400,1400,45057,0,170.0,213.11434542926872,2.6946669968310744,2498.5553760052426,74.0
1790261705,50,,Aggregated,126.000000,0.000000,330,420,450,480,650,820,900,990,1200,1400,1400,45057,0,170.0,213.11434542926872,2.6946669968310744,2498.5553760052426,74.0
1790261706,50,POST,POST /webhooks/im/messages,125.400000,0.000000,330,410,450,470,640,780,890,960,1200,1400,1400,45225,0,170.0,213.4025693281511,2.6946669968310744,2498.5553760052426,74.0
1790261706,50,,Aggregated,125.400000,0.000000,330,410,450,470,640,780,890,960,1200,1400,1400,45225,0,170.0,213.4025693281511,2.6946669968310744,2498.5553760052426,74.0
1790261707,50,POST,POST /webhooks/im/messages,130.900000,0.000000,310,390,440,460,640,770,890,960,1200,1400,1400,45395,0,170.0,213.60120267865338,2.6946669968310744,2498.5553760052426,74.0
1790261707,50,,Aggregated,130.900000,0.000000,310,390,440,460,640,770,890,960,1200,1400,1400,45395,0,170.0,213.60120267865338,2.6946669968310744,2498.5553760052426,74.0
1790261708,50,POST,POST /webhooks/im/messages,136.600000,0.000000,270,340,400,430,530,680,870,900,1200,1400,1400,45609,0,170.0,213.55877019514668,2.6946669968310744,2498.5553760052426,74.0
1790261708,50,,Aggregated,136.600000,0.000000,270,340,400,430,530,680,870,900,1200,1400,1400,45609,0,170.0,213.55877019514668,2.6946669968310744,2498.5553760052426,74.0
1790261709,50,POST,POST /webhooks/im/messages,137.600000,0.000000,270,320,380,420,520,650,870,890,1200,1400,1400,45803,0,170.0,213.6257486002748,2.6946669968310744,2498.5553760052426,74.0
1790261709,50,,Aggregated,137.600000,0.000000,270,320,380,420,520,650,870,890,1200,1400,1400,45803,0,170.0,213.6257486002748,2.6946669968310744,2498.5553760052426,74.0
1790261710,50,POST,POST /webhooks/im/messages,146.400000,0.000000,260,310,360,390,510,650,870,890,1200,1400,1400,45979,0,170.0,213.7593577453497,2.6946669968310744,2498.5553760052426,74.0
1790261710,50,,Aggregated,146.400000,0.000000,260,310,360,390,510,650,870,890,1200,1400,1400,45979,0,170.0,213.7593577453497,2.6946669968310744,2498.5553760052426,74.0
1790261711,50,POST,POST /webhooks/im/messages,155.600000,0.000000,250,300,330,360,440,600,870,890,1200,1400,1400,46193,0,170.0,213.76707802973445,2.6946669968310744,2498.5553760052426,74.0
1790261711,50,,Aggregated,155.600000,0.000000,250,300,330,360,440,600,870,890,1200,1400,1400,46193,0,170.0,213.76707802973445,2.6946669968310744,2498.5553760052426,74.0
1790261712,50,POST,POST /webhooks/im/messages,156.900000,0.000000,250,300,330,350,410,490,600,650,1000,1100,1100,46365,0,170.0,214.0830365997111,2.6946669968310744,2498.5553760052426,74.0
1790261712,50,,Aggregated,156.900000,0.000000,250,300,330,350,410,490,600,650,1000,1100,1100,46365,0,170.0,214.0830365997111,2.6946669968310744,2498.5553760052426,74.0
1790261713,50,POST,POST /webhooks/im/messages,163.700000,0.000000,230,280,310,330,390,440,550,620,900,990,990,46589,0,170.0,213.6379204238017,2.6946669968310744,2498.5553760052426,74.0
1790261713,50,,Aggregated,163.700000,0.000000,230,280,310,330,390,440,550,620,900,990,990,46589,0,170.0,213.6379204238017,2.6946669968310744,2498.5553760052426,74.0
1790261714,50,POST,POST /webhooks/im/messages,169.000000,0.000000,220,260,300,310,370,420,510,550,770,900,900,46789,0,170.0,213.7079064375015,2.6946669968310744,2498.5553760052426,74.0
1790261714,50,,Aggregated,169.000000,0.000000,220,260,300,310,370,420,510,550,770,900,900,46789,0,170.0,213.7079064375015,2.6946669968310744,2498.5553760052426,74.0
1790261715,50,POST,POST /webhooks/im/messages,187.300000,0.000000,220,260,290,310,370,410,490,540,770,900,900,46989,0,170.0,213.86496402162882,2.6946669968310744,2498.5553760052426,74.0
1790261715,50,,Aggregated,187.300000,0.000000,220,260,290,310,370,410,490,540,770,900,900,46989,0,170.0,213.86496402162882,2.6946669968310744,2498.5553760052426,74.0
1790261716,50,POST,POST /webhooks/im/messages,188.400000,0.000000,200,260,290,320,370,420,510,540,770,900,900,47194,0,170.0,213.8462808165526,2.6946669968310744,2498.5553760052426,74.0
1790261716,50,,Aggregated,188.400000,0.000000,200,260,290,320,370,420,510,540,770,900,900,47194,0,170.0,213.8462808165526,2.6946669968310744,2498.5553760052426,74.0
1790261717,50,POST,POST /webhooks/im/messages,192.700000,0.000000,210,260,290,310,360,410,490,530,770,900,900,47400,0,170.0,213.69353735481985,2.6946669968310744,2498.5553760052426,74.0
1790261717,50,,Aggregated,192.700000,0.000000,210,260,290,310,360,410,490,530,770,900,900,47400,0,170.0,213.69353735481985,2.6946669968310744,2498.5553760052426,74.0
1790261718,50,POST,POST /webhooks/im/messages,196.400000,0.000000,210,260,300,330,370,450,550,590,900,930,930,47529,0,170.0,214.07475272853077,2.6946669968310744,2498.5553760052426,74.0
1790261718,50,,Aggregated,196.400000,0.000000,210,260,300,330,370,450,550,590,900,930,930,47529,0,170.0,214.07475272853077,2.6946669968310744,2498.5553760052426,74.0
1790261719,50,POST,POST /webhooks/im/messages,197.600000,0.000000,210,260,310,330,400,480,570,700,900,930,930,47716,0,170.0,214.32167831694753,2.6946669968310744,2498.5553760052426,74.0
1790261719,50,,Aggregated,197.600000,0.000000,210,260,310,330,400,480,570,700,900,930,930,47716,0,170.0,214.32167831694753,2.6946669968310744,2498.5553760052426,74.0
1790261720,50,POST,POST /webhooks/im/messages,190.800000,0.000000,210,260,310,340,400,480,590,700,900,930,930,47874,0,170.0,214.3823883485079,2.6946669968310744,2498.5553760052426,74.0
1790261720,50,,Aggregated,190.800000,0.000000,210,260,310,340,400,480,590,700,900,930,930,47874,0,170.0,214.3823883485079,2.6946669968310744,2498.5553760052426,74.0
1790261721,50,POST,POST /webhooks/im/messages,185.900000,0.000000,190,250,290,320,390,480,570,700,900,930,930,48065,0,170.0,214.07467749073678,2.6946669968310744,2498.5553760052426,74.0
1790261721,50,,Aggregated,185.900000,0.000000,190,250,290,320,390,480,570,700,900,930,930,48065,0,170.0,214.07467749073678,2.6946669968310744,2498.5553760052426,74.0
1790261722,50,POST,POST /webhooks/im/messages,187.400000,0.000000,220,260,310,340,420,480,580,680,890,930,930,48280,0,170.0,214.31083592392326,2.6946669968310744,2498.5553760052426,74.0
1790261722,50,,Aggregated,187.400000,0.000000,220,260,310,340,420,480,580,680,890,930,930,48280,0,170.0,214.31083592392326,2.6946669968310744,2498.5553760052426,74.0
1790261723,50,POST,POST /webhooks/im/messages,189.700000,0.000000,220,260,300,330,410,480,580,680,890,930,930,48472,0,170.0,214.26657634818338,2.6946669968310744,2498.5553760052426,74.0
1790261723,50,,Aggregated,189.700000,0.000000,220,260,300,330,410,480,580,680,890,930,930,48472,0,170.0,214.26657634818338,2.6946669968310744,2498.5553760052426,74.0
1790261724,50,POST,POST /webhooks/im/messages,190.600000,0.000000,210,260,300,330,410,480,590,680,890,930,930,48698,0,170.0,214.31444816103507,2.6946669968310744,2498.5553760052426,74.0
1790261724,50,,Aggregated,190.600000,0.000000,210,260,300,330,410,480,590,680,890,930,930,48698,0,170.0,214.31444816103507,2.6946669968310744,2498.5553760052426,74.0
1790261725,50,POST,POST /webhooks/im/messages,185.500000,0.000000,200,250,290,320,400,480,580,680,890,930,930,48906,0,170.0,213.95332558162656,2.6946669968310744,2498.5553760052426,74.0
1790261725,50,,Aggregated,185.500000,0.000000,200,250,290,320,400,480,580,680,890,930,930,48906,0,170.0,213.95332558162656,2.6946669968310744,2498.5553760052426,74.0
1790261726,50,POST,POST /webhooks/im/messages,185.800000,0.000000,210,260,290,320,410,480,590,680,890,930,930,49118,0,170.0,214.0469176557088,2.6946669968310744,2498.5553760052426,74.0
1790261726,50,,Aggregated,185.800000,0.000000,210,260,290,320,410,480,590,680,890,930,930,49118,0,170.0,214.0469176557088,2.6946669968310744,2498.5553760052426,74.0
1790261727,50,POST,POST /webhooks/im/messages,193.800000,0.000000,200,240,270,300,380,460,560,660,840,890,890,49285,0,170.0,213.98741952206618,2.6946669968310744,2498.5553760052426,74.0
1790261727,50,,Aggregated,193.800000,0.000000,200,240,270,300,380,460,560,660,840,890,890,49285,0,170.0,213.98741952206618,2.6946669968310744,2498.5553760052426,74.0
1790261728,50,POST,POST /webhooks/im/messages,190.100000,0.000000,190,230,260,290,370,440,520,620,760,860,860,49526,0,170.0,213.8738233092139,2.6946669968310744,2498.5553760052426,74.0
1790261728,50,,Aggregated,190.100000,0.000000,190,230,260,290,370,440,520,620,760,860,860,49526,0,170.0,213.8738233092139,2.6946669968310744,2498.5553760052426,74.0
1790261729,50,POST,POST /webhooks/im/messages,191.500000,0.000000,190,230,260,280,360,430,510,590,760,860,860,49709,0,170.0,213.8845649208824,2.6946669968310744,2498.5553760052426,74.0
1790261729,50,,Aggregated,191.500000,0.000000,190,230,260,280,360,430,510,590,760,860,860,49709,0,170.0,213.8845649208824,2.6946669968310744,2498.5553760052426,74.0
1790261730,50,POST,POST /webhooks/im/messages,197.800000,0.000000,200,240,260,280,360,440,510,590,760,860,860,49912,0,170.0,213.85225104257736,2.6946669968310744,2498.5553760052426,74.0
1790261730,50,,Aggregated,197.800000,0.000000,200,240,260,280,360,440,510,590,760,860,860,49912,0,170.0,213.85225104257736,2.6946669968310744,2498.5553760052426,74.0
1790261731,50,POST,POST /webhooks/im/messages,201.400000,0.000000,200,230,260,270,340,420,490,580,760,860,860,50129,0,180.0,213.85134045441035,2.6946669968310744,2498.5553760052426,74.0
1790261731,50,,Aggregated,201.400000,0.000000,200,230,260,270,340,420,490,580,760,860,860,50129,0,180.0,213.85134045441035,2.6946669968310744,2498.5553760052426,74.0
1790261732,50,POST,POST /webhooks/im/messages,203.800000,0.000000,200,240,260,280,360,440,510,610,780,860,860,50325,0,180.0,213.97966972519438,2.6946669968310744,2498.5553760052426,74.0
1790261732,50,,Aggregated,203.800000,0.000000,200,240,260,280,360,440,510,610,780,860,860,50325,0,180.0,213.97966972519438,2.6946669968310744,2498.5553760052426,74.0
1790261733,50,POST,POST /webhooks/im/messages,200.800000,0.000000,190,230,260,270,350,430,490,610,780,860,860,50512,0,180.0,213.899111412186,2.6946669968310744,2498.5553760052426,74.0
1790261733,50,,Aggregated,200.800000,0.000000,190,230,260,270,350,430,490,610,780,860,860,50512,0,180.0,213.899111412186,2.6946669968310744,2498.5553760052426,74.0
1790261734,50,POST,POST /webhooks/im/messages,201.000000,0.000000,190,240,260,280,360,430,500,610,780,860,860,50762,0,180.0,213.75243082455697,2.6946669968310744,2498.5553760052426,74.0
1790261734,50,,Aggregated,201.000000,0.000000,190,240,260,280,360,430,500,610,780,860,860,50762,0,180.0,213.75243082455697,2.6946669968310744,2498.5553760052426,74.0
1790261735,50,POST,POST /webhooks/im/messages,204.100000,0.000000,190,230,260,270,360,430,490,580,780,860,860,50937,0,180.0,213.72380499344612,2.6946669968310744,2498.5553760052426,74.0
1790261735,50,,Aggregated,204.100000,0.000000,190,230,260,270,360,430,490,580,780,860,860,50937,0,180.0,213.72380499344612,2.6946669968310744,2498.5553760052426,74.0
1790261736,50,POST,POST /webhooks/im/messages,203.500000,0.000000,200,240,270,300,370,440,530,610,780,860,860,51115,0,180.0,213.87575409170097,2.6946669968310744,2498.5553760052426,74.0
1790261736,50,,Aggregated,203.500000,0.000000,200,240,270,300,370,440,530,610,780,860,860,51115,0,180.0,213.87575409170097,2.6946669968310744,2498.5553760052426,74.0
1790261737,50,POST,POST /webhooks/im/messages,198.300000,0.000000,200,240,260,280,350,410,470,530,710,780,780,51334,0,180.0,213.79959235820954,2.6946669968310744,2498.5553760052426,74.0
1790261737,50,,Aggregated,198.300000,0.000000,200,240,260,280,350,410,470,530,710,780,780,51334,0,180.0,213.79959235820954,2.6946669968310744,2498.5553760052426,74.0
1790261738,50,POST,POST /webhooks/im/messages,198.900000,0.000000,210,250,270,300,370,430,520,570,780,830,830,51501,0,180.0,214.09149302146324,2.6946669968310744,2498.5553760052426,74.0
1790261738,50,,Aggregated,198.900000,0.000000,210,250,270,300,370,430,520,570,780,830,830,51501,0,180.0,214.09149302146324,2.6946669968310744,2498.5553760052426,74.0
1790261739,50,POST,POST /webhooks/im/messages,201.900000,0.000000,200,240,260,280,360,420,520,560,780,830,830,51743,0,180.0,213.66649267255968,2.6946669968310744,2498.5553760052426,74.0
1790261739,50,,Aggregated,201.900000,0.000000,200,240,260,280,360,420,520,560,780,830,830,51743,0,180.0,213.66649267255968,2.6946669968310744,2498.5553760052426,74.0
1790261740,50,POST,POST /webhooks/im/messages,195.400000,0.000000,200,240,270,300,380,430,530,610,780,830,830,51923,0,180.0,213.81127203842942,2.6946669968310744,2498.5553760052426,74.0
1790261740,50,,Aggregated,195.400000,0.000000,200,240,270,300,380,430,530,610,780,830,830,51923,0,180.0,213.81127203842942,2.6946669968310744,2498.5553760052426,74.0
1790261741,50,POST,POST /webhooks/im/messages,203.700000,0.000000,190,230,250,280,350,420,520,560,730,830,830,52145,0,180.0,213.64525358840302,2.6946669968310744,2498.5553760052426,74.0
1790261741,50,,Aggregated,203.700000,0.000000,190,230,250,280,350,420,520,560,730,830,830,52145,0,180.0,213.64525358840302,2.6946669968310744,2498.5553760052426,74.0
1790261742,50,POST,POST /webhooks/im/messages,196.400000,0.000000,200,240,260,300,360,430,520,570,730,830,830,52340,0,180.0,213.75552507967618,2.6946669968310744,2498.5553760052426,74.0
1790261742,50,,Aggregated,196.400000,0.000000,200,240,260,300,360,430,520,570,730,830,830,52340,0,180.0,213.75552507967618,2.6946669968310744,2498.5553760052426,74.0
1790261743,50,POST,POST /webhooks/im/messages,200.700000,0.000000,190,230,260,290,360,420,520,600,730,830,830,52534,0,180.0,213.6166957517842,2.6946669968310744,2498.5553760052426,74.0
1790261743,50,,Aggregated,200.700000,0.000000,190,230,260,290,360,420,520,600,730,830,830,52534,0,180.0,213.6166957517842,2.6946669968310744,2498.5553760052426,74.0
1790261744,50,POST,POST /webhooks/im/messages,205.500000,0.000000,200,240,270,300,370,450,530,610,730,830,830,52705,0,180.0,213.82868239212803,2.6946669968310744,2498.5553760052426,74.0
1790261744,50,,Aggregated,205.500000,0.000000,200,240,270,300,370,450,530,610,730,830,830,52705,0,180.0,213.82868239212803,2.6946669968310744,2498.5553760052426,74.0
1790261745,50,POST,POST /webhooks/im/messages,201.000000,0.000000,200,240,290,320,400,480,610,660,860,860,860,52825,0,180.0,214.21451136134743,2.6946669968310744,2498.5553760052426,74.0
1790261745,50,,Aggregated,201.000000,0.000000,200,240,290,320,400,480,610,660,860,860,860,52825,0,180.0,214.21451136134743,2.6946669968310744,2498.5553760052426,74.0
1790261746,50,POST,POST /webhooks/im/messages,198.600000,0.000000,210,260,310,330,410,480,620,690,1500,1600,1600,52980,0,180.0,214.48263806346054,2.6946669968310744,2498.5553760052426,74.0
1790261746,50,,Aggregated,198.600000,0.000000,210,260,310,330,410,480,620,690,1500,1600,1600,52980,0,180.0,214.48263806346054,2.6946669968310744,2498.5553760052426,74.0
1790261747,50,POST,POST /webhooks/im/messages,190.200000,0.000000,210,280,320,350,420,490,620,690,1500,1600,1600,53144,0,180.0,214.8521740554007,2.6946669968310744,2498.5553760052426,74.0
1790261747,50,,Aggregated,190.200000,0.000000,210,280,320,350,420,490,620,690,1500,1600,1600,53144,0,180.0,214.8521740554007,2.6946669968310744,2498.5553760052426,74.0
1790261748,50,POST,POST /webhooks/im/messages,189.900000,0.000000,230,290,330,350,420,480,610,670,1500,1600,1600,53344,0,180.0,214.82084613042144,2.6946669968310744,2498.5553760052426,74.0
1790261748,50,,Aggregated,189.900000,0.000000,230,290,330,350,420,480,610,670,1500,1600,1600,53344,0,180.0,214.82084613042144,2.6946669968310744,2498.5553760052426,74.0
1790261749,50,POST,POST /webhooks/im/messages,179.600000,0.000000,240,300,340,360,440,500,630,710,1500,1600,1600,53485,0,180.0,215.1556206459032,2.6946669968310744,2498.5553760052426,74.0
1790261749,50,,Aggregated,179.600000,0.000000,240,300,340,360,440,500,630,710,1500,1600,1600,53485,0,180.0,215.1556206459032,2.6946669968310744,2498.5553760052426,74.0
1790261750,50,POST,POST /webhooks/im/messages,185.700000,0.000000,250,300,340,360,440,490,630,710,1500,1600,1600,53691,0,180.0,215.24485471941648,2.6946669968310744,2498.5553760052426,74.0
1790261750,50,,Aggregated,185.700000,0.000000,250,300,340,360,440,490,630,710,1500,1600,1600,53691,0,180.0,215.24485471941648,2.6946669968310744,2498.5553760052426,74.0
1790261751,50,POST,POST /webhooks/im/messages,173.100000,0.000000,250,300,340,360,440,490,630,710,1500,1600,1600,53928,0,180.0,215.07127441756487,2.6946669968310744,2498.5553760052426,74.0
1790261751,50,,Aggregated,173.100000,0.000000,250,300,340,360,440,490,630,710,1500,1600,1600,53928,0,180.0,215.07127441756487,2.6946669968310744,2498.5553760052426,74.0
1790261752,50,POST,POST /webhooks/im/messages,175.300000,0.000000,250,300,330,350,430,490,620,710,1500,1600,1600,54114,0,180.0,214.81276810411828,2.6946669968310744,2498.5553760052426,74.0
1790261752,50,,Aggregated,175.300000,0.000000,250,300,330,350,430,490,620,710,1500,1600,1600,54114,0,180.0,214.81276810411828,2.6946669968310744,2498.5553760052426,74.0
1790261753,50,POST,POST /webhooks/im/messages,174.400000,0.000000,240,300,330,350,420,480,620,710,1500,1600,1600,54316,0,180.0,214.90973333891048,2.6946669968310744,2498.5553760052426,74.0
1790261753,50,,Aggregated,174.400000,0.000000,240,300,330,350,420,480,620,710,1500,1600,1600,54316,0,180.0,214.90973333891048,2.6946669968310744,2498.5553760052426,74.0
1790261754,50,POST,POST /webhooks/im/messages,177.900000,0.000000,220,280,320,340,390,460,570,630,1500,1600,1600,54518,0,180.0,214.81017760450464,2.6946669968310744,2498.5553760052426,74.0
1790261754,50,,Aggregated,177.900000,0.000000,220,280,320,340,390,460,570,630,1500,1600,1600,54518,0,180.0,214.81017760450464,2.6946669968310744,2498.5553760052426,74.0
1790261755,50,POST,POST /webhooks/im/messages,174.900000,0.000000,220,280,320,340,400,480,580,670,960,970,970,54618,0,180.0,215.1462922403669,2.6946669968310744,2498.5553760052426,74.0
1790261755,50,,Aggregated,174.900000,0.000000,220,280,320,340,400,480,580,670,960,970,970,54618,0,180.0,215.1462922403669,2.6946669968310744,2498.5553760052426,74.0
1790261756,50,POST,POST /webhooks/im/messages,180.100000,0.000000,220,290,330,350,430,550,790,900,1500,1800,1800,54741,0,180.0,215.85058722192397,2.6946669968310744,2498.5553760052426,74.0
1790261756,50,,Aggregated,180.100000,0.000000,220,290,330,350,430,550,790,900,1500,1800,1800,54741,0,180.0,215.85058722192397,2.6946669968310744,2498.5553760052426,74.0
1790261757,50,POST,POST /webhooks/im/messages,180.600000,0.000000,210,270,310,340,400,530,780,900,1500,1800,1800,54993,0,180.0,215.56805954783957,2.6946669968310744,2498.5553760052426,74.0
1790261757,50,,Aggregated,180.600000,0.000000,210,270,310,340,400,530,780,900,1500,1800,1800,54993,0,180.0,215.56805954783957,2.6946669968310744,2498.5553760052426,74.0
1790261758,50,POST,POST /webhooks/im/messages,171.400000,0.000000,210,260,300,330,390,500,780,900,1500,1800,1800,55177,0,180.0,215.60387570658747,2.6946669968310744,2498.5553760052426,74.0
1790261758,50,,Aggregated,171.400000,0.000000,210,260,300,330,390,500,780,900,1500,1800,1800,55177,0,180.0,215.60387570658747,2.6946669968310744,2498.5553760052426,74.0
1790261759,50,POST,POST /webhooks/im/messages,178.800000,0.000000,190,240,280,300,380,490,760,870,1500,1800,1800,55389,0,180.0,215.42436382986153,2.6946669968310744,2498.5553760052426,74.0
1790261759,50,,Aggregated,178.800000,0.000000,190,240,280,300,380,490,760,870,1500,1800,1800,55389,0,180.0,215.42436382986153,2.6946669968310744,2498.5553760052426,74.0
1790261760,50,POST,POST /webhooks/im/messages,179.200000,0.000000,200,260,300,340,400,550,780,870,1500,1800,1800,55515,0,180.0,215.75944883857056,2.6946669968310744,2498.5553760052426,74.0
1790261760,50,,Aggregated,179.200000,0.000000,200,260,300,340,400,550,780,870,1500,1800,1800,55515,0,180.0,215.75944883857056,2.6946669968310744,2498.5553760052426,74.0
1790261761,50,POST,POST /webhooks/im/messages,187.200000,0.000000,220,290,350,370,490,600,810,900,1500,1800,1800,55620,0,180.0,216.19250160564994,2.6946669968310744,2498.5553760052426,74.0
1790261761,50,,Aggregated,187.200000,0.000000,220,290,350,370,490,600,810,900,1500,1800,1800,55620,0,180.0,216.19250160564994,2.6946669968310744,2498.5553760052426,74.0
